get metadata from header,parseDataReportFlag ok,parse metadata,infra.grpc.invoker,DeleteFieldValues <:REQ:>,<:staticStrategies:>,rego exec input:<:MAP:>,build <:*:> [trace.id=<:SEQ:> <:transactionID:> <:spanID:>,computeDeptMembersObjectIDs end,computeOwnObjectIDs end,getDept success,getBackupEmp success,no need or no have tags [trace.id=<:SEQ:> <:transactionID:> <:spanID:>,Depts only have yunzhanghu,funName=concurrentNoPaging run task end,getPermTagsAndValues success,curpkg+name: code.yunzhanghu.com/be/yid/server/grpc/v1/CheckDelay [trace.id=<:SEQ:> <:transactionID:> <:spanID:>,AuthListByName <:<:ChineseInfo:>:>,<:REQ:>,funName=DataCompose,parent node is not exist,no need or no have tags,computeAndCompare same,build <:*:>,build <:*:> <:*:> [trace.id=<:SEQ:> <:transactionID:> <:spanID:>,allNum=<:NUM:>,ClientEnvHandler is <:*:>,<:GIN:>,protection for <:*:> have compare <:NUM:>,no <:*:>,no page <:*:>,superiorAndDeputy empty,no page <:*:> [trace.id=<:SEQ:> <:transactionID:> <:spanID:>,<:ownDeptIDs:>,approve callback start,approve status error,svc.ApproveCallback failed,Response=<:MAP:>,message,loaded policy count:<:NUM:>,<:list modules:>,loadRegoMySQLInterval success,msg,<:deptLeaderManageDeptIDs:>,<:listManageOrgReq:>,<:query signature:>,[GetBaseInfoByEmpID] db ge<:updateFanweiEmployee failed:>,GetBaseInfoByEmpID failed,protection for <:*:> done,query ge<:updateFanweiEmployee failed:>,build <:*:> reply,GetSupervisorPosition success,no api page resources,check failed,protection.ComputeAndDiff failed,error occurred in <:NewAccessRequest:>,callback status error,sign switch is off [trace.id=<:SEQ:> <:transactionID:> <:spanID:>,<:YID:>,[GetAuthorizedDept] getAllDept success,dept inChargeSuperiors is empty,checkCheckPer<:updateFanweiEmployee failed:>,s.getAuthObject objects=[dealer id customer id],checkAndBuildListPermDataReq failed,ListFieldValues failed,p.svc.GetSingleYidSingleFieldPermDat<:updateFanweiEmployee failed:>,<:tagID:>,token check failed,timestamp
5143,5143,5143,5143,1816,90,248,210,90,90,192,192,90,180,0,90,0,38,1816,0,0,90,0,248,38,0,28,28,0,0,0,12,0,0,4,4,4,4,4,2,2,2,0,0,0,0,0,0,0,0,0,0,0,0,0,0,0,0,0,0,0,0,0,0,0,0,0,0,2023-11-08 15:50:00
5124,5124,5125,5124,1806,93,238,199,93,93,197,197,93,188,0,93,0,39,1806,0,0,93,0,238,39,0,26,26,0,0,0,9,0,0,2,2,2,2,2,2,2,2,0,0,0,0,0,0,0,0,0,0,0,0,0,0,0,0,0,0,0,0,0,0,0,0,0,0,2023-11-08 15:52:00
5044,5044,5043,5044,1788,95,227,197,95,95,177,177,95,176,0,95,0,30,1788,0,0,95,0,227,30,0,26,26,0,0,0,1,0,0,2,2,2,2,2,2,2,2,0,0,0,0,0,0,0,0,0,0,0,0,0,0,0,0,0,0,0,0,0,0,0,0,0,0,2023-11-08 15:54:00
784,784,784,784,267,9,93,48,9,9,29,29,9,23,0,9,0,45,267,0,0,9,0,93,45,0,26,26,0,0,0,6,0,0,2,2,2,2,2,2,2,2,0,0,0,0,0,0,0,0,0,0,0,0,0,0,0,0,0,0,0,0,0,0,0,0,0,0,2023-11-08 15:56:00
1690,1690,1716,1690,14,71,222,196,71,71,67,67,71,61,0,71,0,26,14,0,0,71,0,222,26,0,28,28,0,0,0,6,0,0,4,4,4,4,4,2,2,2,0,0,0,0,0,0,0,0,0,0,0,0,0,0,0,0,0,0,0,0,0,0,0,0,0,0,2023-11-08 15:58:00
1920,1920,1924,1920,14,82,234,198,82,82,87,87,82,79,0,81,0,36,14,0,0,82,0,234,36,0,26,26,0,0,0,8,0,0,2,2,2,2,2,2,2,2,0,0,0,0,0,0,0,0,0,0,0,0,0,0,0,0,0,0,0,0,0,0,0,0,0,0,2023-11-08 16:00:00
1941,1941,1936,1942,14,83,248,208,83,83,86,86,83,77,0,84,0,40,14,0,0,83,0,248,40,0,26,26,0,0,0,9,0,0,2,2,2,2,2,2,2,2,1,0,0,0,0,0,0,0,0,0,0,0,0,0,0,0,0,0,0,0,0,0,0,0,0,0,2023-11-08 16:02:00
1899,1899,1905,1899,14,90,240,212,90,90,79,79,90,72,0,90,0,28,14,0,0,90,0,240,28,0,26,26,0,0,0,7,0,0,2,2,2,2,2,2,2,2,4,0,0,0,0,0,0,0,0,0,0,0,0,0,0,0,0,0,0,0,0,0,0,0,0,0,2023-11-08 16:04:00
1911,1911,1907,1911,14,80,252,218,80,80,82,82,80,73,0,80,0,34,14,0,0,80,0,252,34,0,28,28,0,0,0,9,0,0,4,4,4,4,4,2,2,2,4,0,0,0,0,0,0,0,0,0,0,0,0,0,0,0,0,0,0,0,0,0,0,0,0,0,2023-11-08 16:06:00
1897,1897,1897,1897,14,77,488,450,77,77,79,79,77,73,0,77,0,38,14,0,0,77,0,488,38,0,264,264,0,0,0,6,0,0,2,2,2,121,2,2,2,2,0,0,0,357,0,0,0,0,0,0,0,0,0,0,0,0,0,0,0,0,0,0,0,0,0,0,2023-11-08 16:08:00
1953,1953,1953,1953,14,89,570,536,89,89,89,89,89,84,0,89,0,34,14,0,0,89,0,570,34,0,349,348,0,0,0,5,0,0,2,2,2,163,2,2,2,2,0,0,0,483,0,0,0,0,0,0,0,0,0,0,0,0,0,0,0,0,0,0,0,0,0,0,2023-11-08 16:10:00
1923,1923,1918,1923,14,74,574,538,74,74,96,96,74,88,0,74,0,36,14,0,0,74,0,574,36,0,353,354,0,0,0,8,0,0,2,2,2,166,2,2,2,2,0,0,0,492,0,0,0,0,0,0,0,0,0,0,0,0,0,0,0,0,0,0,0,0,0,0,2023-11-08 16:12:00
1932,1932,1940,1933,14,95,513,477,95,95,80,80,95,72,0,95,0,36,14,0,0,95,0,513,36,0,303,303,0,0,0,8,0,0,3,3,3,141,3,2,2,2,0,0,0,414,0,0,0,0,0,0,0,0,0,0,0,0,0,0,0,0,0,0,0,0,0,0,2023-11-08 16:14:00
1925,1925,1920,1925,14,77,446,414,77,77,85,85,77,81,0,77,0,32,14,0,0,77,0,446,32,0,234,234,0,0,0,4,0,0,2,1,2,106,2,2,2,2,0,0,0,312,0,0,0,0,0,0,0,0,0,0,1,0,0,0,0,0,0,0,0,0,0,0,2023-11-08 16:16:00
1878,1878,1879,1878,14,86,256,230,86,86,88,88,86,82,0,86,0,26,14,0,0,86,0,256,26,0,56,56,0,0,0,6,0,0,2,1,2,17,2,2,2,2,0,0,0,45,0,0,0,0,0,0,0,0,0,0,1,0,0,0,0,0,0,0,0,0,0,0,2023-11-08 16:18:00
77,77,51,77,0,1,120,29,1,1,12,12,1,1,0,1,0,91,0,0,0,1,0,120,40,0,29,29,0,0,0,11,0,0,4,4,4,5,5,2,2,2,0,0,0,0,0,0,0,0,51,0,0,0,0,0,0,1,0,0,0,0,0,0,0,0,0,0,2023-11-08 16:20:00
