parseDataReportFlag ok,infra.grpc.invoker,get metadata from header,parse metadata,DeleteFieldValues <:REQ:>,<:staticStrategies:>,rego exec input:<:MAP:>,computeDeptMembersObjectIDs end,computeOwnObjectIDs end,build <:*:> [trace.id=<:SEQ:> <:transactionID:> <:spanID:>,no need or no have tags [trace.id=<:SEQ:> <:transactionID:> <:spanID:>,getDept success,getBackupEmp success,Depts only have yunzhanghu,funName=concurrentNoPaging run task end,<:REQ:>,AuthListByName <:<:ChineseInfo:>:>,getPermTagsAndValues success,curpkg+name: code.yunzhanghu.com/be/yid/server/grpc/v1/CheckDelay [trace.id=<:SEQ:> <:transactionID:> <:spanID:>,funName=DataCompose,no need or no have tags,parent node is not exist,allNum=<:NUM:>,computeAndCompare same,build <:*:>,build <:*:> <:*:> [trace.id=<:SEQ:> <:transactionID:> <:spanID:>,ClientEnvHandler is <:*:>,<:GIN:>,protection for <:*:> have compare <:NUM:>,no page <:*:>,no page <:*:> [trace.id=<:SEQ:> <:transactionID:> <:spanID:>,no <:*:>,msg,Response=<:MAP:>,superiorAndDeputy empty,message,build <:*:> reply,<:ownDeptIDs:>,approve callback start,svc.ApproveCallback failed,approve status error,<:query signature:>,loaded policy count:<:NUM:>,loadRegoMySQLInterval success,<:list modules:>,query ge<:updateFanweiEmployee failed:>,not find dictionary type=<:NUM:>,Dao.GetSession,<:deptLeaderManageDeptIDs:>,<:listManageOrgReq:>,error occurred in <:NewAccessRequest:>,token check failed,protection for <:*:> done,GetSupervisorPosition success,[GetBaseInfoByEmpID] db ge<:updateFanweiEmployee failed:>,GetBaseInfoByEmpID failed,no api page resources,parent deptIDs=[<:SEQ:>],callback status error,sign switch is off [trace.id=<:SEQ:> <:transactionID:> <:spanID:>,<:YID:>,check failed,protection.ComputeAndDiff failed,<:*:> started successfully,ykmsyid <:*:> start kms,[GetAuthorizedDept] getAllDept success,dept inChargeSuperiors is empty,checkCheckPer<:updateFanweiEmployee failed:>,s.getAuthObject objects=[dealer id customer id],checkAndBuildListPermDataReq failed,ListFieldValues failed,p.svc.GetSingleYidSingleFieldPermDat<:updateFanweiEmployee failed:>,<:tagID:>,<:listReq:>,GrpcDataReportInterceptor parse methodSet: <:MAP:>,loadKdConfig success,len(deptYids)=<:NUM:>,len(allDeptMembers)=<:NUM:>,get other dutyCommittee backup employee success,AuthSessionVali<:updateFanweiEmployee failed:>,Dao.NewSession,Login(totp verify) success,"""userID"":""<:SEQ:>""",SendWeChatMarkdownMsg failed,Sending login weChat markdown messag<:updateFanweiEmployee failed:>,ok: true [trace.id=<:SEQ:> <:transactionID:> <:spanID:>,[GetAuthorizedEmp] getAllEmp success count=<:NUM:> [trace.id=<:SEQ:> <:transactionID:> <:spanID:>,version,ykms addr: ykms://yid@ykms:<:NUM:>,ykmsyid DefaultDEK.Error rpc error: code = Unknown desc = <:NUM:>-the kek(name:yid:<:id:>xx,captcha is using redis store,NewRedisStore use GoRediStore,Init noeq success,yos init success,ymsg init success,cuid init success,s.cfg.Prometheus.Interval=<:NUM:>,yid grpc ListFieldValues failed,timestamp
4894,4894,4894,4896,1733,88,204,88,88,199,88,169,169,169,0,1733,5,88,0,0,88,0,0,0,204,5,27,27,0,0,0,0,0,3,0,3,0,0,3,3,3,0,2,2,2,0,0,0,0,0,0,0,0,0,0,0,0,0,0,0,0,0,0,0,0,0,0,0,0,0,0,0,0,0,0,0,0,0,0,0,0,0,0,0,0,0,0,0,0,0,0,0,0,0,0,0,0,0,2023-11-20 14:10:00
4845,4845,4845,4842,1690,83,208,83,83,203,83,176,176,176,0,1690,5,83,0,0,83,0,0,0,208,5,26,26,0,0,0,0,46,2,0,2,0,0,2,2,2,0,2,2,2,0,0,0,0,0,0,0,0,0,0,0,0,0,0,0,0,0,0,0,0,0,0,0,0,0,0,0,0,0,0,0,0,0,0,0,0,0,0,0,0,0,0,0,0,0,0,0,0,0,0,0,0,0,2023-11-20 14:12:00
4854,4873,4854,4855,1697,85,208,85,85,204,85,184,184,184,0,1697,4,85,0,0,85,0,0,0,208,4,27,27,0,0,0,0,82,3,0,3,0,0,3,3,3,0,2,2,2,0,0,0,0,0,0,0,0,0,0,0,0,0,0,0,0,0,0,0,0,0,0,0,0,0,0,0,0,0,0,0,0,0,0,0,0,0,0,0,0,0,0,0,0,0,0,0,0,0,0,0,0,0,2023-11-20 14:14:00
4882,4882,4882,4881,1709,91,207,91,91,206,91,181,181,181,0,1709,1,91,0,0,91,0,0,0,207,1,29,29,0,0,0,0,0,5,0,5,0,0,5,5,5,0,2,2,2,0,0,0,0,0,0,0,0,0,0,0,0,0,0,0,0,0,0,0,0,0,0,0,0,0,0,0,0,0,0,0,0,0,0,0,0,0,0,0,0,0,0,0,0,0,0,0,0,0,0,0,0,0,2023-11-20 14:16:00
4865,4864,4865,4865,1716,89,206,89,89,204,89,171,171,171,0,1716,2,89,0,0,89,0,0,0,206,2,26,26,0,0,0,0,36,2,0,2,0,0,2,2,2,0,2,2,2,0,0,0,0,0,0,0,0,0,0,0,0,0,0,0,0,0,0,0,0,0,0,0,0,0,0,0,0,0,0,0,0,0,0,0,0,0,0,0,0,0,0,0,0,0,0,0,0,0,0,0,0,0,2023-11-20 14:18:00
4818,4837,4818,4820,1700,91,200,91,91,197,91,172,172,172,0,1700,3,91,0,0,91,0,0,0,200,3,27,27,0,0,0,0,34,3,0,3,0,0,3,3,2,0,2,2,2,0,0,0,0,0,0,0,0,0,0,0,0,0,1,0,0,0,0,0,0,0,0,0,0,0,0,0,0,0,0,0,0,0,0,0,0,0,0,0,0,0,0,0,0,0,0,0,0,0,0,0,0,0,2023-11-20 14:20:00
4834,4891,4834,4834,1696,88,215,87,87,209,87,175,175,175,0,1696,6,87,0,0,87,0,0,0,215,6,28,28,0,0,0,0,103,4,0,4,0,0,4,4,4,0,2,2,2,0,0,0,0,0,0,0,0,0,1,1,0,0,0,0,0,0,0,0,0,0,0,0,0,0,0,0,0,0,0,0,0,0,0,0,0,0,0,0,0,0,0,0,0,0,0,0,0,0,0,0,0,0,2023-11-20 14:22:00
4839,4839,4839,4837,1698,100,200,101,101,199,101,174,174,174,0,1698,1,101,0,0,101,0,0,0,200,1,27,27,0,0,0,0,47,3,0,3,0,0,3,3,2,0,2,2,2,0,0,0,0,0,0,0,0,0,0,0,0,0,1,0,0,0,0,0,0,0,0,0,0,0,0,0,0,0,0,0,0,0,0,0,0,0,0,0,0,0,0,0,0,0,0,0,0,0,0,0,0,0,2023-11-20 14:24:00
4854,4892,4854,4855,1690,94,210,93,93,207,93,178,178,178,0,1690,3,93,0,0,93,0,0,0,210,3,26,26,0,0,0,0,98,2,0,2,0,0,2,2,2,0,2,2,2,0,0,0,0,0,0,0,0,0,0,0,0,0,0,0,0,0,0,0,0,0,0,0,0,0,0,0,0,0,0,0,0,0,0,0,0,0,0,0,0,0,0,0,0,0,0,0,0,0,0,0,0,0,2023-11-20 14:26:00
4890,4890,4890,4891,1724,93,262,94,94,205,94,178,178,178,0,1724,57,94,0,0,94,0,0,0,262,6,28,28,0,0,0,0,62,4,0,4,51,0,3,3,3,0,2,2,2,0,0,0,0,0,0,0,0,0,0,0,0,0,0,1,0,0,0,0,0,0,0,0,0,0,0,0,0,0,0,0,0,0,0,0,0,0,0,0,0,0,0,0,0,0,0,0,0,0,0,0,0,0,2023-11-20 14:28:00
4886,4943,4886,4884,1701,100,209,100,100,209,100,190,190,189,0,1701,0,100,0,0,100,0,0,0,209,0,31,31,0,0,0,0,111,6,0,5,0,0,5,5,5,3,2,2,2,0,0,0,0,0,0,0,0,1,0,0,0,0,0,0,0,0,0,0,0,0,0,0,0,0,0,0,0,0,0,0,0,0,0,0,0,0,0,0,0,0,0,0,0,0,0,0,0,0,0,0,0,0,2023-11-20 14:30:00
4833,4852,4833,4835,1705,93,200,93,93,200,93,170,170,170,0,1705,0,93,0,0,93,0,0,0,200,0,26,26,0,0,0,0,105,2,0,2,0,0,2,2,2,0,2,2,2,0,0,0,0,0,0,0,0,0,0,0,0,0,0,0,0,0,0,0,0,0,0,0,0,0,0,0,0,0,0,0,0,0,0,0,0,0,0,0,0,0,0,0,0,0,0,0,0,0,0,0,0,0,2023-11-20 14:32:00
2639,2639,2639,2660,764,95,194,95,95,190,95,99,99,99,0,764,4,95,0,0,95,0,0,0,194,4,26,26,0,0,0,0,59,3,0,3,0,0,3,3,3,0,2,2,2,0,0,0,0,0,0,0,0,0,0,0,0,0,0,0,0,0,0,0,0,0,0,0,0,0,0,0,0,0,0,0,0,0,0,0,0,0,0,0,0,0,0,0,0,0,0,0,0,0,0,0,0,0,2023-11-20 14:34:00
926,926,926,934,0,88,207,88,88,204,88,42,42,42,0,0,3,88,0,0,88,0,0,0,207,3,26,26,0,0,0,0,45,2,0,2,0,0,2,2,2,0,2,2,2,0,0,0,0,0,0,0,0,0,0,0,0,0,0,0,0,0,0,0,0,0,0,0,0,0,0,0,0,0,0,0,0,0,0,0,0,0,0,0,0,0,0,0,0,0,0,0,0,0,0,0,0,0,2023-11-20 14:36:00
931,931,931,935,7,95,206,95,95,202,95,33,33,33,0,7,4,95,0,0,95,0,0,0,206,4,29,29,0,0,0,0,34,5,0,5,0,0,5,5,5,0,2,2,2,0,0,0,0,0,0,0,0,0,0,0,0,0,0,0,0,0,0,0,0,0,0,0,0,0,0,0,0,0,0,0,0,0,0,0,0,0,0,0,0,0,0,0,0,0,0,0,0,0,0,0,0,0,2023-11-20 14:38:00
917,955,917,911,0,90,210,90,90,204,90,61,61,61,0,0,6,90,0,0,90,0,0,0,210,6,27,27,0,0,0,0,100,3,0,3,0,0,3,3,3,0,2,2,2,0,0,0,0,0,0,0,0,0,0,0,0,0,0,0,0,0,0,0,0,0,0,0,0,0,0,0,0,0,0,0,0,0,0,0,0,0,0,0,0,0,0,0,0,0,0,0,0,0,0,0,0,0,2023-11-20 14:40:00
936,936,936,945,7,101,200,99,100,198,99,38,38,38,4,7,2,99,0,0,99,0,0,0,200,2,26,26,0,0,0,0,14,2,0,2,0,0,2,2,2,0,2,2,2,0,0,0,0,0,0,0,0,0,0,0,0,0,0,0,0,0,0,0,0,0,0,0,0,0,0,0,0,0,0,0,0,0,0,0,0,0,0,0,0,0,0,0,0,0,0,0,0,0,0,0,0,0,2023-11-20 14:42:00
888,926,888,885,0,94,200,94,94,197,94,40,40,40,0,0,3,94,0,0,94,0,0,0,200,3,27,27,0,0,0,0,82,3,0,3,0,0,3,3,2,0,2,2,2,0,0,0,0,0,0,0,0,0,0,0,0,0,1,0,0,0,0,0,0,0,0,0,0,0,0,0,0,0,0,0,0,0,0,0,0,0,0,0,0,0,0,0,0,0,0,0,0,0,0,0,0,0,2023-11-20 14:44:00
918,956,918,915,7,96,196,96,96,195,96,44,44,44,0,7,1,96,0,0,96,0,0,0,196,1,28,28,0,0,0,0,108,4,0,4,0,0,4,4,4,0,2,2,2,0,0,0,0,0,0,0,0,0,0,0,0,0,0,0,0,0,0,0,0,0,0,0,0,0,0,0,0,0,0,0,0,0,0,0,0,0,0,0,0,0,0,0,0,0,0,0,0,0,0,0,0,0,2023-11-20 14:46:00
923,923,923,933,7,82,210,82,82,206,82,45,45,45,0,7,4,82,0,0,82,0,0,0,210,4,27,27,0,0,0,0,0,3,0,3,0,0,3,3,2,0,2,2,2,0,0,0,0,0,0,0,0,0,0,0,0,0,1,0,0,0,0,0,0,0,0,0,0,0,0,0,0,0,0,0,0,0,0,0,0,0,0,0,0,0,0,0,0,0,0,0,0,0,0,0,0,0,2023-11-20 14:48:00
885,885,885,882,0,98,198,98,98,193,98,32,32,32,0,0,5,98,0,0,98,0,0,0,198,5,26,26,0,0,0,0,56,2,0,2,0,0,2,2,2,0,2,2,2,0,0,0,0,0,0,0,0,0,0,0,0,0,0,0,0,0,0,0,0,0,0,0,0,0,0,0,0,0,0,0,0,0,0,0,0,0,0,0,0,0,0,0,0,0,0,0,0,0,0,0,0,0,2023-11-20 14:50:00
933,933,933,928,7,87,202,87,87,192,87,43,43,42,0,7,10,87,0,0,87,0,0,0,202,10,27,27,0,0,0,0,78,3,1,3,0,0,3,3,3,0,2,2,2,0,0,0,0,0,0,0,0,0,0,0,0,0,0,0,0,0,0,0,0,0,0,0,0,0,0,0,0,0,0,0,0,0,0,0,0,0,0,0,0,0,0,0,0,0,0,0,0,0,0,0,0,0,2023-11-20 14:52:00
905,905,905,911,7,100,210,100,100,208,100,28,28,28,0,7,2,100,0,0,100,0,0,0,210,2,29,29,0,0,0,0,0,5,0,5,0,0,5,5,5,0,2,2,2,0,0,0,0,0,0,0,0,0,0,0,0,0,0,0,0,0,0,0,0,0,0,0,0,0,0,0,0,0,0,0,0,0,0,0,0,0,0,0,0,0,0,0,0,0,0,0,0,0,0,0,0,0,2023-11-20 14:54:00
946,1003,946,940,1,89,201,89,89,201,89,48,48,48,0,1,0,89,0,0,89,0,0,0,201,0,26,26,0,0,0,0,99,2,0,2,0,0,2,2,2,0,2,2,2,0,0,0,0,0,0,0,0,0,0,0,0,0,0,0,0,0,0,0,0,0,0,0,0,0,0,0,0,0,0,0,0,0,0,0,0,0,0,0,0,0,0,0,0,0,0,0,0,0,0,0,0,0,2023-11-20 14:56:00
955,993,955,954,7,91,211,91,91,207,91,39,39,39,0,7,4,91,0,0,91,0,0,0,211,4,27,27,0,0,0,0,198,3,0,3,0,0,3,3,3,0,2,2,2,0,0,0,0,0,0,0,0,0,0,0,0,0,0,0,0,0,0,0,0,0,0,0,0,0,0,0,0,0,0,0,0,0,0,0,0,0,0,0,0,0,0,0,0,0,0,0,0,0,0,0,0,0,2023-11-20 14:58:00
961,999,961,964,1,106,208,106,106,208,106,37,37,37,0,1,0,106,0,0,106,0,0,0,208,0,27,27,0,0,0,0,122,3,0,3,0,0,3,3,2,0,2,2,2,0,0,0,0,0,0,0,0,0,0,0,0,0,1,0,0,0,0,0,0,0,0,0,0,0,0,0,0,0,0,0,0,0,0,0,0,0,0,0,0,0,0,0,0,0,0,0,0,0,0,0,0,0,2023-11-20 15:00:00
918,937,918,917,13,84,209,84,84,199,84,38,38,38,0,13,10,84,0,0,84,0,0,0,209,10,28,28,0,0,0,0,131,4,0,4,0,0,4,4,4,0,2,2,2,0,0,0,0,0,0,0,0,0,0,0,0,0,0,0,0,0,0,0,0,0,0,0,0,0,0,0,0,0,0,0,0,0,0,0,0,0,0,0,0,0,0,0,0,0,0,0,0,0,0,0,0,0,2023-11-20 15:02:00
975,975,975,971,13,87,214,87,87,209,87,42,42,42,0,13,5,87,0,0,87,0,0,0,214,5,27,27,0,0,0,0,35,3,0,3,0,0,3,3,3,0,2,2,2,0,0,0,0,0,0,0,0,0,0,0,0,0,0,0,0,0,0,0,0,0,0,0,0,0,0,0,0,0,0,0,0,0,0,0,0,0,0,0,0,0,0,0,0,0,0,0,0,0,0,0,0,0,2023-11-20 15:04:00
934,934,934,942,7,102,208,102,102,207,102,40,40,40,0,7,1,102,0,0,102,0,0,0,208,1,26,26,0,0,0,0,37,2,0,2,0,0,2,2,2,0,2,2,2,0,0,0,0,0,0,0,0,0,0,0,0,0,0,0,0,0,0,0,0,0,0,0,0,0,0,0,0,0,0,0,0,0,0,0,0,0,0,0,0,0,0,0,0,0,0,0,0,0,0,0,0,0,2023-11-20 15:06:00
965,965,965,961,7,106,213,106,106,211,106,45,45,45,0,7,2,106,0,0,106,0,0,0,213,2,27,27,0,0,0,0,44,3,0,3,0,0,3,3,3,0,2,2,2,0,0,0,0,0,0,0,0,0,0,0,0,0,0,0,0,0,0,0,0,0,0,0,0,0,0,0,0,0,0,0,0,0,0,0,0,0,0,0,0,0,0,0,0,0,0,0,0,0,0,0,0,0,2023-11-20 15:08:00
968,1006,968,970,7,97,216,97,97,212,97,48,48,48,0,7,4,97,0,0,97,0,0,0,216,4,29,29,0,0,0,0,104,5,0,5,0,0,5,5,5,0,2,2,2,0,0,0,0,0,0,0,0,0,0,0,0,0,0,0,0,0,0,0,0,0,0,0,0,0,0,0,0,0,0,0,0,0,0,0,0,0,0,0,0,0,0,0,0,0,0,0,0,0,0,0,0,0,2023-11-20 15:10:00
972,991,972,974,7,93,216,93,93,211,93,42,42,42,0,7,5,93,0,0,93,0,0,0,216,5,26,26,0,0,0,0,57,2,0,2,0,0,2,2,2,0,2,2,2,0,0,0,0,0,0,0,0,0,0,0,0,0,0,0,0,0,0,0,0,0,0,0,0,0,0,0,0,0,0,0,0,0,0,0,0,0,0,0,0,0,0,0,0,0,0,0,0,0,0,0,0,0,2023-11-20 15:12:00
912,912,912,909,0,95,201,95,95,200,95,43,43,42,0,0,1,95,0,0,95,0,0,0,201,1,27,27,0,0,0,0,9,3,1,3,0,0,3,3,3,0,2,2,2,0,0,0,0,0,0,0,0,0,0,0,0,0,0,0,0,0,0,0,0,0,0,0,0,0,0,0,0,0,0,0,0,0,0,0,0,0,0,0,0,0,0,0,0,0,0,0,0,0,0,0,0,0,2023-11-20 15:14:00
944,944,944,940,7,92,209,92,92,207,92,46,46,46,0,7,2,92,0,0,92,0,0,0,209,2,29,29,0,0,0,0,54,5,0,5,0,0,5,5,5,0,2,2,2,0,0,0,0,0,0,0,0,0,0,0,0,0,0,0,0,0,0,0,0,0,0,0,0,0,0,0,0,0,0,0,0,0,0,0,0,0,0,0,0,0,0,0,0,0,0,0,0,0,0,0,0,0,2023-11-20 15:16:00
924,924,924,925,7,87,211,87,87,211,87,30,30,30,0,7,0,87,0,0,87,0,0,0,211,0,26,26,0,0,0,0,77,2,0,2,0,0,2,2,2,0,2,2,2,0,0,0,0,0,0,0,0,0,0,0,0,0,0,0,0,0,0,0,0,0,0,0,0,0,0,0,0,0,0,0,0,0,0,0,0,0,0,0,0,0,0,0,0,0,0,0,0,0,0,0,0,0,2023-11-20 15:18:00
942,942,942,945,7,82,202,82,82,199,82,50,50,50,0,7,3,82,0,0,82,0,0,0,202,3,26,26,0,0,0,0,34,2,0,2,0,0,2,2,2,0,2,2,2,0,0,0,0,0,0,0,0,0,0,0,0,0,0,0,0,0,0,0,0,0,0,0,0,0,0,0,0,0,0,0,0,0,0,0,0,0,0,0,0,0,0,0,0,0,0,0,0,0,0,0,0,0,2023-11-20 15:20:00
958,958,958,958,7,94,216,94,94,209,94,30,30,29,0,7,7,94,0,0,94,0,0,0,216,7,27,27,0,0,0,0,28,3,1,3,0,0,3,3,2,0,2,2,2,0,0,0,0,0,0,0,0,0,0,0,0,0,1,0,0,0,0,0,0,0,0,0,0,0,0,0,0,0,0,0,0,0,0,0,0,0,0,0,0,0,0,0,0,0,0,0,0,0,0,0,0,0,2023-11-20 15:22:00
952,952,952,951,7,92,214,92,92,210,92,53,53,52,0,7,4,92,0,0,92,0,0,0,214,4,29,29,0,0,0,0,35,5,0,5,0,0,5,5,4,0,2,2,2,0,0,0,0,0,0,0,0,1,0,0,0,0,1,0,0,0,0,0,0,0,0,0,0,0,0,0,0,0,0,0,0,0,0,0,0,0,0,0,0,0,0,0,0,0,0,0,0,0,0,0,0,0,2023-11-20 15:24:00
919,919,919,920,7,89,208,89,89,203,89,45,45,45,0,7,5,89,0,0,89,0,0,0,208,5,26,26,0,0,0,0,12,2,0,2,0,0,2,2,2,0,2,2,2,0,0,0,0,0,0,0,0,0,0,0,0,0,0,0,0,0,0,0,0,0,0,0,0,0,0,0,0,0,0,0,0,0,0,0,0,0,0,0,0,0,0,0,0,0,0,0,0,0,0,0,0,0,2023-11-20 15:26:00
967,986,967,963,0,91,262,91,91,204,91,56,56,56,0,0,58,91,0,0,91,0,0,0,262,7,28,28,0,0,0,0,13,4,0,4,51,0,3,3,3,0,2,2,2,0,0,0,0,0,0,0,0,0,0,0,0,0,0,1,0,0,0,0,0,0,0,0,0,0,0,0,0,0,0,0,0,0,0,0,0,0,0,0,0,0,0,0,0,0,0,0,0,0,0,0,0,0,2023-11-20 15:28:00
947,985,947,945,7,91,199,91,91,199,91,50,50,50,0,7,0,91,0,0,91,0,0,0,199,0,26,26,0,0,0,0,159,2,0,2,0,0,2,2,2,0,2,2,2,0,0,0,0,0,0,0,0,0,0,0,0,0,0,0,0,0,0,0,0,0,0,0,0,0,0,0,0,0,0,0,0,0,0,0,0,0,0,0,0,0,0,0,0,0,0,0,0,0,0,0,0,0,2023-11-20 15:30:00
925,982,925,924,0,90,205,90,90,204,90,49,49,49,0,0,1,90,0,0,90,0,0,0,205,1,29,29,0,0,0,0,74,5,0,5,0,0,5,5,5,0,2,2,2,0,0,0,0,0,0,0,0,0,0,0,0,0,0,0,0,0,0,0,0,0,0,0,0,0,0,0,0,0,0,0,0,0,0,0,0,0,0,0,0,0,0,0,0,0,0,0,0,0,0,0,0,0,2023-11-20 15:32:00
931,931,931,935,7,89,208,89,89,207,89,54,54,54,0,7,1,89,0,0,89,0,0,0,208,1,27,27,0,0,0,0,59,3,0,3,0,0,3,3,3,0,2,2,2,0,0,0,0,0,0,0,0,0,0,0,0,0,0,0,0,0,0,0,0,0,0,0,0,0,0,0,0,0,0,0,0,0,0,0,0,0,0,0,0,0,0,0,0,0,0,0,0,0,0,0,0,0,2023-11-20 15:34:00
909,928,909,913,0,88,203,88,88,197,88,37,37,37,0,0,6,88,0,0,88,0,0,0,203,6,26,26,0,0,0,0,85,2,0,2,0,0,2,2,2,0,2,2,2,0,0,0,0,0,0,0,0,0,0,0,0,0,0,0,0,0,0,0,0,0,0,0,0,0,0,0,0,0,0,0,0,0,0,0,0,0,0,0,0,0,0,0,0,0,0,0,0,0,0,0,0,0,2023-11-20 15:36:00
946,946,946,946,7,92,222,92,92,218,92,50,50,49,0,7,4,92,0,0,92,0,0,0,222,4,27,27,0,0,0,0,57,3,1,3,0,0,3,3,3,0,2,2,2,0,0,0,0,0,0,0,0,0,0,0,0,0,0,0,0,0,0,0,0,0,0,0,0,0,0,0,0,0,0,0,0,0,0,0,0,0,0,0,0,0,0,0,0,0,0,0,0,0,0,0,0,0,2023-11-20 15:38:00
966,966,966,970,0,98,219,98,98,217,98,42,42,42,0,0,2,98,0,0,98,0,0,0,219,2,29,29,0,0,0,0,98,5,0,5,0,0,5,5,5,0,2,2,2,0,0,0,0,0,0,0,0,0,0,0,0,0,0,0,0,0,0,0,0,0,0,0,0,0,0,0,0,0,0,0,0,0,0,0,0,0,0,0,0,0,0,0,0,0,0,0,0,0,0,0,0,0,2023-11-20 15:40:00
947,947,947,940,7,86,211,86,86,205,86,31,31,31,0,7,6,86,0,0,86,0,0,0,211,6,26,26,0,0,0,0,60,2,0,2,0,0,2,2,2,0,2,2,2,0,0,0,0,0,0,0,0,0,0,0,0,0,0,0,0,0,0,0,0,0,0,0,0,0,0,0,0,0,0,0,0,0,0,0,0,0,0,0,0,0,0,0,0,0,0,0,0,0,0,0,0,0,2023-11-20 15:42:00
909,909,909,912,7,87,208,87,87,201,87,40,40,39,0,7,7,87,0,0,87,0,0,0,208,7,26,26,0,0,0,0,20,3,1,3,0,0,3,3,2,0,2,2,2,0,0,0,0,0,0,0,0,0,0,0,0,0,1,0,0,0,0,0,0,0,0,0,0,0,0,0,0,0,0,0,0,0,0,0,0,0,0,0,0,0,0,0,0,0,0,0,0,0,0,0,0,0,2023-11-20 15:44:00
972,972,972,972,11,100,214,100,100,211,100,40,40,40,0,11,3,100,0,0,100,0,0,0,214,3,26,26,0,0,0,0,0,2,0,2,0,0,2,2,2,0,2,2,2,0,0,0,0,0,0,0,0,0,0,0,0,0,0,0,0,0,0,0,0,0,0,0,0,0,0,0,0,0,0,0,0,0,0,0,0,0,0,0,0,0,0,0,0,0,0,0,0,0,0,0,0,0,2023-11-20 15:46:00
938,938,938,932,7,92,201,92,92,197,92,46,46,46,0,7,4,92,0,0,92,0,0,0,201,4,29,29,0,0,0,0,4,5,0,5,0,0,5,5,4,0,2,2,2,0,0,0,0,0,0,0,0,0,0,0,0,0,1,0,0,0,0,0,0,0,0,0,0,0,0,0,0,0,0,0,0,0,0,0,0,0,0,0,0,0,0,0,0,0,0,0,0,0,0,0,0,0,2023-11-20 15:48:00
954,954,954,958,3,91,209,91,91,206,91,37,37,37,0,3,3,91,0,0,91,0,0,0,209,3,26,26,0,0,0,0,23,2,0,2,0,0,2,2,2,0,2,2,2,0,0,0,0,0,0,0,0,0,0,0,0,0,0,0,0,0,0,0,0,0,0,0,0,0,0,0,0,0,0,0,0,0,0,0,0,0,0,0,0,0,0,0,0,0,0,0,0,0,0,0,0,0,2023-11-20 15:50:00
935,935,935,941,5,94,212,94,94,206,94,34,34,34,0,5,6,94,0,0,94,0,0,0,212,6,27,27,0,0,0,0,61,3,0,3,0,0,3,3,3,0,2,2,2,0,0,0,0,0,0,0,0,0,0,0,0,0,0,0,0,0,0,0,0,0,0,0,0,0,0,0,0,0,0,0,0,0,0,0,0,0,0,0,0,0,0,0,0,0,0,0,0,0,0,0,0,0,2023-11-20 15:52:00
996,996,996,984,4,87,219,87,87,213,87,52,52,52,0,4,6,87,0,0,87,0,0,0,219,6,29,29,0,0,0,0,31,5,0,5,0,0,5,5,5,0,2,2,2,0,0,0,0,0,0,0,0,0,0,0,0,0,0,0,0,0,0,0,0,0,0,0,0,0,0,0,0,0,0,0,0,0,0,0,0,0,0,0,0,0,0,0,0,0,0,0,0,0,0,0,0,0,2023-11-20 15:54:00
945,945,945,946,9,95,212,95,95,209,95,44,44,43,0,9,3,95,0,0,95,0,0,0,212,3,26,26,0,0,0,0,46,2,1,2,0,0,2,2,2,0,2,2,2,0,0,0,0,0,0,0,0,0,0,0,0,0,0,0,0,0,0,0,0,0,0,0,0,0,0,0,0,0,0,0,0,0,0,0,0,0,0,0,0,0,0,0,0,0,0,0,0,0,0,0,0,0,2023-11-20 15:56:00
977,977,977,979,1,94,222,94,94,212,94,41,41,40,0,1,10,94,0,0,94,0,0,0,222,10,27,27,0,0,0,0,65,3,1,3,0,0,3,3,3,0,2,2,2,0,0,0,0,0,0,0,0,0,0,0,0,0,0,0,0,0,0,0,0,0,0,0,0,0,0,0,0,0,0,0,0,0,0,0,0,0,0,0,0,0,0,0,0,0,0,0,0,0,0,0,0,0,2023-11-20 15:58:00
932,932,932,936,6,95,196,95,95,195,95,39,39,39,0,6,1,95,0,0,95,0,0,0,196,1,26,26,0,0,0,0,75,2,0,2,0,0,2,2,2,0,2,2,2,0,0,0,0,0,0,0,0,0,0,0,0,0,0,0,0,0,0,0,0,0,0,0,0,0,0,0,0,0,0,0,0,0,0,0,0,0,0,0,0,0,0,0,0,0,0,0,0,0,0,0,0,0,2023-11-20 16:00:00
