parseDataReportFlag ok,infra.grpc.invoker,get metadata from header,parse metadata,DeleteFieldValues <:REQ:>,<:staticStrategies:>,rego exec input:<:MAP:>,computeDeptMembersObjectIDs end,computeOwnObjectIDs end,build <:*:> [trace.id=<:SEQ:> <:transactionID:> <:spanID:>,no need or no have tags [trace.id=<:SEQ:> <:transactionID:> <:spanID:>,getDept success,getBackupEmp success,Depts only have yunzhanghu,funName=concurrentNoPaging run task end,<:REQ:>,AuthListByName <:<:ChineseInfo:>:>,getPermTagsAndValues success,curpkg+name: code.yunzhanghu.com/be/yid/server/grpc/v1/CheckDelay [trace.id=<:SEQ:> <:transactionID:> <:spanID:>,funName=DataCompose,no need or no have tags,parent node is not exist,allNum=<:NUM:>,computeAndCompare same,build <:*:>,build <:*:> <:*:> [trace.id=<:SEQ:> <:transactionID:> <:spanID:>,ClientEnvHandler is <:*:>,<:GIN:>,protection for <:*:> have compare <:NUM:>,no page <:*:>,no page <:*:> [trace.id=<:SEQ:> <:transactionID:> <:spanID:>,no <:*:>,msg,Response=<:MAP:>,superiorAndDeputy empty,message,build <:*:> reply,<:ownDeptIDs:>,approve callback start,svc.ApproveCallback failed,approve status error,<:query signature:>,loaded policy count:<:NUM:>,loadRegoMySQLInterval success,<:list modules:>,query ge<:updateFanweiEmployee failed:>,not find dictionary type=<:NUM:>,Dao.GetSession,<:deptLeaderManageDeptIDs:>,<:listManageOrgReq:>,error occurred in <:NewAccessRequest:>,token check failed,protection for <:*:> done,GetSupervisorPosition success,[GetBaseInfoByEmpID] db ge<:updateFanweiEmployee failed:>,GetBaseInfoByEmpID failed,no api page resources,parent deptIDs=[<:SEQ:>],callback status error,sign switch is off [trace.id=<:SEQ:> <:transactionID:> <:spanID:>,<:YID:>,check failed,protection.ComputeAndDiff failed,<:*:> started successfully,ykmsyid <:*:> start kms,[GetAuthorizedDept] getAllDept success,dept inChargeSuperiors is empty,checkCheckPer<:updateFanweiEmployee failed:>,s.getAuthObject objects=[dealer id customer id],checkAndBuildListPermDataReq failed,ListFieldValues failed,p.svc.GetSingleYidSingleFieldPermDat<:updateFanweiEmployee failed:>,<:tagID:>,<:listReq:>,GrpcDataReportInterceptor parse methodSet: <:MAP:>,loadKdConfig success,len(deptYids)=<:NUM:>,len(allDeptMembers)=<:NUM:>,get other dutyCommittee backup employee success,AuthSessionVali<:updateFanweiEmployee failed:>,Dao.NewSession,Login(totp verify) success,"""userID"":""<:SEQ:>""",SendWeChatMarkdownMsg failed,Sending login weChat markdown messag<:updateFanweiEmployee failed:>,ok: true [trace.id=<:SEQ:> <:transactionID:> <:spanID:>,[GetAuthorizedEmp] getAllEmp success count=<:NUM:> [trace.id=<:SEQ:> <:transactionID:> <:spanID:>,version,ykms addr: ykms://yid@ykms:<:NUM:>,ykmsyid DefaultDEK.Error rpc error: code = Unknown desc = <:NUM:>-the kek(name:yid:<:id:>xx,captcha is using redis store,NewRedisStore use GoRediStore,Init noeq success,yos init success,ymsg init success,cuid init success,s.cfg.Prometheus.Interval=<:NUM:>,yid grpc ListFieldValues failed,timestamp
48,48,48,48,0,0,74,0,0,27,0,1,1,1,0,0,47,0,0,0,0,0,0,0,74,47,27,27,0,0,0,0,0,3,0,3,0,0,3,3,3,0,2,2,2,0,0,0,0,0,0,0,0,0,0,0,0,0,0,0,0,0,0,0,0,0,0,0,0,0,0,0,0,0,0,0,0,0,0,0,0,0,0,0,0,0,0,0,0,0,0,0,0,0,0,0,0,0,2023-11-21 10:10:00
34,34,34,34,0,0,58,0,0,26,0,1,1,0,0,0,32,0,0,0,0,0,0,0,58,32,26,26,0,0,0,0,0,2,1,2,0,0,2,2,2,0,2,2,2,0,0,0,0,0,0,0,0,0,1,1,0,0,0,0,0,0,0,0,0,0,0,0,0,0,0,0,0,0,0,0,0,0,0,0,0,0,0,0,0,0,0,0,0,0,0,0,0,0,0,0,0,0,2023-11-21 10:12:00
45,45,45,45,0,0,70,0,0,28,0,3,3,0,0,0,42,0,0,0,0,0,0,0,70,42,28,28,0,0,0,0,0,3,3,2,0,0,2,2,2,3,2,2,2,0,0,0,0,0,0,0,0,0,0,0,0,0,0,0,0,0,0,0,0,0,0,0,0,0,0,0,0,0,0,0,0,0,0,0,0,0,0,0,0,0,0,0,0,0,0,0,0,0,0,0,0,0,2023-11-21 10:14:00
43,43,43,43,0,0,70,0,0,29,0,1,1,0,0,0,41,0,0,0,0,0,0,0,70,41,29,29,0,0,0,0,14,5,1,5,0,0,5,5,5,0,2,2,2,0,0,0,0,0,0,0,0,0,1,1,0,0,0,0,0,0,0,0,0,0,0,0,0,0,0,0,0,0,0,0,0,0,0,0,0,0,0,0,0,0,0,0,0,0,0,0,0,0,0,0,0,0,2023-11-21 10:16:00
33,33,33,33,0,0,56,0,0,26,0,3,3,0,0,0,30,0,0,0,0,0,0,0,56,30,26,26,0,0,0,0,0,2,2,2,0,0,2,2,2,0,2,2,2,0,0,0,0,0,0,0,0,1,0,0,0,0,0,0,0,0,0,0,0,0,0,0,0,0,0,0,0,0,0,0,0,0,0,0,0,0,0,0,0,0,0,0,0,0,0,0,0,0,0,0,0,0,2023-11-21 10:18:00
33,33,33,33,0,0,58,0,0,27,0,2,2,0,0,0,31,0,0,0,0,0,0,0,58,31,27,27,0,0,0,0,3,3,2,3,0,0,3,3,2,0,2,2,2,0,0,0,0,0,0,0,0,0,0,0,0,0,1,0,0,0,0,0,0,0,0,0,0,0,0,0,0,0,0,0,0,0,0,0,0,0,0,0,0,0,0,0,0,0,0,0,0,0,0,0,0,0,2023-11-21 10:20:00
37,37,37,37,0,0,61,0,0,28,0,1,1,0,0,0,33,0,0,0,0,0,0,0,61,33,28,28,0,0,0,0,6,4,1,4,0,0,4,4,4,0,2,2,2,0,0,0,0,0,0,0,0,0,0,0,0,0,0,0,0,0,0,0,0,0,0,0,0,0,0,0,0,0,0,0,0,0,0,0,0,0,0,0,0,0,0,0,0,0,0,0,0,0,0,0,0,0,2023-11-21 10:22:00
41,41,41,41,0,0,64,0,0,26,0,1,1,0,0,0,38,0,0,0,0,0,0,0,64,38,26,26,0,0,0,0,6,2,1,2,0,0,2,2,2,0,2,2,2,0,0,0,0,0,0,0,0,0,2,2,0,0,0,0,0,0,0,0,0,0,0,0,0,0,0,0,0,0,0,0,0,0,0,0,0,0,0,0,0,0,0,0,0,0,0,0,0,0,0,0,0,0,2023-11-21 10:24:00
25,25,25,25,0,0,51,0,0,26,0,0,0,0,0,0,25,0,0,0,0,0,0,0,51,25,26,26,0,0,0,0,1,3,0,3,0,0,3,3,2,0,2,2,2,0,0,0,0,0,0,0,0,0,0,0,0,0,1,0,0,0,0,0,0,0,0,0,0,0,0,0,0,0,0,0,0,0,0,0,0,0,0,0,0,0,0,0,0,0,0,0,0,0,0,0,0,0,2023-11-21 10:26:00
34,34,34,34,0,0,58,0,0,26,0,2,2,0,0,0,32,0,0,0,0,0,0,0,58,32,26,26,0,0,0,0,0,2,2,2,0,0,2,2,2,0,2,2,2,0,0,0,0,0,0,0,0,0,0,0,0,0,0,0,0,0,0,0,0,0,0,0,0,0,0,0,0,0,0,0,0,0,0,0,0,0,0,0,0,0,0,0,0,0,0,0,0,0,0,0,0,0,2023-11-21 10:28:00
36,36,36,36,0,0,62,0,0,29,0,2,2,1,0,0,33,0,0,0,0,0,0,0,62,33,29,29,0,0,0,0,10,5,1,5,0,0,5,5,5,0,2,2,2,0,0,0,0,0,0,0,0,0,1,1,0,0,0,0,0,0,0,0,0,0,0,0,0,0,0,0,0,0,0,0,0,0,0,0,0,0,0,0,0,0,0,0,0,0,0,0,0,0,0,0,0,0,2023-11-21 10:30:00
29,29,29,29,0,0,49,0,0,26,0,6,6,1,0,0,23,0,0,0,0,0,0,0,49,23,26,26,0,0,0,0,6,2,4,2,0,0,2,2,2,0,2,2,2,0,0,0,0,0,0,0,0,1,0,0,0,0,0,0,0,0,0,0,0,0,0,0,0,0,0,0,0,0,0,0,0,0,0,0,0,0,0,0,0,0,0,0,0,0,0,0,0,0,0,0,0,0,2023-11-21 10:32:00
42,42,42,42,0,0,66,0,0,26,0,2,2,0,0,0,40,0,0,0,0,0,0,0,66,40,26,26,0,0,0,0,0,2,1,2,0,0,2,2,2,0,2,2,2,0,0,0,0,0,0,0,0,1,0,0,0,0,0,0,0,0,0,0,0,0,0,0,0,0,0,0,0,0,0,0,0,0,0,0,0,0,0,0,0,0,0,0,0,0,0,0,0,0,0,0,0,0,2023-11-21 10:34:00
43,50,43,43,0,0,66,0,0,27,0,3,3,1,0,0,39,0,0,0,0,0,0,0,66,39,27,27,0,0,0,0,0,3,2,3,0,0,3,3,3,0,2,2,2,0,0,0,0,0,0,0,0,0,1,1,0,0,0,0,0,0,0,0,0,0,0,0,0,0,0,0,0,0,0,0,0,0,0,0,0,0,0,0,0,0,0,0,0,0,0,0,0,0,0,0,0,0,2023-11-21 10:36:00
27,27,27,27,0,0,55,0,0,28,0,0,0,0,0,0,27,0,0,0,0,0,0,0,55,27,28,28,0,0,0,0,4,4,0,4,0,0,4,4,4,0,2,2,2,0,0,0,0,0,0,0,0,0,0,0,0,0,0,0,0,0,0,0,0,0,0,0,0,0,0,0,0,0,0,0,0,0,0,0,0,0,0,0,0,0,0,0,0,0,0,0,0,0,0,0,0,0,2023-11-21 10:38:00
30,30,30,30,0,0,55,0,0,27,0,2,2,0,0,0,28,0,0,0,0,0,0,0,55,28,27,27,0,0,0,0,0,3,2,3,0,0,3,3,3,0,2,2,2,0,0,0,0,0,0,0,0,0,0,0,0,0,0,0,0,0,0,0,0,0,0,0,0,0,0,0,0,0,0,0,0,0,0,0,0,0,0,0,0,0,0,0,0,0,0,0,0,0,0,0,0,0,2023-11-21 10:40:00
43,44,43,43,0,0,68,0,0,26,0,1,1,1,0,0,42,0,0,0,0,0,0,0,68,42,26,26,0,0,0,0,0,2,0,2,0,0,2,2,2,0,2,2,2,0,0,0,0,0,0,0,0,0,0,0,0,0,0,0,0,0,0,0,0,0,0,0,0,0,0,0,0,0,0,0,0,0,0,0,0,0,0,0,0,0,0,0,0,0,0,0,0,0,0,0,0,0,2023-11-21 10:42:00
38,38,38,38,0,0,64,0,0,28,0,2,2,0,0,0,36,0,0,0,0,0,0,0,64,36,28,28,0,0,0,0,0,4,2,4,0,0,4,4,4,0,2,2,2,0,0,0,0,0,0,0,0,0,0,0,0,0,0,0,0,0,0,0,0,0,0,0,0,0,0,0,0,0,0,0,0,0,0,0,0,0,0,0,0,0,0,0,0,0,0,0,0,0,0,0,0,0,2023-11-21 10:44:00
34,34,34,34,0,0,102,0,0,70,0,2,2,1,0,0,32,0,0,0,0,0,0,0,102,32,70,70,0,0,0,0,0,24,1,3,0,0,3,3,2,63,2,2,2,0,0,0,0,0,0,0,0,0,0,0,0,0,1,0,0,0,0,0,0,0,0,0,0,0,0,0,0,0,0,0,0,0,0,0,0,0,0,0,0,0,0,0,0,0,0,0,0,0,0,0,0,0,2023-11-21 10:46:00
30,30,30,30,0,0,279,0,0,252,0,3,3,0,0,0,27,0,0,0,0,0,0,0,279,27,252,252,0,0,0,0,0,115,1,2,0,0,2,2,2,339,2,2,2,0,0,0,0,0,0,0,0,2,0,0,0,0,0,0,0,0,0,0,0,0,0,0,0,0,0,0,0,0,0,0,0,0,0,0,0,0,0,0,0,0,0,0,0,0,0,0,0,0,0,0,0,0,2023-11-21 10:48:00
33,33,33,33,0,0,54,0,0,27,0,6,6,0,0,0,27,0,0,0,0,0,0,0,54,27,27,27,0,0,0,0,12,3,4,3,0,0,3,3,2,0,2,2,2,0,0,0,0,0,0,0,0,2,0,0,0,0,1,0,0,0,0,0,0,0,0,0,0,0,0,0,0,0,0,0,0,0,0,0,0,0,0,0,0,0,0,0,0,0,0,0,0,0,0,0,0,0,2023-11-21 10:50:00
60,60,60,60,0,0,207,0,0,151,0,4,4,0,0,0,56,0,0,0,0,0,0,0,207,56,151,151,0,0,0,0,6,65,2,2,0,0,2,2,2,189,2,2,2,0,0,0,0,0,0,0,0,2,0,0,0,0,0,0,0,0,0,0,0,0,0,0,0,0,0,0,0,0,0,0,0,0,0,0,0,0,0,0,0,0,0,0,0,0,0,0,0,0,0,0,0,0,2023-11-21 10:52:00
60,61,60,60,0,0,286,0,0,227,0,1,1,0,0,0,59,0,0,0,0,0,0,0,286,59,227,227,0,0,0,0,4,103,1,3,0,0,3,3,2,300,2,2,2,0,0,0,0,0,0,0,0,0,0,0,0,0,1,0,0,0,0,0,0,0,0,0,0,0,0,0,0,0,0,0,0,0,0,0,0,0,0,0,0,0,0,0,0,0,0,0,0,0,0,0,0,0,2023-11-21 10:54:00
50,50,50,50,0,0,73,0,0,26,0,3,3,2,0,0,47,0,0,0,0,0,0,0,73,47,26,26,0,0,0,0,0,2,0,2,0,0,2,2,2,0,2,2,2,0,0,0,0,0,0,0,0,1,0,0,0,0,0,0,0,0,0,0,0,0,0,0,0,0,0,0,0,0,0,0,0,0,0,0,0,0,0,0,0,0,0,0,0,0,0,0,0,0,0,0,0,0,2023-11-21 10:56:00
49,49,49,49,0,0,77,0,0,29,0,1,1,0,0,0,48,0,0,0,0,0,0,0,77,48,29,29,0,0,0,0,0,5,0,5,0,0,5,5,4,0,2,2,2,0,0,0,0,0,0,0,0,1,0,0,0,0,1,0,0,0,0,0,0,0,0,0,0,0,0,0,0,0,0,0,0,0,0,0,0,0,0,0,0,0,0,0,0,0,0,0,0,0,0,0,0,0,2023-11-21 10:58:00
48,48,48,48,0,0,70,0,0,26,0,4,4,0,0,0,44,0,0,0,0,0,0,0,70,44,26,26,0,0,0,0,0,2,4,2,0,0,2,2,2,0,2,2,2,0,0,0,0,0,0,0,0,0,0,0,0,0,0,0,0,0,0,0,0,0,0,0,0,0,0,0,0,0,0,0,0,0,0,0,0,0,0,0,0,0,0,0,0,0,0,0,0,0,0,0,0,0,2023-11-21 11:00:00
35,39,35,35,0,0,58,0,0,26,0,2,2,0,0,0,32,0,0,0,0,0,0,0,58,32,26,26,0,0,0,0,18,2,1,2,0,0,2,2,2,0,2,2,2,0,0,0,0,0,0,0,0,1,0,0,0,0,0,0,0,0,0,0,0,0,0,0,0,0,0,0,0,0,0,0,0,0,0,0,0,0,0,0,0,0,0,0,0,0,0,0,0,0,0,0,0,0,2023-11-21 11:02:00
57,57,57,57,0,0,181,0,0,29,0,5,5,0,0,0,152,0,0,0,0,0,0,0,181,152,29,29,0,0,0,0,0,5,5,5,0,0,5,5,5,0,2,2,2,0,0,0,0,0,0,0,0,0,0,0,0,0,0,0,0,0,0,0,0,0,0,0,0,0,0,0,0,0,0,0,0,0,0,0,0,0,0,0,0,0,0,0,0,0,0,0,0,0,0,0,0,0,2023-11-21 11:04:00
46,46,46,46,0,0,71,0,0,26,0,1,1,0,0,0,45,0,0,0,0,0,0,0,71,45,26,26,0,0,0,0,0,2,1,2,0,0,2,2,2,0,2,2,2,0,0,0,0,0,0,0,0,0,0,0,0,0,0,0,0,0,0,0,0,0,0,0,0,0,0,0,0,0,0,0,0,0,0,0,0,0,0,0,0,0,0,0,0,0,0,0,0,0,0,0,0,0,2023-11-21 11:06:00
49,49,49,49,0,0,74,0,0,27,0,2,2,0,0,0,47,0,0,0,0,0,0,0,74,47,27,27,0,0,0,0,0,3,2,3,0,0,3,3,3,0,2,2,2,0,0,0,0,0,0,0,0,0,0,0,0,0,0,0,0,0,0,0,0,0,0,0,0,0,0,0,0,0,0,0,0,0,0,0,0,0,0,0,0,0,0,0,0,0,0,0,0,0,0,0,0,0,2023-11-21 11:08:00
45,45,45,45,0,0,68,0,0,26,0,3,3,0,0,0,42,0,0,0,0,0,0,0,68,42,26,26,0,0,0,0,0,2,3,2,0,0,2,2,2,0,2,2,2,0,0,0,0,0,0,0,0,0,0,0,0,0,0,0,0,0,0,0,0,0,0,0,0,0,0,0,0,0,0,0,0,0,0,0,0,0,0,0,0,0,0,0,0,0,0,0,0,0,0,0,0,0,2023-11-21 11:10:00
59,59,59,59,0,0,132,0,0,30,0,3,3,0,0,0,102,0,0,0,0,0,0,0,132,51,30,30,0,0,0,0,0,6,2,6,51,0,5,5,5,0,2,2,2,0,0,0,0,0,0,0,0,1,0,0,0,0,0,1,0,0,0,0,0,0,0,0,0,0,0,0,0,0,0,0,0,0,0,0,0,0,0,0,0,0,0,0,0,0,0,0,0,0,0,0,0,0,2023-11-21 11:12:00
57,57,57,57,0,0,79,0,0,26,0,2,2,0,0,0,53,0,0,0,0,0,0,0,79,53,26,26,0,0,0,0,0,2,1,2,0,0,2,2,2,0,2,2,2,0,0,0,0,0,0,0,0,1,0,0,0,0,0,0,0,0,0,0,0,0,0,0,0,0,0,0,0,0,0,0,0,0,0,0,0,0,0,0,0,0,0,0,0,0,0,0,0,0,0,0,0,0,2023-11-21 11:14:00
39,39,39,39,0,0,64,0,0,26,0,1,1,0,0,0,38,0,0,0,0,0,0,0,64,38,26,26,0,0,0,0,0,2,1,2,0,0,2,2,2,0,2,2,2,0,0,0,0,0,0,0,0,0,0,0,0,0,0,0,0,0,0,0,0,0,0,0,0,0,0,0,0,0,0,0,0,0,0,0,0,0,0,0,0,0,0,0,0,0,0,0,0,0,0,0,0,0,2023-11-21 11:16:00
46,46,46,46,0,0,70,0,0,27,0,3,3,0,0,0,43,0,0,0,0,0,0,0,70,43,27,27,0,0,0,0,0,3,1,3,0,0,3,3,2,0,2,2,2,0,0,0,0,0,0,0,0,2,0,0,0,0,1,0,0,0,0,0,0,0,0,0,0,0,0,0,0,0,0,0,0,0,0,0,0,0,0,0,0,0,0,0,0,0,0,0,0,0,0,0,0,0,2023-11-21 11:18:00
49,49,49,49,0,0,74,0,0,28,0,3,3,1,0,0,46,0,0,0,0,0,0,0,74,46,28,28,0,0,0,0,0,4,2,4,0,0,4,4,4,0,2,2,2,0,0,0,0,0,0,0,0,0,0,0,0,0,0,0,0,0,0,0,0,0,0,0,0,0,0,0,0,0,0,0,0,0,0,0,0,0,0,0,0,0,0,0,0,0,0,0,0,0,0,0,0,0,2023-11-21 11:20:00
46,46,46,46,0,0,72,0,0,26,0,0,0,0,0,0,46,0,0,0,0,0,0,0,72,46,26,26,0,0,0,0,0,2,0,2,0,0,2,2,2,0,2,2,2,0,0,0,0,0,0,0,0,0,0,0,0,0,0,0,0,0,0,0,0,0,0,0,0,0,0,0,0,0,0,0,0,0,0,0,0,0,0,0,0,0,0,0,0,0,0,0,0,0,0,0,0,0,2023-11-21 11:22:00
55,55,55,55,0,0,80,0,0,27,0,2,2,0,0,0,53,0,0,0,0,0,0,0,80,53,27,27,0,0,0,0,0,3,2,3,0,0,3,3,2,0,2,2,2,0,0,0,0,0,0,0,0,0,0,0,0,0,1,0,0,0,0,0,0,0,0,0,0,0,0,0,0,0,0,0,0,0,0,0,0,0,0,0,0,0,0,0,0,0,0,0,0,0,0,0,0,0,2023-11-21 11:24:00
44,44,44,44,0,0,68,0,0,28,0,3,3,0,0,0,40,0,0,0,0,0,0,0,68,40,28,28,0,0,0,0,0,4,3,4,0,0,4,4,4,0,2,2,2,0,0,0,0,0,0,0,0,0,1,1,0,0,0,0,0,0,0,0,0,0,0,0,0,0,0,0,0,0,0,0,0,0,0,0,0,0,0,0,0,0,0,0,0,0,0,0,0,0,0,0,0,0,2023-11-21 11:26:00
62,62,62,62,0,0,84,0,0,27,0,4,4,0,0,0,57,0,0,0,0,0,0,0,84,57,27,27,0,0,0,0,4,3,4,3,0,0,3,3,3,0,2,2,2,0,0,0,0,0,0,0,0,0,0,0,0,0,0,0,0,0,0,0,0,0,0,0,0,0,0,0,0,0,0,0,0,0,0,0,0,0,0,0,0,0,0,0,0,0,0,0,0,0,0,0,0,0,2023-11-21 11:28:00
40,40,40,40,0,0,64,0,0,26,0,2,2,0,0,0,38,0,0,0,0,0,0,0,64,38,26,26,0,0,0,0,1,2,2,2,0,0,2,2,2,0,2,2,2,0,0,0,0,0,0,0,0,0,0,0,0,0,0,0,0,0,0,0,0,0,0,0,0,0,0,0,0,0,0,0,0,0,0,0,0,0,0,0,0,0,0,0,0,0,0,0,0,0,0,0,0,0,2023-11-21 11:30:00
43,43,43,43,0,0,69,0,0,26,0,0,0,0,0,0,43,0,0,0,0,0,0,0,69,43,26,26,0,0,0,0,0,2,0,2,0,0,2,2,2,0,2,2,2,0,0,0,0,0,0,0,0,0,0,0,0,0,0,0,0,0,0,0,0,0,0,0,0,0,0,0,0,0,0,0,0,0,0,0,0,0,0,0,0,0,0,0,0,0,0,0,0,0,0,0,0,0,2023-11-21 11:32:00
44,44,44,44,0,0,72,0,0,29,0,1,1,0,0,0,43,0,0,0,0,0,0,0,72,43,29,29,0,0,0,0,0,5,1,5,0,0,5,5,5,0,2,2,2,0,0,0,0,0,0,0,0,0,0,0,0,0,0,0,0,0,0,0,0,0,0,0,0,0,0,0,0,0,0,0,0,0,0,0,0,0,0,0,0,0,0,0,0,0,0,0,0,0,0,0,0,0,2023-11-21 11:34:00
50,50,50,50,0,0,71,0,0,26,0,5,5,1,0,0,45,0,0,0,0,0,0,0,71,45,26,26,0,0,0,0,2,2,2,2,0,0,2,2,2,0,2,2,2,0,0,0,0,0,0,0,0,2,0,0,0,0,0,0,0,0,0,0,0,0,0,0,0,0,0,0,0,0,0,0,0,0,0,0,0,0,0,0,0,0,0,0,0,0,0,0,0,0,0,0,0,0,2023-11-21 11:36:00
56,56,56,56,0,0,82,0,0,27,0,1,1,0,0,0,55,0,0,0,0,0,0,0,82,55,27,27,0,0,0,0,1,3,0,3,0,0,3,3,3,0,2,2,2,0,0,0,0,0,0,0,0,1,0,0,0,0,0,0,0,0,0,0,0,0,0,0,0,0,0,0,0,0,0,0,0,0,0,0,0,0,0,0,0,0,0,0,0,0,0,0,0,0,0,0,0,0,2023-11-21 11:38:00
55,55,55,55,0,0,73,0,0,26,0,5,5,0,0,0,47,0,0,0,0,0,0,0,73,47,26,26,0,0,0,0,0,2,4,2,0,0,2,2,2,0,2,2,2,0,0,0,0,0,0,0,0,1,0,0,0,0,0,0,0,0,0,0,0,0,0,0,0,0,0,0,0,0,0,0,0,0,0,0,0,0,0,0,0,0,0,0,0,0,0,0,0,0,0,0,0,0,2023-11-21 11:40:00
73,73,73,73,0,0,96,0,0,28,0,5,5,1,0,0,68,0,0,0,0,0,0,0,96,68,28,28,0,0,0,0,0,4,4,4,0,0,4,4,4,0,2,2,2,0,0,0,0,0,0,0,0,0,0,0,0,0,0,0,0,0,0,0,0,0,0,0,0,0,0,0,0,0,0,0,0,0,0,0,0,0,0,0,0,0,0,0,0,0,0,0,0,0,0,0,0,0,2023-11-21 11:42:00
57,57,57,57,0,0,80,0,0,27,0,4,4,2,0,0,53,0,0,0,0,0,0,0,80,53,27,27,0,0,0,0,0,3,2,3,0,0,3,3,2,0,2,2,2,0,0,0,0,0,0,0,0,0,0,0,0,0,1,0,0,0,0,0,0,0,0,0,0,0,0,0,0,0,0,0,0,0,0,0,0,0,0,0,0,0,0,0,0,0,0,0,0,0,0,0,0,0,2023-11-21 11:44:00
54,54,54,54,0,0,77,0,0,26,0,3,3,0,0,0,51,0,0,0,0,0,0,0,77,51,26,26,0,0,0,0,0,2,0,2,0,0,2,2,2,0,2,2,2,0,0,0,0,0,0,0,0,3,0,0,0,0,0,0,0,0,0,0,0,0,0,0,0,0,0,0,0,0,0,0,0,0,0,0,0,0,0,0,0,0,0,0,0,0,0,0,0,0,0,0,0,0,2023-11-21 11:46:00
44,44,44,44,0,0,70,0,0,29,0,2,2,0,0,0,41,0,0,0,0,0,0,0,70,41,29,29,0,0,0,0,0,5,2,5,0,0,5,5,4,0,2,2,2,0,0,0,0,0,0,0,0,0,0,0,0,0,1,0,0,0,0,0,0,0,0,0,0,0,0,0,0,0,0,0,0,0,0,0,0,0,0,0,0,0,0,0,0,0,0,0,0,0,0,0,0,0,2023-11-21 11:48:00
56,56,56,56,0,0,81,0,0,26,0,1,1,0,0,0,55,0,0,0,0,0,0,0,81,55,26,26,0,0,0,0,0,2,0,2,0,0,2,2,2,0,2,2,2,0,0,0,0,0,0,0,0,1,0,0,0,0,0,0,0,0,0,0,0,0,0,0,0,0,0,0,0,0,0,0,0,0,0,0,0,0,0,0,0,0,0,0,0,0,0,0,0,0,0,0,0,0,2023-11-21 11:50:00
47,47,47,47,0,0,72,0,0,28,0,3,3,1,0,0,44,0,0,0,0,0,0,0,72,44,28,28,0,0,0,0,0,3,2,2,0,0,2,2,2,3,2,2,2,0,0,0,0,0,0,0,0,0,0,0,0,0,0,0,0,0,0,0,0,0,0,0,0,0,0,0,0,0,0,0,0,0,0,0,0,0,0,0,0,0,0,0,0,0,0,0,0,0,0,0,0,0,2023-11-21 11:52:00
58,58,58,58,0,0,180,0,0,27,0,4,4,0,0,0,153,0,0,0,0,0,0,0,180,153,27,27,0,0,0,0,0,3,4,3,0,0,3,3,3,0,2,2,2,0,0,0,0,0,0,0,0,0,1,1,0,0,0,0,0,0,0,0,0,0,0,0,0,0,0,0,0,0,0,0,0,0,0,0,0,0,0,0,0,0,0,0,0,0,0,0,0,0,0,0,0,0,2023-11-21 11:54:00
53,53,53,53,0,0,80,0,0,28,0,1,1,0,0,0,52,0,0,0,0,0,0,0,80,52,28,28,0,0,0,0,0,4,1,4,0,0,4,4,4,0,2,2,2,0,0,0,0,0,0,0,0,0,0,0,0,0,0,0,0,0,0,0,0,0,0,0,0,0,0,0,0,0,0,0,0,0,0,0,0,0,0,0,0,0,0,0,0,0,0,0,0,0,0,0,0,0,2023-11-21 11:56:00
51,51,51,51,0,0,75,0,0,27,0,3,3,0,0,0,48,0,0,0,0,0,0,0,75,48,27,27,0,0,0,0,0,3,2,3,0,0,3,3,3,0,2,2,2,0,0,0,0,0,0,0,0,1,0,0,0,0,0,0,0,0,0,0,0,0,0,0,0,0,0,0,0,0,0,0,0,0,0,0,0,0,0,0,0,0,0,0,0,0,0,0,0,0,0,0,0,0,2023-11-21 11:58:00
49,49,49,49,0,0,173,0,0,26,0,2,2,1,0,0,147,0,0,0,0,0,0,0,173,147,26,26,0,0,0,0,1,2,1,2,0,0,2,2,2,0,2,2,2,0,0,0,0,0,0,0,0,0,0,0,0,0,0,0,0,0,0,0,0,0,0,0,0,0,0,0,0,0,0,0,0,0,0,0,0,0,0,0,0,0,0,0,0,0,0,0,0,0,0,0,0,0,2023-11-21 12:00:00
