csvname,anomaly_timestamp,Z_value_1,Z_value_2,Z_value_3,Z_value_4,Z_value_5,Z_value_6,Z_value_7,Z_value_8,Z_value_9,Z_value_10,Z_value_11,Z_value_12,Z_value_13,Z_value_14,Z_value_15,Z_value_16,Z_value_17,Z_value_18,Z_value_19,Z_value_20,Z_value_21,Z_value_22,Z_value_23,Z_value_24,Z_value_25,Z_value_26,Z_value_27,Z_value_28,Z_value_29,Z_value_30
ba7e4d879f5b61c48192f115c8423009,1703215200,4.0,5.0,4.0,4.0,3.0,4.0,6.0,1.0,4.0,1.0,2.0,6.0,1.0,3.0,2.0,2.0,6.0,1.0,3.0,4.0,2.0,1.0,4.0,2.0,5.0,4.0,3.0,2.0,7.0,1.0
ba7e4d879f5b61c48192f115c8423009,1703215680,4.0,5.0,4.0,4.0,3.0,4.0,6.0,1.0,4.0,1.0,2.0,2.0,6.0,1.0,2.0,3.0,6.0,1.0,3.0,4.0,2.0,1.0,4.0,2.0,5.0,4.0,3.0,2.0,7.0,1.0
ba7e4d879f5b61c48192f115c8423009,1703216520,5.0,4.0,4.0,3.0,4.0,6.0,1.0,4.0,1.0,2.0,2.0,6.0,1.0,3.0,2.0,1.0,6.0,1.0,3.0,4.0,2.0,4.0,2.0,5.0,4.0,3.0,2.0,7.0,1.0,1.0
ba7e4d879f5b61c48192f115c8423009,1703216640,5.0,4.0,4.0,3.0,4.0,6.0,1.0,4.0,1.0,2.0,2.0,6.0,1.0,3.0,2.0,4.0,6.0,1.0,3.0,4.0,2.0,1.0,2.0,5.0,4.0,3.0,2.0,7.0,1.0,1.0
ba7e4d879f5b61c48192f115c8423009,1703216760,5.0,4.0,4.0,3.0,4.0,6.0,1.0,4.0,1.0,2.0,2.0,6.0,1.0,3.0,2.0,2.0,6.0,1.0,3.0,4.0,2.0,1.0,4.0,5.0,4.0,3.0,2.0,7.0,1.0,1.0
ba7e4d879f5b61c48192f115c8423009,1703216880,5.0,4.0,4.0,3.0,4.0,6.0,1.0,4.0,1.0,2.0,2.0,6.0,1.0,3.0,2.0,5.0,6.0,1.0,3.0,4.0,2.0,1.0,4.0,2.0,4.0,3.0,2.0,7.0,1.0,1.0
ba7e4d879f5b61c48192f115c8423009,1703217000,5.0,4.0,4.0,3.0,4.0,6.0,1.0,4.0,1.0,2.0,2.0,6.0,1.0,3.0,2.0,4.0,6.0,1.0,3.0,4.0,2.0,1.0,4.0,2.0,5.0,3.0,2.0,7.0,1.0,1.0
ba7e4d879f5b61c48192f115c8423009,1703217120,5.0,4.0,4.0,3.0,4.0,6.0,1.0,4.0,1.0,2.0,2.0,6.0,1.0,3.0,2.0,3.0,6.0,1.0,3.0,4.0,2.0,1.0,4.0,2.0,5.0,4.0,2.0,7.0,1.0,1.0
ba7e4d879f5b61c48192f115c8423009,1703217240,5.0,4.0,4.0,3.0,4.0,6.0,1.0,4.0,1.0,2.0,2.0,6.0,1.0,3.0,2.0,2.0,6.0,1.0,3.0,4.0,2.0,1.0,4.0,2.0,5.0,4.0,3.0,7.0,1.0,1.0
ba7e4d879f5b61c48192f115c8423009,1703217360,5.0,4.0,4.0,3.0,4.0,6.0,1.0,4.0,1.0,2.0,2.0,6.0,1.0,3.0,2.0,7.0,6.0,1.0,3.0,4.0,2.0,1.0,4.0,2.0,5.0,4.0,3.0,2.0,1.0,1.0
ba7e4d879f5b61c48192f115c8423009,1703217480,5.0,4.0,4.0,3.0,4.0,6.0,1.0,4.0,1.0,2.0,2.0,6.0,1.0,3.0,2.0,1.0,6.0,1.0,3.0,4.0,2.0,1.0,4.0,2.0,5.0,4.0,3.0,2.0,7.0,1.0
ba7e4d879f5b61c48192f115c8423009,1703217600,5.0,4.0,4.0,3.0,4.0,6.0,1.0,4.0,1.0,2.0,2.0,6.0,1.0,3.0,2.0,1.0,6.0,1.0,3.0,4.0,2.0,1.0,4.0,2.0,5.0,4.0,3.0,2.0,7.0,1.0
001af3fb6b4d143bcf025ea210b71ead,1703214000,0.0,3.0,2.0,2.0,2.0,4.0,0.0,2.0,1.0,1.0,1.0,2.0,0.0,1.0,2.0,2.0,2.0,0.0,0.0,1.0,1.0,1.0,3.0,2.0,2.0,2.0,0.0,0.0,1.0,0.0
001af3fb6b4d143bcf025ea210b71ead,1703216760,0.0,3.0,2.0,2.0,2.0,4.0,0.0,2.0,1.0,1.0,1.0,2.0,0.0,1.0,2.0,2.0,2.0,0.0,0.0,1.0,1.0,1.0,3.0,2.0,2.0,0.0,0.0,1.0,0.0,1.0
001af3fb6b4d143bcf025ea210b71ead,1703216880,0.0,3.0,2.0,2.0,2.0,4.0,0.0,2.0,1.0,1.0,1.0,2.0,0.0,1.0,2.0,2.0,2.0,0.0,0.0,1.0,1.0,1.0,3.0,2.0,2.0,0.0,0.0,1.0,0.0,1.0
001af3fb6b4d143bcf025ea210b71ead,1703217000,0.0,3.0,2.0,2.0,2.0,4.0,0.0,2.0,1.0,1.0,1.0,2.0,0.0,1.0,2.0,2.0,2.0,0.0,0.0,1.0,1.0,1.0,3.0,2.0,2.0,0.0,0.0,1.0,0.0,1.0
001af3fb6b4d143bcf025ea210b71ead,1703217600,0.0,3.0,2.0,2.0,2.0,4.0,0.0,2.0,1.0,1.0,1.0,2.0,0.0,1.0,2.0,1.0,2.0,0.0,0.0,1.0,1.0,1.0,3.0,2.0,2.0,2.0,0.0,0.0,1.0,0.0
a907848786444e58de1b0b33066eeb4b,1703215320,1.0,1.0,0.7857142857142857,0.7857142857142857,1.0,0.7333333333333334,0.7333333333333334,0.7333333333333334,1.0,0.7333333333333334,0.7857142857142857,1.0,0.7333333333333334,0.7647058823529412,1.0,1.0,0.7333333333333334,0.7647058823529412,1.0,1.0,0.7857142857142857,0.7857142857142857,1.0,1.0,0.7333333333333333,0.7333333333333334,0.9166666666666666,0.7333333333333334,0.7857142857142857,1.0
a907848786444e58de1b0b33066eeb4b,1703215440,1.0,1.0,0.7857142857142857,0.7857142857142857,1.0,0.7333333333333334,0.7333333333333334,0.7333333333333334,1.0,0.7333333333333334,0.7857142857142857,1.0,0.7333333333333334,0.7647058823529412,1.0,1.0,0.7333333333333334,0.7647058823529412,1.0,1.0,0.7857142857142857,0.7857142857142857,1.0,1.0,0.7333333333333333,0.7333333333333334,0.9166666666666666,0.7333333333333334,0.7857142857142857,1.0
a907848786444e58de1b0b33066eeb4b,1703215800,1.0,1.0,0.7857142857142857,0.7857142857142857,1.0,0.7333333333333334,0.7333333333333334,0.7333333333333334,1.0,0.7333333333333334,0.7857142857142857,1.0,1.0,0.7333333333333334,0.7647058823529412,1.0,0.7333333333333334,0.7647058823529412,1.0,1.0,0.7857142857142857,0.7857142857142857,1.0,1.0,0.7333333333333333,0.7333333333333334,0.9166666666666666,0.7333333333333334,0.7857142857142857,1.0
a907848786444e58de1b0b33066eeb4b,1703216160,1.0,0.7857142857142857,0.7857142857142857,1.0,0.7333333333333334,0.7333333333333334,0.7333333333333334,1.0,0.7333333333333334,0.7857142857142857,1.0,1.0,0.7333333333333334,0.7647058823529412,1.0,1.0,0.7333333333333334,0.7647058823529412,1.0,0.7857142857142857,0.7857142857142857,1.0,1.0,0.7333333333333333,0.7333333333333334,0.9166666666666666,0.7333333333333334,0.7857142857142857,1.0,1.0
a907848786444e58de1b0b33066eeb4b,1703216280,1.0,0.7857142857142857,0.7857142857142857,1.0,0.7333333333333334,0.7333333333333334,0.7333333333333334,1.0,0.7333333333333334,0.7857142857142857,1.0,1.0,0.7333333333333334,0.7647058823529412,1.0,1.0,0.7333333333333334,0.7647058823529412,1.0,0.7857142857142857,0.7857142857142857,1.0,1.0,0.7333333333333333,0.7333333333333334,0.9166666666666666,0.7333333333333334,0.7857142857142857,1.0,1.0
a907848786444e58de1b0b33066eeb4b,1703216640,1.0,0.7857142857142857,0.7857142857142857,1.0,0.7333333333333334,0.7333333333333334,0.7333333333333334,1.0,0.7333333333333334,0.7857142857142857,1.0,1.0,0.7333333333333334,0.7647058823529412,1.0,1.0,0.7333333333333334,0.7647058823529412,1.0,1.0,0.7857142857142857,0.7857142857142857,1.0,0.7333333333333333,0.7333333333333334,0.9166666666666666,0.7333333333333334,0.7857142857142857,1.0,1.0
a907848786444e58de1b0b33066eeb4b,1703216760,1.0,0.7857142857142857,0.7857142857142857,1.0,0.7333333333333334,0.7333333333333334,0.7333333333333334,1.0,0.7333333333333334,0.7857142857142857,1.0,1.0,0.7333333333333334,0.7647058823529412,1.0,1.0,0.7333333333333334,0.7647058823529412,1.0,1.0,0.7857142857142857,0.7857142857142857,1.0,0.7333333333333333,0.7333333333333334,0.9166666666666666,0.7333333333333334,0.7857142857142857,1.0,1.0
a907848786444e58de1b0b33066eeb4b,1703217480,1.0,0.7857142857142857,0.7857142857142857,1.0,0.7333333333333334,0.7333333333333334,0.7333333333333334,1.0,0.7333333333333334,0.7857142857142857,1.0,1.0,0.7333333333333334,0.7647058823529412,1.0,1.0,0.7333333333333334,0.7647058823529412,1.0,1.0,0.7857142857142857,0.7857142857142857,1.0,1.0,0.7333333333333333,0.7333333333333334,0.9166666666666666,0.7333333333333334,0.7857142857142857,1.0
a907848786444e58de1b0b33066eeb4b,1703217600,1.0,0.7857142857142857,0.7857142857142857,1.0,0.7333333333333334,0.7333333333333334,0.7333333333333334,1.0,0.7333333333333334,0.7857142857142857,1.0,1.0,0.7333333333333334,0.7647058823529412,1.0,1.0,0.7333333333333334,0.7647058823529412,1.0,1.0,0.7857142857142857,0.7857142857142857,1.0,1.0,0.7333333333333333,0.7333333333333334,0.9166666666666666,0.7333333333333334,0.7857142857142857,1.0
f8897351dc9e1161240d12b88ea42cda,1703214960,1.0,0.0,1.0,0.0,0.0,0.0,0.0,0.0,0.0,1.0,0.0,0.0,0.0,0.0,1.0,1.0,0.0,0.0,1.0,0.0,0.0,0.0,0.0,1.0,0.0,0.0,1.0,0.0,0.0,0.0
f8897351dc9e1161240d12b88ea42cda,1703215200,1.0,0.0,1.0,0.0,0.0,0.0,0.0,0.0,1.0,0.0,0.0,0.0,0.0,0.0,1.0,1.0,0.0,0.0,1.0,0.0,0.0,0.0,0.0,1.0,0.0,0.0,1.0,0.0,0.0,0.0
f8897351dc9e1161240d12b88ea42cda,1703215800,1.0,0.0,1.0,0.0,0.0,0.0,0.0,0.0,1.0,0.0,1.0,0.0,0.0,0.0,0.0,1.0,0.0,0.0,1.0,0.0,0.0,0.0,0.0,1.0,0.0,0.0,1.0,0.0,0.0,0.0
f8897351dc9e1161240d12b88ea42cda,1703216160,0.0,1.0,0.0,0.0,0.0,0.0,0.0,1.0,0.0,1.0,0.0,0.0,0.0,0.0,1.0,1.0,0.0,0.0,0.0,0.0,0.0,0.0,1.0,0.0,0.0,1.0,0.0,0.0,0.0,0.0
f8897351dc9e1161240d12b88ea42cda,1703216760,0.0,1.0,0.0,0.0,0.0,0.0,0.0,1.0,0.0,1.0,0.0,0.0,0.0,0.0,1.0,1.0,0.0,0.0,1.0,0.0,0.0,0.0,0.0,0.0,0.0,1.0,0.0,0.0,0.0,0.0
f8897351dc9e1161240d12b88ea42cda,1703217120,0.0,1.0,0.0,0.0,0.0,0.0,0.0,1.0,0.0,1.0,0.0,0.0,0.0,0.0,1.0,1.0,0.0,0.0,1.0,0.0,0.0,0.0,0.0,1.0,0.0,0.0,0.0,0.0,0.0,0.0
f6cff71f7e921d382b6f5d810540d935,1703214000,0.2,0.2,0.1999963637024781,0.2000036364297533,0.1999890915040998,0.1999927275371804,0.2,0.2000036364297533,0.1999454694174316,0.2000072729917451,0.2000145465124737,0.2,0.2000145465124736,0.2,0.2,0.2,0.2000254577855363,0.2,0.2,0.2000109096859828,0.2000036364297533,0.2000109096859828,0.2000072729917451,0.2000036364297533,0.1999963637024781,0.2,0.2000036364297533,0.2000036364297533,0.2000036364297533,0.2000036364297533
f6cff71f7e921d382b6f5d810540d935,1703216640,0.2,0.2,0.1999963637024781,0.2000036364297533,0.1999890915040998,0.1999927275371804,0.2,0.2000036364297533,0.1999454694174316,0.2000072729917451,0.2000145465124737,0.2,0.2000145465124736,0.2,0.2,0.2000072729917451,0.2000254577855363,0.2,0.2,0.2000109096859828,0.2000036364297533,0.2000109096859828,0.2000036364297533,0.1999963637024781,0.2,0.2000036364297533,0.2000036364297533,0.2000036364297533,0.2000036364297533,0.1999963637024781
f6cff71f7e921d382b6f5d810540d935,1703216760,0.2,0.2,0.1999963637024781,0.2000036364297533,0.1999890915040998,0.1999927275371804,0.2,0.2000036364297533,0.1999454694174316,0.2000072729917451,0.2000145465124737,0.2,0.2000145465124736,0.2,0.2,0.2000036364297533,0.2000254577855363,0.2,0.2,0.2000109096859828,0.2000036364297533,0.2000109096859828,0.2000072729917451,0.1999963637024781,0.2,0.2000036364297533,0.2000036364297533,0.2000036364297533,0.2000036364297533,0.1999963637024781
f6cff71f7e921d382b6f5d810540d935,1703216880,0.2,0.2,0.1999963637024781,0.2000036364297533,0.1999890915040998,0.1999927275371804,0.2,0.2000036364297533,0.1999454694174316,0.2000072729917451,0.2000145465124737,0.2,0.2000145465124736,0.2,0.2,0.1999963637024781,0.2000254577855363,0.2,0.2,0.2000109096859828,0.2000036364297533,0.2000109096859828,0.2000072729917451,0.2000036364297533,0.2,0.2000036364297533,0.2000036364297533,0.2000036364297533,0.2000036364297533,0.1999963637024781
f6cff71f7e921d382b6f5d810540d935,1703217000,0.2,0.2,0.1999963637024781,0.2000036364297533,0.1999890915040998,0.1999927275371804,0.2,0.2000036364297533,0.1999454694174316,0.2000072729917451,0.2000145465124737,0.2,0.2000145465124736,0.2,0.2,0.2,0.2000254577855363,0.2,0.2,0.2000109096859828,0.2000036364297533,0.2000109096859828,0.2000072729917451,0.2000036364297533,0.1999963637024781,0.2000036364297533,0.2000036364297533,0.2000036364297533,0.2000036364297533,0.1999963637024781
f6cff71f7e921d382b6f5d810540d935,1703217120,0.2,0.2,0.1999963637024781,0.2000036364297533,0.1999890915040998,0.1999927275371804,0.2,0.2000036364297533,0.1999454694174316,0.2000072729917451,0.2000145465124737,0.2,0.2000145465124736,0.2,0.2,0.2000036364297533,0.2000254577855363,0.2,0.2,0.2000109096859828,0.2000036364297533,0.2000109096859828,0.2000072729917451,0.2000036364297533,0.1999963637024781,0.2,0.2000036364297533,0.2000036364297533,0.2000036364297533,0.1999963637024781
f6cff71f7e921d382b6f5d810540d935,1703217240,0.2,0.2,0.1999963637024781,0.2000036364297533,0.1999890915040998,0.1999927275371804,0.2,0.2000036364297533,0.1999454694174316,0.2000072729917451,0.2000145465124737,0.2,0.2000145465124736,0.2,0.2,0.2000036364297533,0.2000254577855363,0.2,0.2,0.2000109096859828,0.2000036364297533,0.2000109096859828,0.2000072729917451,0.2000036364297533,0.1999963637024781,0.2,0.2000036364297533,0.2000036364297533,0.2000036364297533,0.1999963637024781
f6cff71f7e921d382b6f5d810540d935,1703217360,0.2,0.2,0.1999963637024781,0.2000036364297533,0.1999890915040998,0.1999927275371804,0.2,0.2000036364297533,0.1999454694174316,0.2000072729917451,0.2000145465124737,0.2,0.2000145465124736,0.2,0.2,0.2000036364297533,0.2000254577855363,0.2,0.2,0.2000109096859828,0.2000036364297533,0.2000109096859828,0.2000072729917451,0.2000036364297533,0.1999963637024781,0.2,0.2000036364297533,0.2000036364297533,0.2000036364297533,0.1999963637024781
f6cff71f7e921d382b6f5d810540d935,1703217480,0.2,0.2,0.1999963637024781,0.2000036364297533,0.1999890915040998,0.1999927275371804,0.2,0.2000036364297533,0.1999454694174316,0.2000072729917451,0.2000145465124737,0.2,0.2000145465124736,0.2,0.2,0.2000036364297533,0.2000254577855363,0.2,0.2,0.2000109096859828,0.2000036364297533,0.2000109096859828,0.2000072729917451,0.2000036364297533,0.1999963637024781,0.2,0.2000036364297533,0.2000036364297533,0.2000036364297533,0.1999963637024781
f6cff71f7e921d382b6f5d810540d935,1703217600,0.2,0.2,0.1999963637024781,0.2000036364297533,0.1999890915040998,0.1999927275371804,0.2,0.2000036364297533,0.1999454694174316,0.2000072729917451,0.2000145465124737,0.2,0.2000145465124736,0.2,0.2,0.1999963637024781,0.2000254577855363,0.2,0.2,0.2000109096859828,0.2000036364297533,0.2000109096859828,0.2000072729917451,0.2000036364297533,0.1999963637024781,0.2,0.2000036364297533,0.2000036364297533,0.2000036364297533,0.2000036364297533
aedcea2b95e6a07cb77a9a0da350ab7f,1703214120,2.0,2.0,2.0,3.0,2.0,3.0,2.0,2.0,3.0,2.0,3.0,2.0,2.0,3.0,2.0,3.0,2.0,3.0,2.0,3.0,2.0,2.0,3.0,2.0,3.0,2.0,2.0,3.0,2.0,3.0
aedcea2b95e6a07cb77a9a0da350ab7f,1703214480,2.0,3.0,2.0,2.0,2.0,3.0,2.0,2.0,3.0,2.0,3.0,2.0,2.0,3.0,2.0,3.0,2.0,3.0,2.0,3.0,2.0,2.0,3.0,2.0,3.0,2.0,2.0,3.0,2.0,3.0
aedcea2b95e6a07cb77a9a0da350ab7f,1703214720,2.0,3.0,2.0,2.0,3.0,2.0,2.0,2.0,3.0,2.0,3.0,2.0,2.0,3.0,2.0,3.0,2.0,3.0,2.0,3.0,2.0,2.0,3.0,2.0,3.0,2.0,2.0,3.0,2.0,3.0
aedcea2b95e6a07cb77a9a0da350ab7f,1703215080,2.0,3.0,2.0,2.0,3.0,2.0,3.0,2.0,2.0,2.0,3.0,2.0,2.0,3.0,2.0,3.0,2.0,3.0,2.0,3.0,2.0,2.0,3.0,2.0,3.0,2.0,2.0,3.0,2.0,3.0
aedcea2b95e6a07cb77a9a0da350ab7f,1703215320,2.0,3.0,2.0,2.0,3.0,2.0,3.0,2.0,2.0,3.0,2.0,2.0,2.0,3.0,2.0,3.0,2.0,3.0,2.0,3.0,2.0,2.0,3.0,2.0,3.0,2.0,2.0,3.0,2.0,3.0
aedcea2b95e6a07cb77a9a0da350ab7f,1703215680,2.0,3.0,2.0,2.0,3.0,2.0,3.0,2.0,2.0,3.0,2.0,3.0,2.0,2.0,2.0,3.0,2.0,3.0,2.0,3.0,2.0,2.0,3.0,2.0,3.0,2.0,2.0,3.0,2.0,3.0
aedcea2b95e6a07cb77a9a0da350ab7f,1703215800,2.0,3.0,2.0,2.0,3.0,2.0,3.0,2.0,2.0,3.0,2.0,3.0,2.0,2.0,3.0,2.0,2.0,3.0,2.0,3.0,2.0,2.0,3.0,2.0,3.0,2.0,2.0,3.0,2.0,3.0
aedcea2b95e6a07cb77a9a0da350ab7f,1703215920,3.0,2.0,2.0,3.0,2.0,3.0,2.0,2.0,3.0,2.0,3.0,2.0,2.0,3.0,2.0,2.0,3.0,2.0,3.0,2.0,2.0,3.0,2.0,3.0,2.0,2.0,3.0,2.0,3.0,2.0
aedcea2b95e6a07cb77a9a0da350ab7f,1703216040,3.0,2.0,2.0,3.0,2.0,3.0,2.0,2.0,3.0,2.0,3.0,2.0,2.0,3.0,2.0,3.0,2.0,2.0,3.0,2.0,2.0,3.0,2.0,3.0,2.0,2.0,3.0,2.0,3.0,2.0
aedcea2b95e6a07cb77a9a0da350ab7f,1703216160,3.0,2.0,2.0,3.0,2.0,3.0,2.0,2.0,3.0,2.0,3.0,2.0,2.0,3.0,2.0,2.0,2.0,3.0,3.0,2.0,2.0,3.0,2.0,3.0,2.0,2.0,3.0,2.0,3.0,2.0
aedcea2b95e6a07cb77a9a0da350ab7f,1703216280,3.0,2.0,2.0,3.0,2.0,3.0,2.0,2.0,3.0,2.0,3.0,2.0,2.0,3.0,2.0,3.0,2.0,3.0,2.0,2.0,2.0,3.0,2.0,3.0,2.0,2.0,3.0,2.0,3.0,2.0
aedcea2b95e6a07cb77a9a0da350ab7f,1703216400,3.0,2.0,2.0,3.0,2.0,3.0,2.0,2.0,3.0,2.0,3.0,2.0,2.0,3.0,2.0,2.0,2.0,3.0,2.0,3.0,2.0,3.0,2.0,3.0,2.0,2.0,3.0,2.0,3.0,2.0
aedcea2b95e6a07cb77a9a0da350ab7f,1703216520,3.0,2.0,2.0,3.0,2.0,3.0,2.0,2.0,3.0,2.0,3.0,2.0,2.0,3.0,2.0,2.0,2.0,3.0,2.0,3.0,2.0,3.0,2.0,3.0,2.0,2.0,3.0,2.0,3.0,2.0
aedcea2b95e6a07cb77a9a0da350ab7f,1703216640,3.0,2.0,2.0,3.0,2.0,3.0,2.0,2.0,3.0,2.0,3.0,2.0,2.0,3.0,2.0,3.0,2.0,3.0,2.0,3.0,2.0,2.0,2.0,3.0,2.0,2.0,3.0,2.0,3.0,2.0
aedcea2b95e6a07cb77a9a0da350ab7f,1703216760,3.0,2.0,2.0,3.0,2.0,3.0,2.0,2.0,3.0,2.0,3.0,2.0,2.0,3.0,2.0,2.0,2.0,3.0,2.0,3.0,2.0,2.0,3.0,3.0,2.0,2.0,3.0,2.0,3.0,2.0
aedcea2b95e6a07cb77a9a0da350ab7f,1703216880,3.0,2.0,2.0,3.0,2.0,3.0,2.0,2.0,3.0,2.0,3.0,2.0,2.0,3.0,2.0,3.0,2.0,3.0,2.0,3.0,2.0,2.0,3.0,2.0,2.0,2.0,3.0,2.0,3.0,2.0
aedcea2b95e6a07cb77a9a0da350ab7f,1703217240,3.0,2.0,2.0,3.0,2.0,3.0,2.0,2.0,3.0,2.0,3.0,2.0,2.0,3.0,2.0,3.0,2.0,3.0,2.0,3.0,2.0,2.0,3.0,2.0,3.0,2.0,2.0,2.0,3.0,2.0
aedcea2b95e6a07cb77a9a0da350ab7f,1703217480,3.0,2.0,2.0,3.0,2.0,3.0,2.0,2.0,3.0,2.0,3.0,2.0,2.0,3.0,2.0,3.0,2.0,3.0,2.0,3.0,2.0,2.0,3.0,2.0,3.0,2.0,2.0,3.0,2.0,2.0
6e2baaf3b97dbeef01c0043275f9a0e7,1703214240,0.0,1.0,5.0,1.0,0.0,11.0,4.0,0.0,1.0,0.0,12.0,0.0,0.0,1.0,0.0,4.0,10.0,9.0,1.0,14.0,0.0,4.0,1.0,0.0,5.0,0.0,9.0,2.0,2.0,3.0
6e2baaf3b97dbeef01c0043275f9a0e7,1703214360,0.0,1.0,4.0,1.0,0.0,11.0,4.0,0.0,1.0,0.0,12.0,0.0,0.0,1.0,0.0,5.0,10.0,9.0,1.0,14.0,0.0,4.0,1.0,0.0,5.0,0.0,9.0,2.0,2.0,3.0
6e2baaf3b97dbeef01c0043275f9a0e7,1703214720,0.0,1.0,4.0,5.0,1.0,0.0,4.0,0.0,1.0,0.0,12.0,0.0,0.0,1.0,0.0,11.0,10.0,9.0,1.0,14.0,0.0,4.0,1.0,0.0,5.0,0.0,9.0,2.0,2.0,3.0
6e2baaf3b97dbeef01c0043275f9a0e7,1703214840,0.0,1.0,4.0,5.0,1.0,0.0,11.0,0.0,1.0,0.0,12.0,0.0,0.0,1.0,0.0,4.0,10.0,9.0,1.0,14.0,0.0,4.0,1.0,0.0,5.0,0.0,9.0,2.0,2.0,3.0
6e2baaf3b97dbeef01c0043275f9a0e7,1703215320,0.0,1.0,4.0,5.0,1.0,0.0,11.0,4.0,0.0,1.0,0.0,0.0,0.0,1.0,0.0,12.0,10.0,9.0,1.0,14.0,0.0,4.0,1.0,0.0,5.0,0.0,9.0,2.0,2.0,3.0
6e2baaf3b97dbeef01c0043275f9a0e7,1703215920,1.0,4.0,5.0,1.0,0.0,11.0,4.0,0.0,1.0,0.0,12.0,0.0,0.0,1.0,0.0,10.0,9.0,1.0,14.0,0.0,4.0,1.0,0.0,5.0,0.0,9.0,2.0,2.0,3.0,0.0
6e2baaf3b97dbeef01c0043275f9a0e7,1703216040,1.0,4.0,5.0,1.0,0.0,11.0,4.0,0.0,1.0,0.0,12.0,0.0,0.0,1.0,0.0,9.0,10.0,1.0,14.0,0.0,4.0,1.0,0.0,5.0,0.0,9.0,2.0,2.0,3.0,0.0
6e2baaf3b97dbeef01c0043275f9a0e7,1703216280,1.0,4.0,5.0,1.0,0.0,11.0,4.0,0.0,1.0,0.0,12.0,0.0,0.0,1.0,0.0,14.0,10.0,9.0,1.0,0.0,4.0,1.0,0.0,5.0,0.0,9.0,2.0,2.0,3.0,0.0
6e2baaf3b97dbeef01c0043275f9a0e7,1703216520,1.0,4.0,5.0,1.0,0.0,11.0,4.0,0.0,1.0,0.0,12.0,0.0,0.0,1.0,0.0,4.0,10.0,9.0,1.0,14.0,0.0,1.0,0.0,5.0,0.0,9.0,2.0,2.0,3.0,0.0
6e2baaf3b97dbeef01c0043275f9a0e7,1703216880,1.0,4.0,5.0,1.0,0.0,11.0,4.0,0.0,1.0,0.0,12.0,0.0,0.0,1.0,0.0,5.0,10.0,9.0,1.0,14.0,0.0,4.0,1.0,0.0,0.0,9.0,2.0,2.0,3.0,0.0
6e2baaf3b97dbeef01c0043275f9a0e7,1703217120,1.0,4.0,5.0,1.0,0.0,11.0,4.0,0.0,1.0,0.0,12.0,0.0,0.0,1.0,0.0,9.0,10.0,9.0,1.0,14.0,0.0,4.0,1.0,0.0,5.0,0.0,2.0,2.0,3.0,0.0
4acf07478b589b05b894f55b9175ce0c,1703214720,15.406649826666632,15.226312166666704,12.733107573333452,13.499889988889006,8.826939771111281,12.524904104444278,14.294052211111092,10.988369331111144,19.445673773333407,10.170943364444408,5.816403024444349,11.835164988888968,8.08382542666651,5.811695744444275,5.046096062222255,20.620056119999944,5.726951437777896,4.4124134355555125,6.4353491622220345,10.683448339999964,9.275335622222276,10.856975431111096,7.084874535555628,13.182036546666543,8.971114273333315,12.4840750044445,12.200190908889049,14.812818331110975,16.732095437777794,7.441019388888891
4acf07478b589b05b894f55b9175ce0c,1703215080,15.406649826666632,15.226312166666704,12.733107573333452,13.499889988889006,8.826939771111281,12.524904104444278,20.620056119999944,14.294052211111092,10.988369331111144,10.170943364444408,5.816403024444349,11.835164988888968,8.08382542666651,5.811695744444275,5.046096062222255,19.445673773333407,5.726951437777896,4.4124134355555125,6.4353491622220345,10.683448339999964,9.275335622222276,10.856975431111096,7.084874535555628,13.182036546666543,8.971114273333315,12.4840750044445,12.200190908889049,14.812818331110975,16.732095437777794,7.441019388888891
4acf07478b589b05b894f55b9175ce0c,1703217360,15.226312166666704,12.733107573333452,13.499889988889006,8.826939771111281,12.524904104444278,20.620056119999944,14.294052211111092,10.988369331111144,19.445673773333407,10.170943364444408,5.816403024444349,11.835164988888968,8.08382542666651,5.811695744444275,5.046096062222255,16.732095437777794,5.726951437777896,4.4124134355555125,6.4353491622220345,10.683448339999964,9.275335622222276,10.856975431111096,7.084874535555628,13.182036546666543,8.971114273333315,12.4840750044445,12.200190908889049,14.812818331110975,7.441019388888891,14.092653775555844
f128e17cfd250649baef37f04d6c19b9,1703214000,67.0,51.0,55.0,45.0,49.0,54.0,50.0,37.0,34.0,44.0,54.0,50.0,45.0,47.0,36.0,54.0,50.0,55.0,41.0,40.0,40.0,38.0,40.0,51.0,48.0,46.0,46.0,45.0,63.0,45.0
f128e17cfd250649baef37f04d6c19b9,1703214120,54.0,51.0,55.0,45.0,49.0,54.0,50.0,37.0,34.0,44.0,54.0,50.0,45.0,47.0,36.0,67.0,50.0,55.0,41.0,40.0,40.0,38.0,40.0,51.0,48.0,46.0,46.0,45.0,63.0,45.0
f128e17cfd250649baef37f04d6c19b9,1703214240,54.0,67.0,55.0,45.0,49.0,54.0,50.0,37.0,34.0,44.0,54.0,50.0,45.0,47.0,36.0,51.0,50.0,55.0,41.0,40.0,40.0,38.0,40.0,51.0,48.0,46.0,46.0,45.0,63.0,45.0
f128e17cfd250649baef37f04d6c19b9,1703214360,54.0,67.0,51.0,45.0,49.0,54.0,50.0,37.0,34.0,44.0,54.0,50.0,45.0,47.0,36.0,55.0,50.0,55.0,41.0,40.0,40.0,38.0,40.0,51.0,48.0,46.0,46.0,45.0,63.0,45.0
f128e17cfd250649baef37f04d6c19b9,1703214480,54.0,67.0,51.0,55.0,49.0,54.0,50.0,37.0,34.0,44.0,54.0,50.0,45.0,47.0,36.0,45.0,50.0,55.0,41.0,40.0,40.0,38.0,40.0,51.0,48.0,46.0,46.0,45.0,63.0,45.0
f128e17cfd250649baef37f04d6c19b9,1703214600,54.0,67.0,51.0,55.0,45.0,54.0,50.0,37.0,34.0,44.0,54.0,50.0,45.0,47.0,36.0,49.0,50.0,55.0,41.0,40.0,40.0,38.0,40.0,51.0,48.0,46.0,46.0,45.0,63.0,45.0
f128e17cfd250649baef37f04d6c19b9,1703214720,54.0,67.0,51.0,55.0,45.0,49.0,50.0,37.0,34.0,44.0,54.0,50.0,45.0,47.0,36.0,54.0,50.0,55.0,41.0,40.0,40.0,38.0,40.0,51.0,48.0,46.0,46.0,45.0,63.0,45.0
f128e17cfd250649baef37f04d6c19b9,1703214840,54.0,67.0,51.0,55.0,45.0,49.0,54.0,37.0,34.0,44.0,54.0,50.0,45.0,47.0,36.0,50.0,50.0,55.0,41.0,40.0,40.0,38.0,40.0,51.0,48.0,46.0,46.0,45.0,63.0,45.0
f128e17cfd250649baef37f04d6c19b9,1703214960,54.0,67.0,51.0,55.0,45.0,49.0,54.0,50.0,34.0,44.0,54.0,50.0,45.0,47.0,36.0,37.0,50.0,55.0,41.0,40.0,40.0,38.0,40.0,51.0,48.0,46.0,46.0,45.0,63.0,45.0
f128e17cfd250649baef37f04d6c19b9,1703215080,54.0,67.0,51.0,55.0,45.0,49.0,54.0,50.0,37.0,44.0,54.0,50.0,45.0,47.0,36.0,34.0,50.0,55.0,41.0,40.0,40.0,38.0,40.0,51.0,48.0,46.0,46.0,45.0,63.0,45.0
f128e17cfd250649baef37f04d6c19b9,1703215200,54.0,67.0,51.0,55.0,45.0,49.0,54.0,50.0,37.0,34.0,54.0,50.0,45.0,47.0,36.0,44.0,50.0,55.0,41.0,40.0,40.0,38.0,40.0,51.0,48.0,46.0,46.0,45.0,63.0,45.0
f128e17cfd250649baef37f04d6c19b9,1703215320,54.0,67.0,51.0,55.0,45.0,49.0,54.0,50.0,37.0,34.0,44.0,50.0,45.0,47.0,36.0,54.0,50.0,55.0,41.0,40.0,40.0,38.0,40.0,51.0,48.0,46.0,46.0,45.0,63.0,45.0
f128e17cfd250649baef37f04d6c19b9,1703215440,54.0,67.0,51.0,55.0,45.0,49.0,54.0,50.0,37.0,34.0,44.0,54.0,45.0,47.0,36.0,50.0,50.0,55.0,41.0,40.0,40.0,38.0,40.0,51.0,48.0,46.0,46.0,45.0,63.0,45.0
f128e17cfd250649baef37f04d6c19b9,1703215560,54.0,67.0,51.0,55.0,45.0,49.0,54.0,50.0,37.0,34.0,44.0,54.0,50.0,47.0,36.0,45.0,50.0,55.0,41.0,40.0,40.0,38.0,40.0,51.0,48.0,46.0,46.0,45.0,63.0,45.0
f128e17cfd250649baef37f04d6c19b9,1703215680,54.0,67.0,51.0,55.0,45.0,49.0,54.0,50.0,37.0,34.0,44.0,54.0,50.0,45.0,36.0,47.0,50.0,55.0,41.0,40.0,40.0,38.0,40.0,51.0,48.0,46.0,46.0,45.0,63.0,45.0
f128e17cfd250649baef37f04d6c19b9,1703216400,67.0,51.0,55.0,45.0,49.0,54.0,50.0,37.0,34.0,44.0,54.0,50.0,45.0,47.0,36.0,40.0,50.0,55.0,41.0,40.0,38.0,40.0,51.0,48.0,46.0,46.0,45.0,63.0,45.0,57.0
f128e17cfd250649baef37f04d6c19b9,1703216520,67.0,51.0,55.0,45.0,49.0,54.0,50.0,37.0,34.0,44.0,54.0,50.0,45.0,47.0,36.0,38.0,50.0,55.0,41.0,40.0,40.0,40.0,51.0,48.0,46.0,46.0,45.0,63.0,45.0,57.0
f128e17cfd250649baef37f04d6c19b9,1703216640,67.0,51.0,55.0,45.0,49.0,54.0,50.0,37.0,34.0,44.0,54.0,50.0,45.0,47.0,36.0,40.0,50.0,55.0,41.0,40.0,40.0,38.0,51.0,48.0,46.0,46.0,45.0,63.0,45.0,57.0
f128e17cfd250649baef37f04d6c19b9,1703216760,67.0,51.0,55.0,45.0,49.0,54.0,50.0,37.0,34.0,44.0,54.0,50.0,45.0,47.0,36.0,51.0,50.0,55.0,41.0,40.0,40.0,38.0,40.0,48.0,46.0,46.0,45.0,63.0,45.0,57.0
f128e17cfd250649baef37f04d6c19b9,1703216880,67.0,51.0,55.0,45.0,49.0,54.0,50.0,37.0,34.0,44.0,54.0,50.0,45.0,47.0,36.0,48.0,50.0,55.0,41.0,40.0,40.0,38.0,40.0,51.0,46.0,46.0,45.0,63.0,45.0,57.0
f128e17cfd250649baef37f04d6c19b9,1703217000,67.0,51.0,55.0,45.0,49.0,54.0,50.0,37.0,34.0,44.0,54.0,50.0,45.0,47.0,36.0,46.0,50.0,55.0,41.0,40.0,40.0,38.0,40.0,51.0,48.0,46.0,45.0,63.0,45.0,57.0
f128e17cfd250649baef37f04d6c19b9,1703217120,67.0,51.0,55.0,45.0,49.0,54.0,50.0,37.0,34.0,44.0,54.0,50.0,45.0,47.0,36.0,46.0,50.0,55.0,41.0,40.0,40.0,38.0,40.0,51.0,48.0,46.0,45.0,63.0,45.0,57.0
f128e17cfd250649baef37f04d6c19b9,1703217240,67.0,51.0,55.0,45.0,49.0,54.0,50.0,37.0,34.0,44.0,54.0,50.0,45.0,47.0,36.0,45.0,50.0,55.0,41.0,40.0,40.0,38.0,40.0,51.0,48.0,46.0,46.0,63.0,45.0,57.0
f128e17cfd250649baef37f04d6c19b9,1703217360,67.0,51.0,55.0,45.0,49.0,54.0,50.0,37.0,34.0,44.0,54.0,50.0,45.0,47.0,36.0,63.0,50.0,55.0,41.0,40.0,40.0,38.0,40.0,51.0,48.0,46.0,46.0,45.0,45.0,57.0
f128e17cfd250649baef37f04d6c19b9,1703217480,67.0,51.0,55.0,45.0,49.0,54.0,50.0,37.0,34.0,44.0,54.0,50.0,45.0,47.0,36.0,45.0,50.0,55.0,41.0,40.0,40.0,38.0,40.0,51.0,48.0,46.0,46.0,45.0,63.0,57.0
f128e17cfd250649baef37f04d6c19b9,1703217600,67.0,51.0,55.0,45.0,49.0,54.0,50.0,37.0,34.0,44.0,54.0,50.0,45.0,47.0,36.0,57.0,50.0,55.0,41.0,40.0,40.0,38.0,40.0,51.0,48.0,46.0,46.0,45.0,63.0,45.0
07e9862e5a4b108859e0970456b201f9,1703215440,0.0,0.0,0.0545454545454545,0.0545444628279485,0.0,0.0727233060014908,0.0727246281953383,0.0727272727272727,0.0,0.0727074434245205,0.0545474380886577,0.0,0.0727325623681722,0.1090909090909091,0.0,0.0,0.0727365301038314,0.1090909090909091,0.0,0.0,0.0545464462990236,0.0545484299143589,0.0,0.0,0.0727259504372647,0.0727272727272727,0.0181821487663412,0.0727285950653648,0.0545464462990236,0.0
07e9862e5a4b108859e0970456b201f9,1703215680,0.0,0.0,0.0545454545454545,0.0545444628279485,0.0,0.0727233060014908,0.0727246281953383,0.0727272727272727,0.0,0.0727074434245205,0.0545474380886577,0.0,0.0,0.0727325623681722,0.0,0.1090909090909091,0.0727365301038314,0.1090909090909091,0.0,0.0,0.0545464462990236,0.0545484299143589,0.0,0.0,0.0727259504372647,0.0727272727272727,0.0181821487663412,0.0727285950653648,0.0545464462990236,0.0
07e9862e5a4b108859e0970456b201f9,1703216040,0.0,0.0545454545454545,0.0545444628279485,0.0,0.0727233060014908,0.0727246281953383,0.0727272727272727,0.0,0.0727074434245205,0.0545474380886577,0.0,0.0,0.0727325623681722,0.1090909090909091,0.0,0.1090909090909091,0.0727365301038314,0.0,0.0,0.0545464462990236,0.0545484299143589,0.0,0.0,0.0727259504372647,0.0727272727272727,0.0181821487663412,0.0727285950653648,0.0545464462990236,0.0,0.0
07e9862e5a4b108859e0970456b201f9,1703216760,0.0,0.0545454545454545,0.0545444628279485,0.0,0.0727233060014908,0.0727246281953383,0.0727272727272727,0.0,0.0727074434245205,0.0545474380886577,0.0,0.0,0.0727325623681722,0.1090909090909091,0.0,0.0,0.0727365301038314,0.1090909090909091,0.0,0.0,0.0545464462990236,0.0545484299143589,0.0,0.0727259504372647,0.0727272727272727,0.0181821487663412,0.0727285950653648,0.0545464462990236,0.0,0.0
07e9862e5a4b108859e0970456b201f9,1703217600,0.0,0.0545454545454545,0.0545444628279485,0.0,0.0727233060014908,0.0727246281953383,0.0727272727272727,0.0,0.0727074434245205,0.0545474380886577,0.0,0.0,0.0727325623681722,0.1090909090909091,0.0,0.0,0.0727365301038314,0.1090909090909091,0.0,0.0,0.0545464462990236,0.0545484299143589,0.0,0.0,0.0727259504372647,0.0727272727272727,0.0181821487663412,0.0727285950653648,0.0545464462990236,0.0
a4a58c952a98e5616e4e5acf3cc4a933,1703215800,0.0,0.0,0.0,0.0,0.0,0.0,0.0,0.0,0.0,0.0,0.0,0.0,0.0,0.0,0.0,0.0,0.0,0.0,0.0,0.0,0.0,0.0,0.0,0.0,0.0,0.0,0.0,0.0,0.0,0.0
a4a58c952a98e5616e4e5acf3cc4a933,1703216160,0.0,0.0,0.0,0.0,0.0,0.0,0.0,0.0,0.0,0.0,0.0,0.0,0.0,0.0,0.0,0.0,0.0,0.0,0.0,0.0,0.0,0.0,0.0,0.0,0.0,0.0,0.0,0.0,0.0,0.0
a4a58c952a98e5616e4e5acf3cc4a933,1703216400,0.0,0.0,0.0,0.0,0.0,0.0,0.0,0.0,0.0,0.0,0.0,0.0,0.0,0.0,0.0,0.0,0.0,0.0,0.0,0.0,0.0,0.0,0.0,0.0,0.0,0.0,0.0,0.0,0.0,0.0
a4a58c952a98e5616e4e5acf3cc4a933,1703216760,0.0,0.0,0.0,0.0,0.0,0.0,0.0,0.0,0.0,0.0,0.0,0.0,0.0,0.0,0.0,0.0,0.0,0.0,0.0,0.0,0.0,0.0,0.0,0.0,0.0,0.0,0.0,0.0,0.0,0.0
a4a58c952a98e5616e4e5acf3cc4a933,1703217000,0.0,0.0,0.0,0.0,0.0,0.0,0.0,0.0,0.0,0.0,0.0,0.0,0.0,0.0,0.0,0.0,0.0,0.0,0.0,0.0,0.0,0.0,0.0,0.0,0.0,0.0,0.0,0.0,0.0,0.0
a4a58c952a98e5616e4e5acf3cc4a933,1703217360,0.0,0.0,0.0,0.0,0.0,0.0,0.0,0.0,0.0,0.0,0.0,0.0,0.0,0.0,0.0,0.0,0.0,0.0,0.0,0.0,0.0,0.0,0.0,0.0,0.0,0.0,0.0,0.0,0.0,0.0
a4a58c952a98e5616e4e5acf3cc4a933,1703217600,0.0,0.0,0.0,0.0,0.0,0.0,0.0,0.0,0.0,0.0,0.0,0.0,0.0,0.0,0.0,0.0,0.0,0.0,0.0,0.0,0.0,0.0,0.0,0.0,0.0,0.0,0.0,0.0,0.0,0.0
f2dadcd134558d1b8e2093704ddd6c40,1703214120,100.0,100.0,100.0,100.0,100.0,100.0,100.0,100.0,100.0,100.0,100.0,100.0,100.0,100.0,100.0,100.0,100.0,100.0,100.0,100.0,100.0,100.0,100.0,100.0,100.0,100.0,100.0,100.0,100.0,100.0
f2dadcd134558d1b8e2093704ddd6c40,1703214240,100.0,100.0,100.0,100.0,100.0,100.0,100.0,100.0,100.0,100.0,100.0,100.0,100.0,100.0,100.0,100.0,100.0,100.0,100.0,100.0,100.0,100.0,100.0,100.0,100.0,100.0,100.0,100.0,100.0,100.0
f2dadcd134558d1b8e2093704ddd6c40,1703214360,100.0,100.0,100.0,100.0,100.0,100.0,100.0,100.0,100.0,100.0,100.0,100.0,100.0,100.0,100.0,100.0,100.0,100.0,100.0,100.0,100.0,100.0,100.0,100.0,100.0,100.0,100.0,100.0,100.0,100.0
f2dadcd134558d1b8e2093704ddd6c40,1703214480,100.0,100.0,100.0,100.0,100.0,100.0,100.0,100.0,100.0,100.0,100.0,100.0,100.0,100.0,100.0,100.0,100.0,100.0,100.0,100.0,100.0,100.0,100.0,100.0,100.0,100.0,100.0,100.0,100.0,100.0
f2dadcd134558d1b8e2093704ddd6c40,1703214600,100.0,100.0,100.0,100.0,100.0,100.0,100.0,100.0,100.0,100.0,100.0,100.0,100.0,100.0,100.0,100.0,100.0,100.0,100.0,100.0,100.0,100.0,100.0,100.0,100.0,100.0,100.0,100.0,100.0,100.0
f2dadcd134558d1b8e2093704ddd6c40,1703214720,100.0,100.0,100.0,100.0,100.0,100.0,100.0,100.0,100.0,100.0,100.0,100.0,100.0,100.0,100.0,100.0,100.0,100.0,100.0,100.0,100.0,100.0,100.0,100.0,100.0,100.0,100.0,100.0,100.0,100.0
f2dadcd134558d1b8e2093704ddd6c40,1703214840,100.0,100.0,100.0,100.0,100.0,100.0,100.0,100.0,100.0,100.0,100.0,100.0,100.0,100.0,100.0,100.0,100.0,100.0,100.0,100.0,100.0,100.0,100.0,100.0,100.0,100.0,100.0,100.0,100.0,100.0
f2dadcd134558d1b8e2093704ddd6c40,1703214960,100.0,100.0,100.0,100.0,100.0,100.0,100.0,100.0,100.0,100.0,100.0,100.0,100.0,100.0,100.0,100.0,100.0,100.0,100.0,100.0,100.0,100.0,100.0,100.0,100.0,100.0,100.0,100.0,100.0,100.0
f2dadcd134558d1b8e2093704ddd6c40,1703215080,100.0,100.0,100.0,100.0,100.0,100.0,100.0,100.0,100.0,100.0,100.0,100.0,100.0,100.0,100.0,100.0,100.0,100.0,100.0,100.0,100.0,100.0,100.0,100.0,100.0,100.0,100.0,100.0,100.0,100.0
f2dadcd134558d1b8e2093704ddd6c40,1703215200,100.0,100.0,100.0,100.0,100.0,100.0,100.0,100.0,100.0,100.0,100.0,100.0,100.0,100.0,100.0,100.0,100.0,100.0,100.0,100.0,100.0,100.0,100.0,100.0,100.0,100.0,100.0,100.0,100.0,100.0
f2dadcd134558d1b8e2093704ddd6c40,1703215320,100.0,100.0,100.0,100.0,100.0,100.0,100.0,100.0,100.0,100.0,100.0,100.0,100.0,100.0,100.0,100.0,100.0,100.0,100.0,100.0,100.0,100.0,100.0,100.0,100.0,100.0,100.0,100.0,100.0,100.0
f2dadcd134558d1b8e2093704ddd6c40,1703215440,100.0,100.0,100.0,100.0,100.0,100.0,100.0,100.0,100.0,100.0,100.0,100.0,100.0,100.0,100.0,100.0,100.0,100.0,100.0,100.0,100.0,100.0,100.0,100.0,100.0,100.0,100.0,100.0,100.0,100.0
f2dadcd134558d1b8e2093704ddd6c40,1703215560,100.0,100.0,100.0,100.0,100.0,100.0,100.0,100.0,100.0,100.0,100.0,100.0,100.0,100.0,100.0,100.0,100.0,100.0,100.0,100.0,100.0,100.0,100.0,100.0,100.0,100.0,100.0,100.0,100.0,100.0
f2dadcd134558d1b8e2093704ddd6c40,1703215680,100.0,100.0,100.0,100.0,100.0,100.0,100.0,100.0,100.0,100.0,100.0,100.0,100.0,100.0,100.0,100.0,100.0,100.0,100.0,100.0,100.0,100.0,100.0,100.0,100.0,100.0,100.0,100.0,100.0,100.0
f2dadcd134558d1b8e2093704ddd6c40,1703215800,100.0,100.0,100.0,100.0,100.0,100.0,100.0,100.0,100.0,100.0,100.0,100.0,100.0,100.0,100.0,100.0,100.0,100.0,100.0,100.0,100.0,100.0,100.0,100.0,100.0,100.0,100.0,100.0,100.0,100.0
f2dadcd134558d1b8e2093704ddd6c40,1703215920,100.0,100.0,100.0,100.0,100.0,100.0,100.0,100.0,100.0,100.0,100.0,100.0,100.0,100.0,100.0,100.0,100.0,100.0,100.0,100.0,100.0,100.0,100.0,100.0,100.0,100.0,100.0,100.0,100.0,100.0
f2dadcd134558d1b8e2093704ddd6c40,1703216040,100.0,100.0,100.0,100.0,100.0,100.0,100.0,100.0,100.0,100.0,100.0,100.0,100.0,100.0,100.0,100.0,100.0,100.0,100.0,100.0,100.0,100.0,100.0,100.0,100.0,100.0,100.0,100.0,100.0,100.0
f2dadcd134558d1b8e2093704ddd6c40,1703216160,100.0,100.0,100.0,100.0,100.0,100.0,100.0,100.0,100.0,100.0,100.0,100.0,100.0,100.0,100.0,100.0,100.0,100.0,100.0,100.0,100.0,100.0,100.0,100.0,100.0,100.0,100.0,100.0,100.0,100.0
f2dadcd134558d1b8e2093704ddd6c40,1703216280,100.0,100.0,100.0,100.0,100.0,100.0,100.0,100.0,100.0,100.0,100.0,100.0,100.0,100.0,100.0,100.0,100.0,100.0,100.0,100.0,100.0,100.0,100.0,100.0,100.0,100.0,100.0,100.0,100.0,100.0
f2dadcd134558d1b8e2093704ddd6c40,1703216400,100.0,100.0,100.0,100.0,100.0,100.0,100.0,100.0,100.0,100.0,100.0,100.0,100.0,100.0,100.0,100.0,100.0,100.0,100.0,100.0,100.0,100.0,100.0,100.0,100.0,100.0,100.0,100.0,100.0,100.0
f2dadcd134558d1b8e2093704ddd6c40,1703216520,100.0,100.0,100.0,100.0,100.0,100.0,100.0,100.0,100.0,100.0,100.0,100.0,100.0,100.0,100.0,100.0,100.0,100.0,100.0,100.0,100.0,100.0,100.0,100.0,100.0,100.0,100.0,100.0,100.0,100.0
f2dadcd134558d1b8e2093704ddd6c40,1703216640,100.0,100.0,100.0,100.0,100.0,100.0,100.0,100.0,100.0,100.0,100.0,100.0,100.0,100.0,100.0,100.0,100.0,100.0,100.0,100.0,100.0,100.0,100.0,100.0,100.0,100.0,100.0,100.0,100.0,100.0
f2dadcd134558d1b8e2093704ddd6c40,1703216760,100.0,100.0,100.0,100.0,100.0,100.0,100.0,100.0,100.0,100.0,100.0,100.0,100.0,100.0,100.0,100.0,100.0,100.0,100.0,100.0,100.0,100.0,100.0,100.0,100.0,100.0,100.0,100.0,100.0,100.0
f2dadcd134558d1b8e2093704ddd6c40,1703216880,100.0,100.0,100.0,100.0,100.0,100.0,100.0,100.0,100.0,100.0,100.0,100.0,100.0,100.0,100.0,100.0,100.0,100.0,100.0,100.0,100.0,100.0,100.0,100.0,100.0,100.0,100.0,100.0,100.0,100.0
f2dadcd134558d1b8e2093704ddd6c40,1703217000,100.0,100.0,100.0,100.0,100.0,100.0,100.0,100.0,100.0,100.0,100.0,100.0,100.0,100.0,100.0,100.0,100.0,100.0,100.0,100.0,100.0,100.0,100.0,100.0,100.0,100.0,100.0,100.0,100.0,100.0
f2dadcd134558d1b8e2093704ddd6c40,1703217120,100.0,100.0,100.0,100.0,100.0,100.0,100.0,100.0,100.0,100.0,100.0,100.0,100.0,100.0,100.0,100.0,100.0,100.0,100.0,100.0,100.0,100.0,100.0,100.0,100.0,100.0,100.0,100.0,100.0,100.0
f2dadcd134558d1b8e2093704ddd6c40,1703217240,100.0,100.0,100.0,100.0,100.0,100.0,100.0,100.0,100.0,100.0,100.0,100.0,100.0,100.0,100.0,100.0,100.0,100.0,100.0,100.0,100.0,100.0,100.0,100.0,100.0,100.0,100.0,100.0,100.0,100.0
f2dadcd134558d1b8e2093704ddd6c40,1703217360,100.0,100.0,100.0,100.0,100.0,100.0,100.0,100.0,100.0,100.0,100.0,100.0,100.0,100.0,100.0,100.0,100.0,100.0,100.0,100.0,100.0,100.0,100.0,100.0,100.0,100.0,100.0,100.0,100.0,100.0
f2dadcd134558d1b8e2093704ddd6c40,1703217480,100.0,100.0,100.0,100.0,100.0,100.0,100.0,100.0,100.0,100.0,100.0,100.0,100.0,100.0,100.0,100.0,100.0,100.0,100.0,100.0,100.0,100.0,100.0,100.0,100.0,100.0,100.0,100.0,100.0,100.0
f2dadcd134558d1b8e2093704ddd6c40,1703217600,100.0,100.0,100.0,100.0,100.0,100.0,100.0,100.0,100.0,100.0,100.0,100.0,100.0,100.0,100.0,100.0,100.0,100.0,100.0,100.0,100.0,100.0,100.0,100.0,100.0,100.0,100.0,100.0,100.0,100.0
5e0cf0fa2956ad7395caae46732f5151,1703217600,0.0,0.0,0.0,0.0,0.0,0.0,0.0,0.0,0.0,0.0,0.0,0.0,0.0,0.0,0.0,0.0,0.0,0.0,0.0,0.0,0.0,0.0,0.0,0.0,0.0,0.0,0.0,0.0,0.0,0.0
bb5e2af9914d180eb0df7028d36d6427,1703214240,1.181818181818182,1.1272727272727272,1.1636152069962364,1.1818396698121785,1.4726469465301897,0.9636013235882332,0.9636363636363636,1.3454790087092492,1.108788512223939,1.3455034728535584,1.181904138482799,0.9818181818181818,0.9818895919703252,0.0,0.0,1.1090909090909091,0.0,0.0,0.0,1.0364201683728202,1.0000181821487664,1.1455170282015383,1.1454961998618132,1.3454790087092492,1.054526281340339,1.1272727272727272,1.2727504136438843,1.327296859942908,1.1636575210458373,1.0727467772141313
bb5e2af9914d180eb0df7028d36d6427,1703214360,1.181818181818182,1.1272727272727272,1.1090909090909091,1.1818396698121785,1.4726469465301897,0.9636013235882332,0.9636363636363636,1.3454790087092492,1.108788512223939,1.3455034728535584,1.181904138482799,0.9818181818181818,0.9818895919703252,0.0,0.0,1.1636152069962364,0.0,0.0,0.0,1.0364201683728202,1.0000181821487664,1.1455170282015383,1.1454961998618132,1.3454790087092492,1.054526281340339,1.1272727272727272,1.2727504136438843,1.327296859942908,1.1636575210458373,1.0727467772141313
bb5e2af9914d180eb0df7028d36d6427,1703214480,1.181818181818182,1.1272727272727272,1.1090909090909091,1.1636152069962364,1.4726469465301897,0.9636013235882332,0.9636363636363636,1.3454790087092492,1.108788512223939,1.3455034728535584,1.181904138482799,0.9818181818181818,0.9818895919703252,0.0,0.0,1.1818396698121785,0.0,0.0,0.0,1.0364201683728202,1.0000181821487664,1.1455170282015383,1.1454961998618132,1.3454790087092492,1.054526281340339,1.1272727272727272,1.2727504136438843,1.327296859942908,1.1636575210458373,1.0727467772141313
bb5e2af9914d180eb0df7028d36d6427,1703214600,1.181818181818182,1.1272727272727272,1.1090909090909091,1.1636152069962364,1.1818396698121785,0.9636013235882332,0.9636363636363636,1.3454790087092492,1.108788512223939,1.3455034728535584,1.181904138482799,0.9818181818181818,0.9818895919703252,0.0,0.0,1.4726469465301897,0.0,0.0,0.0,1.0364201683728202,1.0000181821487664,1.1455170282015383,1.1454961998618132,1.3454790087092492,1.054526281340339,1.1272727272727272,1.2727504136438843,1.327296859942908,1.1636575210458373,1.0727467772141313
bb5e2af9914d180eb0df7028d36d6427,1703214960,1.181818181818182,1.1272727272727272,1.1090909090909091,1.1636152069962364,1.1818396698121785,1.4726469465301897,0.9636013235882332,0.9636363636363636,1.108788512223939,1.3455034728535584,1.181904138482799,0.9818181818181818,0.9818895919703252,0.0,0.0,1.3454790087092492,0.0,0.0,0.0,1.0364201683728202,1.0000181821487664,1.1455170282015383,1.1454961998618132,1.3454790087092492,1.054526281340339,1.1272727272727272,1.2727504136438843,1.327296859942908,1.1636575210458373,1.0727467772141313
bb5e2af9914d180eb0df7028d36d6427,1703215080,1.181818181818182,1.1272727272727272,1.1090909090909091,1.1636152069962364,1.1818396698121785,1.4726469465301897,0.9636013235882332,0.9636363636363636,1.3454790087092492,1.3455034728535584,1.181904138482799,0.9818181818181818,0.9818895919703252,0.0,0.0,1.108788512223939,0.0,0.0,0.0,1.0364201683728202,1.0000181821487664,1.1455170282015383,1.1454961998618132,1.3454790087092492,1.054526281340339,1.1272727272727272,1.2727504136438843,1.327296859942908,1.1636575210458373,1.0727467772141313
bb5e2af9914d180eb0df7028d36d6427,1703215200,1.181818181818182,1.1272727272727272,1.1090909090909091,1.1636152069962364,1.1818396698121785,1.4726469465301897,0.9636013235882332,0.9636363636363636,1.3454790087092492,1.108788512223939,1.181904138482799,0.9818181818181818,0.9818895919703252,0.0,0.0,1.3455034728535584,0.0,0.0,0.0,1.0364201683728202,1.0000181821487664,1.1455170282015383,1.1454961998618132,1.3454790087092492,1.054526281340339,1.1272727272727272,1.2727504136438843,1.327296859942908,1.1636575210458373,1.0727467772141313
bb5e2af9914d180eb0df7028d36d6427,1703215320,1.181818181818182,1.1272727272727272,1.1090909090909091,1.1636152069962364,1.1818396698121785,1.4726469465301897,0.9636013235882332,0.9636363636363636,1.3454790087092492,1.108788512223939,1.3455034728535584,0.9818181818181818,0.9818895919703252,0.0,0.0,1.181904138482799,0.0,0.0,0.0,1.0364201683728202,1.0000181821487664,1.1455170282015383,1.1454961998618132,1.3454790087092492,1.054526281340339,1.1272727272727272,1.2727504136438843,1.327296859942908,1.1636575210458373,1.0727467772141313
bb5e2af9914d180eb0df7028d36d6427,1703216280,1.1272727272727272,1.1090909090909091,1.1636152069962364,1.1818396698121785,1.4726469465301897,0.9636013235882332,0.9636363636363636,1.3454790087092492,1.108788512223939,1.3455034728535584,1.181904138482799,0.9818181818181818,0.9818895919703252,0.0,0.0,1.0364201683728202,0.0,0.0,0.0,1.0000181821487664,1.1455170282015383,1.1454961998618132,1.3454790087092492,1.054526281340339,1.1272727272727272,1.2727504136438843,1.327296859942908,1.1636575210458373,1.0727467772141313,1.199978182214869
bb5e2af9914d180eb0df7028d36d6427,1703216400,1.1272727272727272,1.1090909090909091,1.1636152069962364,1.1818396698121785,1.4726469465301897,0.9636013235882332,0.9636363636363636,1.3454790087092492,1.108788512223939,1.3455034728535584,1.181904138482799,0.9818181818181818,0.9818895919703252,0.0,0.0,1.0000181821487664,0.0,0.0,0.0,1.0364201683728202,1.1455170282015383,1.1454961998618132,1.3454790087092492,1.054526281340339,1.1272727272727272,1.2727504136438843,1.327296859942908,1.1636575210458373,1.0727467772141313,1.199978182214869
bb5e2af9914d180eb0df7028d36d6427,1703216520,1.1272727272727272,1.1090909090909091,1.1636152069962364,1.1818396698121785,1.4726469465301897,0.9636013235882332,0.9636363636363636,1.3454790087092492,1.108788512223939,1.3455034728535584,1.181904138482799,0.9818181818181818,0.9818895919703252,0.0,0.0,1.1455170282015383,0.0,0.0,0.0,1.0364201683728202,1.0000181821487664,1.1454961998618132,1.3454790087092492,1.054526281340339,1.1272727272727272,1.2727504136438843,1.327296859942908,1.1636575210458373,1.0727467772141313,1.199978182214869
bb5e2af9914d180eb0df7028d36d6427,1703216640,1.1272727272727272,1.1090909090909091,1.1636152069962364,1.1818396698121785,1.4726469465301897,0.9636013235882332,0.9636363636363636,1.3454790087092492,1.108788512223939,1.3455034728535584,1.181904138482799,0.9818181818181818,0.9818895919703252,0.0,0.0,1.1454961998618132,0.0,0.0,0.0,1.0364201683728202,1.0000181821487664,1.1455170282015383,1.3454790087092492,1.054526281340339,1.1272727272727272,1.2727504136438843,1.327296859942908,1.1636575210458373,1.0727467772141313,1.199978182214869
bb5e2af9914d180eb0df7028d36d6427,1703216760,1.1272727272727272,1.1090909090909091,1.1636152069962364,1.1818396698121785,1.4726469465301897,0.9636013235882332,0.9636363636363636,1.3454790087092492,1.108788512223939,1.3455034728535584,1.181904138482799,0.9818181818181818,0.9818895919703252,0.0,0.0,1.3454790087092492,0.0,0.0,0.0,1.0364201683728202,1.0000181821487664,1.1455170282015383,1.1454961998618132,1.054526281340339,1.1272727272727272,1.2727504136438843,1.327296859942908,1.1636575210458373,1.0727467772141313,1.199978182214869
bb5e2af9914d180eb0df7028d36d6427,1703216880,1.1272727272727272,1.1090909090909091,1.1636152069962364,1.1818396698121785,1.4726469465301897,0.9636013235882332,0.9636363636363636,1.3454790087092492,1.108788512223939,1.3455034728535584,1.181904138482799,0.9818181818181818,0.9818895919703252,0.0,0.0,1.054526281340339,0.0,0.0,0.0,1.0364201683728202,1.0000181821487664,1.1455170282015383,1.1454961998618132,1.3454790087092492,1.1272727272727272,1.2727504136438843,1.327296859942908,1.1636575210458373,1.0727467772141313,1.199978182214869
bb5e2af9914d180eb0df7028d36d6427,1703217000,1.1272727272727272,1.1090909090909091,1.1636152069962364,1.1818396698121785,1.4726469465301897,0.9636013235882332,0.9636363636363636,1.3454790087092492,1.108788512223939,1.3455034728535584,1.181904138482799,0.9818181818181818,0.9818895919703252,0.0,0.0,1.1272727272727272,0.0,0.0,0.0,1.0364201683728202,1.0000181821487664,1.1455170282015383,1.1454961998618132,1.3454790087092492,1.054526281340339,1.2727504136438843,1.327296859942908,1.1636575210458373,1.0727467772141313,1.199978182214869
bb5e2af9914d180eb0df7028d36d6427,1703217120,1.1272727272727272,1.1090909090909091,1.1636152069962364,1.1818396698121785,1.4726469465301897,0.9636013235882332,0.9636363636363636,1.3454790087092492,1.108788512223939,1.3455034728535584,1.181904138482799,0.9818181818181818,0.9818895919703252,0.0,0.0,1.2727504136438843,0.0,0.0,0.0,1.0364201683728202,1.0000181821487664,1.1455170282015383,1.1454961998618132,1.3454790087092492,1.054526281340339,1.1272727272727272,1.327296859942908,1.1636575210458373,1.0727467772141313,1.199978182214869
bb5e2af9914d180eb0df7028d36d6427,1703217240,1.1272727272727272,1.1090909090909091,1.1636152069962364,1.1818396698121785,1.4726469465301897,0.9636013235882332,0.9636363636363636,1.3454790087092492,1.108788512223939,1.3455034728535584,1.181904138482799,0.9818181818181818,0.9818895919703252,0.0,0.0,1.327296859942908,0.0,0.0,0.0,1.0364201683728202,1.0000181821487664,1.1455170282015383,1.1454961998618132,1.3454790087092492,1.054526281340339,1.1272727272727272,1.2727504136438843,1.1636575210458373,1.0727467772141313,1.199978182214869
bb5e2af9914d180eb0df7028d36d6427,1703217360,1.1272727272727272,1.1090909090909091,1.1636152069962364,1.1818396698121785,1.4726469465301897,0.9636013235882332,0.9636363636363636,1.3454790087092492,1.108788512223939,1.3455034728535584,1.181904138482799,0.9818181818181818,0.9818895919703252,0.0,0.0,1.1636575210458373,0.0,0.0,0.0,1.0364201683728202,1.0000181821487664,1.1455170282015383,1.1454961998618132,1.3454790087092492,1.054526281340339,1.1272727272727272,1.2727504136438843,1.327296859942908,1.0727467772141313,1.199978182214869
bb5e2af9914d180eb0df7028d36d6427,1703217480,1.1272727272727272,1.1090909090909091,1.1636152069962364,1.1818396698121785,1.4726469465301897,0.9636013235882332,0.9636363636363636,1.3454790087092492,1.108788512223939,1.3455034728535584,1.181904138482799,0.9818181818181818,0.9818895919703252,0.0,0.0,1.0727467772141313,0.0,0.0,0.0,1.0364201683728202,1.0000181821487664,1.1455170282015383,1.1454961998618132,1.3454790087092492,1.054526281340339,1.1272727272727272,1.2727504136438843,1.327296859942908,1.1636575210458373,1.199978182214869
bb5e2af9914d180eb0df7028d36d6427,1703217600,1.1272727272727272,1.1090909090909091,1.1636152069962364,1.1818396698121785,1.4726469465301897,0.9636013235882332,0.9636363636363636,1.3454790087092492,1.108788512223939,1.3455034728535584,1.181904138482799,0.9818181818181818,0.9818895919703252,0.0,0.0,1.199978182214869,0.0,0.0,0.0,1.0364201683728202,1.0000181821487664,1.1455170282015383,1.1454961998618132,1.3454790087092492,1.054526281340339,1.1272727272727272,1.2727504136438843,1.327296859942908,1.1636575210458373,1.0727467772141313
96083cc4cec914fa215aec6db9ebaef6,1703215680,1.0,0.0,0.0,0.0,0.0,0.0,0.0,0.0,0.0,0.0,1.0,1.0,0.0,0.0,0.0,0.0,1.0,0.0,0.0,0.0,0.0,0.0,0.0,0.0,0.0,0.0,0.0,0.0,0.0,0.0
96083cc4cec914fa215aec6db9ebaef6,1703216040,0.0,0.0,0.0,0.0,0.0,0.0,0.0,0.0,0.0,1.0,1.0,0.0,0.0,0.0,0.0,0.0,1.0,0.0,0.0,0.0,0.0,0.0,0.0,0.0,0.0,0.0,0.0,0.0,0.0,0.0
96083cc4cec914fa215aec6db9ebaef6,1703216520,0.0,0.0,0.0,0.0,0.0,0.0,0.0,0.0,0.0,1.0,1.0,0.0,0.0,0.0,0.0,0.0,1.0,0.0,0.0,0.0,0.0,0.0,0.0,0.0,0.0,0.0,0.0,0.0,0.0,0.0
96083cc4cec914fa215aec6db9ebaef6,1703216640,0.0,0.0,0.0,0.0,0.0,0.0,0.0,0.0,0.0,1.0,1.0,0.0,0.0,0.0,0.0,0.0,1.0,0.0,0.0,0.0,0.0,0.0,0.0,0.0,0.0,0.0,0.0,0.0,0.0,0.0
96083cc4cec914fa215aec6db9ebaef6,1703216760,0.0,0.0,0.0,0.0,0.0,0.0,0.0,0.0,0.0,1.0,1.0,0.0,0.0,0.0,0.0,0.0,1.0,0.0,0.0,0.0,0.0,0.0,0.0,0.0,0.0,0.0,0.0,0.0,0.0,0.0
96083cc4cec914fa215aec6db9ebaef6,1703216880,0.0,0.0,0.0,0.0,0.0,0.0,0.0,0.0,0.0,1.0,1.0,0.0,0.0,0.0,0.0,0.0,1.0,0.0,0.0,0.0,0.0,0.0,0.0,0.0,0.0,0.0,0.0,0.0,0.0,0.0
96083cc4cec914fa215aec6db9ebaef6,1703217000,0.0,0.0,0.0,0.0,0.0,0.0,0.0,0.0,0.0,1.0,1.0,0.0,0.0,0.0,0.0,0.0,1.0,0.0,0.0,0.0,0.0,0.0,0.0,0.0,0.0,0.0,0.0,0.0,0.0,0.0
96083cc4cec914fa215aec6db9ebaef6,1703217120,0.0,0.0,0.0,0.0,0.0,0.0,0.0,0.0,0.0,1.0,1.0,0.0,0.0,0.0,0.0,0.0,1.0,0.0,0.0,0.0,0.0,0.0,0.0,0.0,0.0,0.0,0.0,0.0,0.0,0.0
08c100607575d9f4a1177c353c34f816,1703214480,1.0909090909090908,1.0909090909090908,1.0909090909090908,1.0908892565589716,3.2725487700670874,1.0908694229300753,2.1818181818181817,0.0,1.0906116513678088,0.0,1.0909884355225836,0.0,0.0,2.1818181818181817,0.0,6.545573555882834,2.182095903114942,1.0909090909090908,2.1818181818181817,2.1819371965743586,2.181857851960945,0.0,0.0,3.272786777941417,2.1817785131179432,0.0,0.0,0.0,0.0,4.36371570392189
65257bd580cf949de43defe113750529,1703214000,2069185.3333333333,4717778.4,3213127.466666667,4777583.466666667,3691076.0,3714780.533333333,4773062.4,5134797.6,3458400.8,5407884.8,2171762.4,4505643.733333333,2350216.2666666666,202719.2,354284.5333333333,6420437.066666666,247355.46666666667,184986.9333333333,374794.6666666667,3772506.933333333,4500342.933333334,6219852.8,3808288.533333333,5151237.333333333,3974741.6,4688601.333333333,4799693.333333333,2738653.066666667,4573541.333333333,2715597.066666667
65257bd580cf949de43defe113750529,1703216520,2069185.3333333333,4717778.4,3213127.466666667,4777583.466666667,3691076.0,3714780.533333333,4773062.4,5134797.6,3458400.8,5407884.8,2171762.4,4505643.733333333,2350216.2666666666,202719.2,354284.5333333333,6219852.8,247355.46666666667,184986.9333333333,374794.6666666667,3772506.933333333,4500342.933333334,3808288.533333333,5151237.333333333,3974741.6,4688601.333333333,4799693.333333333,2738653.066666667,4573541.333333333,2715597.066666667,3763168.2666666666
65257bd580cf949de43defe113750529,1703216760,2069185.3333333333,4717778.4,3213127.466666667,4777583.466666667,3691076.0,3714780.533333333,4773062.4,5134797.6,3458400.8,5407884.8,2171762.4,4505643.733333333,2350216.2666666666,202719.2,354284.5333333333,5151237.333333333,247355.46666666667,184986.9333333333,374794.6666666667,3772506.933333333,4500342.933333334,6219852.8,3808288.533333333,3974741.6,4688601.333333333,4799693.333333333,2738653.066666667,4573541.333333333,2715597.066666667,3763168.2666666666
65257bd580cf949de43defe113750529,1703217000,2069185.3333333333,4717778.4,3213127.466666667,4777583.466666667,3691076.0,3714780.533333333,4773062.4,5134797.6,3458400.8,5407884.8,2171762.4,4505643.733333333,2350216.2666666666,202719.2,354284.5333333333,4688601.333333333,247355.46666666667,184986.9333333333,374794.6666666667,3772506.933333333,4500342.933333334,6219852.8,3808288.533333333,5151237.333333333,3974741.6,4799693.333333333,2738653.066666667,4573541.333333333,2715597.066666667,3763168.2666666666
65257bd580cf949de43defe113750529,1703217120,2069185.3333333333,4717778.4,3213127.466666667,4777583.466666667,3691076.0,3714780.533333333,4773062.4,5134797.6,3458400.8,5407884.8,2171762.4,4505643.733333333,2350216.2666666666,202719.2,354284.5333333333,4799693.333333333,247355.46666666667,184986.9333333333,374794.6666666667,3772506.933333333,4500342.933333334,6219852.8,3808288.533333333,5151237.333333333,3974741.6,4688601.333333333,2738653.066666667,4573541.333333333,2715597.066666667,3763168.2666666666
a47f48821fc1ffe7057a87438b541bec,1703215320,50.0,62.0,47.0,51.0,42.0,45.0,48.0,49.0,33.0,33.0,42.0,44.0,44.0,44.0,34.0,52.0,44.0,53.0,38.0,36.0,38.0,37.0,36.0,49.0,42.0,42.0,43.0,43.0,56.0,44.0
a47f48821fc1ffe7057a87438b541bec,1703216760,62.0,47.0,51.0,42.0,45.0,48.0,49.0,33.0,33.0,42.0,52.0,44.0,44.0,44.0,34.0,49.0,44.0,53.0,38.0,36.0,38.0,37.0,36.0,42.0,42.0,43.0,43.0,56.0,44.0,56.0
a47f48821fc1ffe7057a87438b541bec,1703216880,62.0,47.0,51.0,42.0,45.0,48.0,49.0,33.0,33.0,42.0,52.0,44.0,44.0,44.0,34.0,42.0,44.0,53.0,38.0,36.0,38.0,37.0,36.0,49.0,42.0,43.0,43.0,56.0,44.0,56.0
a47f48821fc1ffe7057a87438b541bec,1703217000,62.0,47.0,51.0,42.0,45.0,48.0,49.0,33.0,33.0,42.0,52.0,44.0,44.0,44.0,34.0,42.0,44.0,53.0,38.0,36.0,38.0,37.0,36.0,49.0,42.0,43.0,43.0,56.0,44.0,56.0
a47f48821fc1ffe7057a87438b541bec,1703217120,62.0,47.0,51.0,42.0,45.0,48.0,49.0,33.0,33.0,42.0,52.0,44.0,44.0,44.0,34.0,43.0,44.0,53.0,38.0,36.0,38.0,37.0,36.0,49.0,42.0,42.0,43.0,56.0,44.0,56.0
a47f48821fc1ffe7057a87438b541bec,1703217240,62.0,47.0,51.0,42.0,45.0,48.0,49.0,33.0,33.0,42.0,52.0,44.0,44.0,44.0,34.0,43.0,44.0,53.0,38.0,36.0,38.0,37.0,36.0,49.0,42.0,42.0,43.0,56.0,44.0,56.0
a47f48821fc1ffe7057a87438b541bec,1703217360,62.0,47.0,51.0,42.0,45.0,48.0,49.0,33.0,33.0,42.0,52.0,44.0,44.0,44.0,34.0,56.0,44.0,53.0,38.0,36.0,38.0,37.0,36.0,49.0,42.0,42.0,43.0,43.0,44.0,56.0
a47f48821fc1ffe7057a87438b541bec,1703217480,62.0,47.0,51.0,42.0,45.0,48.0,49.0,33.0,33.0,42.0,52.0,44.0,44.0,44.0,34.0,44.0,44.0,53.0,38.0,36.0,38.0,37.0,36.0,49.0,42.0,42.0,43.0,43.0,56.0,56.0
a47f48821fc1ffe7057a87438b541bec,1703217600,62.0,47.0,51.0,42.0,45.0,48.0,49.0,33.0,33.0,42.0,52.0,44.0,44.0,44.0,34.0,56.0,44.0,53.0,38.0,36.0,38.0,37.0,36.0,49.0,42.0,42.0,43.0,43.0,56.0,44.0
e1fbf41c6fa96ef4c13a1fd87eb35a08,1703217240,0.6,0.509090909090909,0.4181742150142725,0.3636429753268241,0.3817973565078268,0.4727100832696992,0.3636363636363636,0.2909143802614593,0.3090066345542125,0.4000145459834903,0.600043639537421,0.3272727272727272,0.4182122336169903,0.5818181818181818,0.6,0.0,0.6728129034604404,0.2909090909090909,0.4,0.3636561994290597,0.4363715703921889,0.3636561994290597,0.4181970253463761,0.4909180166912126,0.3999927274049562,0.2181818181818181,0.0363642975326824,0.1272750413643884,0.2727322314951181,0.7636224795912802
addb8708ca4d6be7f10fb32c51d26c4b,1703214000,28.0,31.0,28.0,28.0,31.0,28.0,27.0,28.0,31.0,28.0,28.0,28.0,31.0,28.0,28.0,28.0,33.0,29.0,28.0,28.0,31.0,28.0,28.0,30.0,31.0,27.0,28.0,32.0,27.0,28.0
addb8708ca4d6be7f10fb32c51d26c4b,1703214240,28.0,28.0,28.0,28.0,31.0,28.0,27.0,28.0,31.0,28.0,28.0,28.0,31.0,28.0,28.0,31.0,33.0,29.0,28.0,28.0,31.0,28.0,28.0,30.0,31.0,27.0,28.0,32.0,27.0,28.0
addb8708ca4d6be7f10fb32c51d26c4b,1703214360,28.0,28.0,31.0,28.0,31.0,28.0,27.0,28.0,31.0,28.0,28.0,28.0,31.0,28.0,28.0,28.0,33.0,29.0,28.0,28.0,31.0,28.0,28.0,30.0,31.0,27.0,28.0,32.0,27.0,28.0
addb8708ca4d6be7f10fb32c51d26c4b,1703214480,28.0,28.0,31.0,28.0,31.0,28.0,27.0,28.0,31.0,28.0,28.0,28.0,31.0,28.0,28.0,28.0,33.0,29.0,28.0,28.0,31.0,28.0,28.0,30.0,31.0,27.0,28.0,32.0,27.0,28.0
addb8708ca4d6be7f10fb32c51d26c4b,1703214600,28.0,28.0,31.0,28.0,28.0,28.0,27.0,28.0,31.0,28.0,28.0,28.0,31.0,28.0,28.0,31.0,33.0,29.0,28.0,28.0,31.0,28.0,28.0,30.0,31.0,27.0,28.0,32.0,27.0,28.0
addb8708ca4d6be7f10fb32c51d26c4b,1703214720,28.0,28.0,31.0,28.0,28.0,31.0,27.0,28.0,31.0,28.0,28.0,28.0,31.0,28.0,28.0,28.0,33.0,29.0,28.0,28.0,31.0,28.0,28.0,30.0,31.0,27.0,28.0,32.0,27.0,28.0
addb8708ca4d6be7f10fb32c51d26c4b,1703214840,28.0,28.0,31.0,28.0,28.0,31.0,28.0,28.0,31.0,28.0,28.0,28.0,31.0,28.0,28.0,27.0,33.0,29.0,28.0,28.0,31.0,28.0,28.0,30.0,31.0,27.0,28.0,32.0,27.0,28.0
addb8708ca4d6be7f10fb32c51d26c4b,1703214960,28.0,28.0,31.0,28.0,28.0,31.0,28.0,27.0,31.0,28.0,28.0,28.0,31.0,28.0,28.0,28.0,33.0,29.0,28.0,28.0,31.0,28.0,28.0,30.0,31.0,27.0,28.0,32.0,27.0,28.0
addb8708ca4d6be7f10fb32c51d26c4b,1703215080,28.0,28.0,31.0,28.0,28.0,31.0,28.0,27.0,28.0,28.0,28.0,28.0,31.0,28.0,28.0,31.0,33.0,29.0,28.0,28.0,31.0,28.0,28.0,30.0,31.0,27.0,28.0,32.0,27.0,28.0
addb8708ca4d6be7f10fb32c51d26c4b,1703215200,28.0,28.0,31.0,28.0,28.0,31.0,28.0,27.0,28.0,31.0,28.0,28.0,31.0,28.0,28.0,28.0,33.0,29.0,28.0,28.0,31.0,28.0,28.0,30.0,31.0,27.0,28.0,32.0,27.0,28.0
addb8708ca4d6be7f10fb32c51d26c4b,1703215320,28.0,28.0,31.0,28.0,28.0,31.0,28.0,27.0,28.0,31.0,28.0,28.0,31.0,28.0,28.0,28.0,33.0,29.0,28.0,28.0,31.0,28.0,28.0,30.0,31.0,27.0,28.0,32.0,27.0,28.0
addb8708ca4d6be7f10fb32c51d26c4b,1703215440,28.0,28.0,31.0,28.0,28.0,31.0,28.0,27.0,28.0,31.0,28.0,28.0,31.0,28.0,28.0,28.0,33.0,29.0,28.0,28.0,31.0,28.0,28.0,30.0,31.0,27.0,28.0,32.0,27.0,28.0
addb8708ca4d6be7f10fb32c51d26c4b,1703215560,28.0,28.0,31.0,28.0,28.0,31.0,28.0,27.0,28.0,31.0,28.0,28.0,28.0,28.0,28.0,31.0,33.0,29.0,28.0,28.0,31.0,28.0,28.0,30.0,31.0,27.0,28.0,32.0,27.0,28.0
addb8708ca4d6be7f10fb32c51d26c4b,1703215680,28.0,28.0,31.0,28.0,28.0,31.0,28.0,27.0,28.0,31.0,28.0,28.0,28.0,31.0,28.0,28.0,33.0,29.0,28.0,28.0,31.0,28.0,28.0,30.0,31.0,27.0,28.0,32.0,27.0,28.0
addb8708ca4d6be7f10fb32c51d26c4b,1703215800,28.0,28.0,31.0,28.0,28.0,31.0,28.0,27.0,28.0,31.0,28.0,28.0,28.0,31.0,28.0,28.0,33.0,29.0,28.0,28.0,31.0,28.0,28.0,30.0,31.0,27.0,28.0,32.0,27.0,28.0
addb8708ca4d6be7f10fb32c51d26c4b,1703215920,28.0,31.0,28.0,28.0,31.0,28.0,27.0,28.0,31.0,28.0,28.0,28.0,31.0,28.0,28.0,33.0,29.0,28.0,28.0,31.0,28.0,28.0,30.0,31.0,27.0,28.0,32.0,27.0,28.0,28.0
addb8708ca4d6be7f10fb32c51d26c4b,1703216160,28.0,31.0,28.0,28.0,31.0,28.0,27.0,28.0,31.0,28.0,28.0,28.0,31.0,28.0,28.0,28.0,33.0,29.0,28.0,31.0,28.0,28.0,30.0,31.0,27.0,28.0,32.0,27.0,28.0,28.0
addb8708ca4d6be7f10fb32c51d26c4b,1703216280,28.0,31.0,28.0,28.0,31.0,28.0,27.0,28.0,31.0,28.0,28.0,28.0,31.0,28.0,28.0,28.0,33.0,29.0,28.0,31.0,28.0,28.0,30.0,31.0,27.0,28.0,32.0,27.0,28.0,28.0
addb8708ca4d6be7f10fb32c51d26c4b,1703216400,28.0,31.0,28.0,28.0,31.0,28.0,27.0,28.0,31.0,28.0,28.0,28.0,31.0,28.0,28.0,31.0,33.0,29.0,28.0,28.0,28.0,28.0,30.0,31.0,27.0,28.0,32.0,27.0,28.0,28.0
addb8708ca4d6be7f10fb32c51d26c4b,1703216520,28.0,31.0,28.0,28.0,31.0,28.0,27.0,28.0,31.0,28.0,28.0,28.0,31.0,28.0,28.0,28.0,33.0,29.0,28.0,28.0,31.0,28.0,30.0,31.0,27.0,28.0,32.0,27.0,28.0,28.0
addb8708ca4d6be7f10fb32c51d26c4b,1703216640,28.0,31.0,28.0,28.0,31.0,28.0,27.0,28.0,31.0,28.0,28.0,28.0,31.0,28.0,28.0,28.0,33.0,29.0,28.0,28.0,31.0,28.0,30.0,31.0,27.0,28.0,32.0,27.0,28.0,28.0
addb8708ca4d6be7f10fb32c51d26c4b,1703216760,28.0,31.0,28.0,28.0,31.0,28.0,27.0,28.0,31.0,28.0,28.0,28.0,31.0,28.0,28.0,30.0,33.0,29.0,28.0,28.0,31.0,28.0,28.0,31.0,27.0,28.0,32.0,27.0,28.0,28.0
addb8708ca4d6be7f10fb32c51d26c4b,1703216880,28.0,31.0,28.0,28.0,31.0,28.0,27.0,28.0,31.0,28.0,28.0,28.0,31.0,28.0,28.0,31.0,33.0,29.0,28.0,28.0,31.0,28.0,28.0,30.0,27.0,28.0,32.0,27.0,28.0,28.0
addb8708ca4d6be7f10fb32c51d26c4b,1703217000,28.0,31.0,28.0,28.0,31.0,28.0,27.0,28.0,31.0,28.0,28.0,28.0,31.0,28.0,28.0,27.0,33.0,29.0,28.0,28.0,31.0,28.0,28.0,30.0,31.0,28.0,32.0,27.0,28.0,28.0
addb8708ca4d6be7f10fb32c51d26c4b,1703217120,28.0,31.0,28.0,28.0,31.0,28.0,27.0,28.0,31.0,28.0,28.0,28.0,31.0,28.0,28.0,28.0,33.0,29.0,28.0,28.0,31.0,28.0,28.0,30.0,31.0,27.0,32.0,27.0,28.0,28.0
addb8708ca4d6be7f10fb32c51d26c4b,1703217240,28.0,31.0,28.0,28.0,31.0,28.0,27.0,28.0,31.0,28.0,28.0,28.0,31.0,28.0,28.0,32.0,33.0,29.0,28.0,28.0,31.0,28.0,28.0,30.0,31.0,27.0,28.0,27.0,28.0,28.0
addb8708ca4d6be7f10fb32c51d26c4b,1703217360,28.0,31.0,28.0,28.0,31.0,28.0,27.0,28.0,31.0,28.0,28.0,28.0,31.0,28.0,28.0,27.0,33.0,29.0,28.0,28.0,31.0,28.0,28.0,30.0,31.0,27.0,28.0,32.0,28.0,28.0
addb8708ca4d6be7f10fb32c51d26c4b,1703217480,28.0,31.0,28.0,28.0,31.0,28.0,27.0,28.0,31.0,28.0,28.0,28.0,31.0,28.0,28.0,28.0,33.0,29.0,28.0,28.0,31.0,28.0,28.0,30.0,31.0,27.0,28.0,32.0,27.0,28.0
addb8708ca4d6be7f10fb32c51d26c4b,1703217600,28.0,31.0,28.0,28.0,31.0,28.0,27.0,28.0,31.0,28.0,28.0,28.0,31.0,28.0,28.0,28.0,33.0,29.0,28.0,28.0,31.0,28.0,28.0,30.0,31.0,27.0,28.0,32.0,27.0,28.0
6ad2d13248c5eddd35b3dbb2c1dd6a53,1703214120,2.0,2.0,2.0,3.0,2.0,3.0,2.0,2.0,3.0,2.0,3.0,2.0,2.0,3.0,2.0,3.0,2.0,3.0,2.0,3.0,2.0,2.0,3.0,2.0,3.0,2.0,2.0,3.0,2.0,3.0
6ad2d13248c5eddd35b3dbb2c1dd6a53,1703214480,2.0,3.0,2.0,2.0,2.0,3.0,2.0,2.0,3.0,2.0,3.0,2.0,2.0,3.0,2.0,3.0,2.0,3.0,2.0,3.0,2.0,2.0,3.0,2.0,3.0,2.0,2.0,3.0,2.0,3.0
6ad2d13248c5eddd35b3dbb2c1dd6a53,1703214720,2.0,3.0,2.0,2.0,3.0,2.0,2.0,2.0,3.0,2.0,3.0,2.0,2.0,3.0,2.0,3.0,2.0,3.0,2.0,3.0,2.0,2.0,3.0,2.0,3.0,2.0,2.0,3.0,2.0,3.0
6ad2d13248c5eddd35b3dbb2c1dd6a53,1703215080,2.0,3.0,2.0,2.0,3.0,2.0,3.0,2.0,2.0,2.0,3.0,2.0,2.0,3.0,2.0,3.0,2.0,3.0,2.0,3.0,2.0,2.0,3.0,2.0,3.0,2.0,2.0,3.0,2.0,3.0
6ad2d13248c5eddd35b3dbb2c1dd6a53,1703215320,2.0,3.0,2.0,2.0,3.0,2.0,3.0,2.0,2.0,3.0,2.0,2.0,2.0,3.0,2.0,3.0,2.0,3.0,2.0,3.0,2.0,2.0,3.0,2.0,3.0,2.0,2.0,3.0,2.0,3.0
6ad2d13248c5eddd35b3dbb2c1dd6a53,1703215680,2.0,3.0,2.0,2.0,3.0,2.0,3.0,2.0,2.0,3.0,2.0,3.0,2.0,2.0,2.0,3.0,2.0,3.0,2.0,3.0,2.0,2.0,3.0,2.0,3.0,2.0,2.0,3.0,2.0,3.0
6ad2d13248c5eddd35b3dbb2c1dd6a53,1703216040,3.0,2.0,2.0,3.0,2.0,3.0,2.0,2.0,3.0,2.0,3.0,2.0,2.0,3.0,2.0,3.0,2.0,2.0,3.0,2.0,2.0,3.0,2.0,3.0,2.0,2.0,3.0,2.0,3.0,2.0
6ad2d13248c5eddd35b3dbb2c1dd6a53,1703216280,3.0,2.0,2.0,3.0,2.0,3.0,2.0,2.0,3.0,2.0,3.0,2.0,2.0,3.0,2.0,3.0,2.0,3.0,2.0,2.0,2.0,3.0,2.0,3.0,2.0,2.0,3.0,2.0,3.0,2.0
6ad2d13248c5eddd35b3dbb2c1dd6a53,1703216640,3.0,2.0,2.0,3.0,2.0,3.0,2.0,2.0,3.0,2.0,3.0,2.0,2.0,3.0,2.0,3.0,2.0,3.0,2.0,3.0,2.0,2.0,2.0,3.0,2.0,2.0,3.0,2.0,3.0,2.0
6ad2d13248c5eddd35b3dbb2c1dd6a53,1703216880,3.0,2.0,2.0,3.0,2.0,3.0,2.0,2.0,3.0,2.0,3.0,2.0,2.0,3.0,2.0,3.0,2.0,3.0,2.0,3.0,2.0,2.0,3.0,2.0,2.0,2.0,3.0,2.0,3.0,2.0
6ad2d13248c5eddd35b3dbb2c1dd6a53,1703217240,3.0,2.0,2.0,3.0,2.0,3.0,2.0,2.0,3.0,2.0,3.0,2.0,2.0,3.0,2.0,3.0,2.0,3.0,2.0,3.0,2.0,2.0,3.0,2.0,3.0,2.0,2.0,2.0,3.0,2.0
6ad2d13248c5eddd35b3dbb2c1dd6a53,1703217480,3.0,2.0,2.0,3.0,2.0,3.0,2.0,2.0,3.0,2.0,3.0,2.0,2.0,3.0,2.0,3.0,2.0,3.0,2.0,3.0,2.0,2.0,3.0,2.0,3.0,2.0,2.0,3.0,2.0,2.0
7023eefc5d78a5c7551373c93600b099,1703214000,67.0,52.0,56.0,46.0,49.0,54.0,51.0,38.0,35.0,44.0,57.0,50.0,45.0,47.0,36.0,54.0,71.0,55.0,41.0,40.0,41.0,39.0,41.0,51.0,48.0,46.0,46.0,47.0,67.0,45.0
7023eefc5d78a5c7551373c93600b099,1703214120,54.0,52.0,56.0,46.0,49.0,54.0,51.0,38.0,35.0,44.0,57.0,50.0,45.0,47.0,36.0,67.0,71.0,55.0,41.0,40.0,41.0,39.0,41.0,51.0,48.0,46.0,46.0,47.0,67.0,45.0
7023eefc5d78a5c7551373c93600b099,1703215680,54.0,67.0,52.0,56.0,46.0,49.0,54.0,51.0,38.0,35.0,44.0,57.0,50.0,45.0,36.0,47.0,71.0,55.0,41.0,40.0,41.0,39.0,41.0,51.0,48.0,46.0,46.0,47.0,67.0,45.0
7023eefc5d78a5c7551373c93600b099,1703216520,67.0,52.0,56.0,46.0,49.0,54.0,51.0,38.0,35.0,44.0,57.0,50.0,45.0,47.0,36.0,39.0,71.0,55.0,41.0,40.0,41.0,41.0,51.0,48.0,46.0,46.0,47.0,67.0,45.0,57.0
7023eefc5d78a5c7551373c93600b099,1703216640,67.0,52.0,56.0,46.0,49.0,54.0,51.0,38.0,35.0,44.0,57.0,50.0,45.0,47.0,36.0,41.0,71.0,55.0,41.0,40.0,41.0,39.0,51.0,48.0,46.0,46.0,47.0,67.0,45.0,57.0
7023eefc5d78a5c7551373c93600b099,1703216760,67.0,52.0,56.0,46.0,49.0,54.0,51.0,38.0,35.0,44.0,57.0,50.0,45.0,47.0,36.0,51.0,71.0,55.0,41.0,40.0,41.0,39.0,41.0,48.0,46.0,46.0,47.0,67.0,45.0,57.0
7023eefc5d78a5c7551373c93600b099,1703216880,67.0,52.0,56.0,46.0,49.0,54.0,51.0,38.0,35.0,44.0,57.0,50.0,45.0,47.0,36.0,48.0,71.0,55.0,41.0,40.0,41.0,39.0,41.0,51.0,46.0,46.0,47.0,67.0,45.0,57.0
7023eefc5d78a5c7551373c93600b099,1703217000,67.0,52.0,56.0,46.0,49.0,54.0,51.0,38.0,35.0,44.0,57.0,50.0,45.0,47.0,36.0,46.0,71.0,55.0,41.0,40.0,41.0,39.0,41.0,51.0,48.0,46.0,47.0,67.0,45.0,57.0
7023eefc5d78a5c7551373c93600b099,1703217120,67.0,52.0,56.0,46.0,49.0,54.0,51.0,38.0,35.0,44.0,57.0,50.0,45.0,47.0,36.0,46.0,71.0,55.0,41.0,40.0,41.0,39.0,41.0,51.0,48.0,46.0,47.0,67.0,45.0,57.0
7023eefc5d78a5c7551373c93600b099,1703217240,67.0,52.0,56.0,46.0,49.0,54.0,51.0,38.0,35.0,44.0,57.0,50.0,45.0,47.0,36.0,47.0,71.0,55.0,41.0,40.0,41.0,39.0,41.0,51.0,48.0,46.0,46.0,67.0,45.0,57.0
7023eefc5d78a5c7551373c93600b099,1703217360,67.0,52.0,56.0,46.0,49.0,54.0,51.0,38.0,35.0,44.0,57.0,50.0,45.0,47.0,36.0,67.0,71.0,55.0,41.0,40.0,41.0,39.0,41.0,51.0,48.0,46.0,46.0,47.0,45.0,57.0
7023eefc5d78a5c7551373c93600b099,1703217480,67.0,52.0,56.0,46.0,49.0,54.0,51.0,38.0,35.0,44.0,57.0,50.0,45.0,47.0,36.0,45.0,71.0,55.0,41.0,40.0,41.0,39.0,41.0,51.0,48.0,46.0,46.0,47.0,67.0,57.0
7023eefc5d78a5c7551373c93600b099,1703217600,67.0,52.0,56.0,46.0,49.0,54.0,51.0,38.0,35.0,44.0,57.0,50.0,45.0,47.0,36.0,57.0,71.0,55.0,41.0,40.0,41.0,39.0,41.0,51.0,48.0,46.0,46.0,47.0,67.0,45.0
3415e4bc823ff9c472ee313e2c790cf9,1703215800,54.0,67.0,51.0,55.0,45.0,49.0,54.0,50.0,37.0,34.0,44.0,54.0,50.0,45.0,47.0,36.0,50.0,55.0,41.0,40.0,40.0,38.0,40.0,51.0,48.0,46.0,46.0,45.0,63.0,45.0
3415e4bc823ff9c472ee313e2c790cf9,1703216760,67.0,51.0,55.0,45.0,49.0,54.0,50.0,37.0,34.0,44.0,54.0,50.0,45.0,47.0,36.0,51.0,50.0,55.0,41.0,40.0,40.0,38.0,40.0,48.0,46.0,46.0,45.0,63.0,45.0,57.0
3415e4bc823ff9c472ee313e2c790cf9,1703216880,67.0,51.0,55.0,45.0,49.0,54.0,50.0,37.0,34.0,44.0,54.0,50.0,45.0,47.0,36.0,48.0,50.0,55.0,41.0,40.0,40.0,38.0,40.0,51.0,46.0,46.0,45.0,63.0,45.0,57.0
3415e4bc823ff9c472ee313e2c790cf9,1703217000,67.0,51.0,55.0,45.0,49.0,54.0,50.0,37.0,34.0,44.0,54.0,50.0,45.0,47.0,36.0,46.0,50.0,55.0,41.0,40.0,40.0,38.0,40.0,51.0,48.0,46.0,45.0,63.0,45.0,57.0
3415e4bc823ff9c472ee313e2c790cf9,1703217120,67.0,51.0,55.0,45.0,49.0,54.0,50.0,37.0,34.0,44.0,54.0,50.0,45.0,47.0,36.0,46.0,50.0,55.0,41.0,40.0,40.0,38.0,40.0,51.0,48.0,46.0,45.0,63.0,45.0,57.0
3415e4bc823ff9c472ee313e2c790cf9,1703217240,67.0,51.0,55.0,45.0,49.0,54.0,50.0,37.0,34.0,44.0,54.0,50.0,45.0,47.0,36.0,45.0,50.0,55.0,41.0,40.0,40.0,38.0,40.0,51.0,48.0,46.0,46.0,63.0,45.0,57.0
3415e4bc823ff9c472ee313e2c790cf9,1703217360,67.0,51.0,55.0,45.0,49.0,54.0,50.0,37.0,34.0,44.0,54.0,50.0,45.0,47.0,36.0,63.0,50.0,55.0,41.0,40.0,40.0,38.0,40.0,51.0,48.0,46.0,46.0,45.0,45.0,57.0
3415e4bc823ff9c472ee313e2c790cf9,1703217480,67.0,51.0,55.0,45.0,49.0,54.0,50.0,37.0,34.0,44.0,54.0,50.0,45.0,47.0,36.0,45.0,50.0,55.0,41.0,40.0,40.0,38.0,40.0,51.0,48.0,46.0,46.0,45.0,63.0,57.0
3415e4bc823ff9c472ee313e2c790cf9,1703217600,67.0,51.0,55.0,45.0,49.0,54.0,50.0,37.0,34.0,44.0,54.0,50.0,45.0,47.0,36.0,57.0,50.0,55.0,41.0,40.0,40.0,38.0,40.0,51.0,48.0,46.0,46.0,45.0,63.0,45.0
a12a3588ce6e1070ca3dd19d3b8acf4c,1703215920,4.0,7.0,4.0,4.0,7.0,4.0,3.0,4.0,7.0,4.0,4.0,4.0,7.0,4.0,4.0,8.0,4.0,4.0,4.0,7.0,4.0,4.0,5.0,7.0,3.0,4.0,8.0,3.0,4.0,4.0
a12a3588ce6e1070ca3dd19d3b8acf4c,1703216400,4.0,7.0,4.0,4.0,7.0,4.0,3.0,4.0,7.0,4.0,4.0,4.0,7.0,4.0,4.0,7.0,8.0,4.0,4.0,4.0,4.0,4.0,5.0,7.0,3.0,4.0,8.0,3.0,4.0,4.0
8c5982b0c61908b0749da80058f22cfc,1703214120,1.0,1.0,1.0,1.0,1.0,1.0,1.0,1.0,1.0,1.0,1.0,1.0,1.0,1.0,1.0,1.0,1.0,1.0,1.0,1.0,1.0,1.0,1.0,1.0,1.0,1.0,1.0,1.0,1.0,1.0
8c5982b0c61908b0749da80058f22cfc,1703214240,1.0,1.0,1.0,1.0,1.0,1.0,1.0,1.0,1.0,1.0,1.0,1.0,1.0,1.0,1.0,1.0,1.0,1.0,1.0,1.0,1.0,1.0,1.0,1.0,1.0,1.0,1.0,1.0,1.0,1.0
8c5982b0c61908b0749da80058f22cfc,1703214360,1.0,1.0,1.0,1.0,1.0,1.0,1.0,1.0,1.0,1.0,1.0,1.0,1.0,1.0,1.0,1.0,1.0,1.0,1.0,1.0,1.0,1.0,1.0,1.0,1.0,1.0,1.0,1.0,1.0,1.0
8c5982b0c61908b0749da80058f22cfc,1703214480,1.0,1.0,1.0,1.0,1.0,1.0,1.0,1.0,1.0,1.0,1.0,1.0,1.0,1.0,1.0,1.0,1.0,1.0,1.0,1.0,1.0,1.0,1.0,1.0,1.0,1.0,1.0,1.0,1.0,1.0
8c5982b0c61908b0749da80058f22cfc,1703214600,1.0,1.0,1.0,1.0,1.0,1.0,1.0,1.0,1.0,1.0,1.0,1.0,1.0,1.0,1.0,1.0,1.0,1.0,1.0,1.0,1.0,1.0,1.0,1.0,1.0,1.0,1.0,1.0,1.0,1.0
8c5982b0c61908b0749da80058f22cfc,1703214720,1.0,1.0,1.0,1.0,1.0,1.0,1.0,1.0,1.0,1.0,1.0,1.0,1.0,1.0,1.0,1.0,1.0,1.0,1.0,1.0,1.0,1.0,1.0,1.0,1.0,1.0,1.0,1.0,1.0,1.0
8c5982b0c61908b0749da80058f22cfc,1703214840,1.0,1.0,1.0,1.0,1.0,1.0,1.0,1.0,1.0,1.0,1.0,1.0,1.0,1.0,1.0,1.0,1.0,1.0,1.0,1.0,1.0,1.0,1.0,1.0,1.0,1.0,1.0,1.0,1.0,1.0
8c5982b0c61908b0749da80058f22cfc,1703214960,1.0,1.0,1.0,1.0,1.0,1.0,1.0,1.0,1.0,1.0,1.0,1.0,1.0,1.0,1.0,1.0,1.0,1.0,1.0,1.0,1.0,1.0,1.0,1.0,1.0,1.0,1.0,1.0,1.0,1.0
8c5982b0c61908b0749da80058f22cfc,1703215080,1.0,1.0,1.0,1.0,1.0,1.0,1.0,1.0,1.0,1.0,1.0,1.0,1.0,1.0,1.0,1.0,1.0,1.0,1.0,1.0,1.0,1.0,1.0,1.0,1.0,1.0,1.0,1.0,1.0,1.0
8c5982b0c61908b0749da80058f22cfc,1703215200,1.0,1.0,1.0,1.0,1.0,1.0,1.0,1.0,1.0,1.0,1.0,1.0,1.0,1.0,1.0,1.0,1.0,1.0,1.0,1.0,1.0,1.0,1.0,1.0,1.0,1.0,1.0,1.0,1.0,1.0
8c5982b0c61908b0749da80058f22cfc,1703215320,1.0,1.0,1.0,1.0,1.0,1.0,1.0,1.0,1.0,1.0,1.0,1.0,1.0,1.0,1.0,1.0,1.0,1.0,1.0,1.0,1.0,1.0,1.0,1.0,1.0,1.0,1.0,1.0,1.0,1.0
8c5982b0c61908b0749da80058f22cfc,1703215440,1.0,1.0,1.0,1.0,1.0,1.0,1.0,1.0,1.0,1.0,1.0,1.0,1.0,1.0,1.0,1.0,1.0,1.0,1.0,1.0,1.0,1.0,1.0,1.0,1.0,1.0,1.0,1.0,1.0,1.0
8c5982b0c61908b0749da80058f22cfc,1703215560,1.0,1.0,1.0,1.0,1.0,1.0,1.0,1.0,1.0,1.0,1.0,1.0,1.0,1.0,1.0,1.0,1.0,1.0,1.0,1.0,1.0,1.0,1.0,1.0,1.0,1.0,1.0,1.0,1.0,1.0
8c5982b0c61908b0749da80058f22cfc,1703215680,1.0,1.0,1.0,1.0,1.0,1.0,1.0,1.0,1.0,1.0,1.0,1.0,1.0,1.0,1.0,1.0,1.0,1.0,1.0,1.0,1.0,1.0,1.0,1.0,1.0,1.0,1.0,1.0,1.0,1.0
8c5982b0c61908b0749da80058f22cfc,1703215800,1.0,1.0,1.0,1.0,1.0,1.0,1.0,1.0,1.0,1.0,1.0,1.0,1.0,1.0,1.0,1.0,1.0,1.0,1.0,1.0,1.0,1.0,1.0,1.0,1.0,1.0,1.0,1.0,1.0,1.0
8c5982b0c61908b0749da80058f22cfc,1703215920,1.0,1.0,1.0,1.0,1.0,1.0,1.0,1.0,1.0,1.0,1.0,1.0,1.0,1.0,1.0,1.0,1.0,1.0,1.0,1.0,1.0,1.0,1.0,1.0,1.0,1.0,1.0,1.0,1.0,1.0
8c5982b0c61908b0749da80058f22cfc,1703216040,1.0,1.0,1.0,1.0,1.0,1.0,1.0,1.0,1.0,1.0,1.0,1.0,1.0,1.0,1.0,1.0,1.0,1.0,1.0,1.0,1.0,1.0,1.0,1.0,1.0,1.0,1.0,1.0,1.0,1.0
8c5982b0c61908b0749da80058f22cfc,1703216160,1.0,1.0,1.0,1.0,1.0,1.0,1.0,1.0,1.0,1.0,1.0,1.0,1.0,1.0,1.0,1.0,1.0,1.0,1.0,1.0,1.0,1.0,1.0,1.0,1.0,1.0,1.0,1.0,1.0,1.0
8c5982b0c61908b0749da80058f22cfc,1703216280,1.0,1.0,1.0,1.0,1.0,1.0,1.0,1.0,1.0,1.0,1.0,1.0,1.0,1.0,1.0,1.0,1.0,1.0,1.0,1.0,1.0,1.0,1.0,1.0,1.0,1.0,1.0,1.0,1.0,1.0
8c5982b0c61908b0749da80058f22cfc,1703216400,1.0,1.0,1.0,1.0,1.0,1.0,1.0,1.0,1.0,1.0,1.0,1.0,1.0,1.0,1.0,1.0,1.0,1.0,1.0,1.0,1.0,1.0,1.0,1.0,1.0,1.0,1.0,1.0,1.0,1.0
8c5982b0c61908b0749da80058f22cfc,1703216520,1.0,1.0,1.0,1.0,1.0,1.0,1.0,1.0,1.0,1.0,1.0,1.0,1.0,1.0,1.0,1.0,1.0,1.0,1.0,1.0,1.0,1.0,1.0,1.0,1.0,1.0,1.0,1.0,1.0,1.0
8c5982b0c61908b0749da80058f22cfc,1703216640,1.0,1.0,1.0,1.0,1.0,1.0,1.0,1.0,1.0,1.0,1.0,1.0,1.0,1.0,1.0,1.0,1.0,1.0,1.0,1.0,1.0,1.0,1.0,1.0,1.0,1.0,1.0,1.0,1.0,1.0
8c5982b0c61908b0749da80058f22cfc,1703216760,1.0,1.0,1.0,1.0,1.0,1.0,1.0,1.0,1.0,1.0,1.0,1.0,1.0,1.0,1.0,1.0,1.0,1.0,1.0,1.0,1.0,1.0,1.0,1.0,1.0,1.0,1.0,1.0,1.0,1.0
8c5982b0c61908b0749da80058f22cfc,1703216880,1.0,1.0,1.0,1.0,1.0,1.0,1.0,1.0,1.0,1.0,1.0,1.0,1.0,1.0,1.0,1.0,1.0,1.0,1.0,1.0,1.0,1.0,1.0,1.0,1.0,1.0,1.0,1.0,1.0,1.0
8c5982b0c61908b0749da80058f22cfc,1703217000,1.0,1.0,1.0,1.0,1.0,1.0,1.0,1.0,1.0,1.0,1.0,1.0,1.0,1.0,1.0,1.0,1.0,1.0,1.0,1.0,1.0,1.0,1.0,1.0,1.0,1.0,1.0,1.0,1.0,1.0
8c5982b0c61908b0749da80058f22cfc,1703217120,1.0,1.0,1.0,1.0,1.0,1.0,1.0,1.0,1.0,1.0,1.0,1.0,1.0,1.0,1.0,1.0,1.0,1.0,1.0,1.0,1.0,1.0,1.0,1.0,1.0,1.0,1.0,1.0,1.0,1.0
8c5982b0c61908b0749da80058f22cfc,1703217240,1.0,1.0,1.0,1.0,1.0,1.0,1.0,1.0,1.0,1.0,1.0,1.0,1.0,1.0,1.0,1.0,1.0,1.0,1.0,1.0,1.0,1.0,1.0,1.0,1.0,1.0,1.0,1.0,1.0,1.0
8c5982b0c61908b0749da80058f22cfc,1703217360,1.0,1.0,1.0,1.0,1.0,1.0,1.0,1.0,1.0,1.0,1.0,1.0,1.0,1.0,1.0,1.0,1.0,1.0,1.0,1.0,1.0,1.0,1.0,1.0,1.0,1.0,1.0,1.0,1.0,1.0
8c5982b0c61908b0749da80058f22cfc,1703217480,1.0,1.0,1.0,1.0,1.0,1.0,1.0,1.0,1.0,1.0,1.0,1.0,1.0,1.0,1.0,1.0,1.0,1.0,1.0,1.0,1.0,1.0,1.0,1.0,1.0,1.0,1.0,1.0,1.0,1.0
8c5982b0c61908b0749da80058f22cfc,1703217600,1.0,1.0,1.0,1.0,1.0,1.0,1.0,1.0,1.0,1.0,1.0,1.0,1.0,1.0,1.0,1.0,1.0,1.0,1.0,1.0,1.0,1.0,1.0,1.0,1.0,1.0,1.0,1.0,1.0,1.0
e65323282d67507ec55574663051a631,1703217360,5.0,1.0,2.0,1.0,2.0,2.0,1.0,2.0,0.0,1.0,1.0,4.0,1.0,2.0,0.0,6.0,4.0,1.0,3.0,3.0,1.0,0.0,1.0,0.0,3.0,2.0,3.0,2.0,1.0,0.0
f9f1a31ee0a51f3a711bc831d1744c4f,1703214840,2541.818181818181,2542.9090909090905,2581.090909090909,2558.135306630789,2571.319478535973,2529.680199261859,2520.999236391404,2568.046691758032,2544.3969826410985,2572.4571802611003,2567.09578878464,2558.181818181818,2327.0783329696706,36.0,36.0,2557.090909090909,42.55087011074136,18.545454545454543,24.0,2547.411677000564,2549.500900016364,2564.867174573159,2564.820538928688,2552.773686794306,2567.9533099398195,2571.2727272727266,2571.3194785359733,2528.773250422735,2547.3190421644035,2595.319914907544
f9f1a31ee0a51f3a711bc831d1744c4f,1703214960,2541.818181818181,2542.9090909090905,2581.090909090909,2558.135306630789,2571.319478535973,2529.680199261859,2520.999236391404,2557.090909090909,2544.3969826410985,2572.4571802611003,2567.09578878464,2558.181818181818,2327.0783329696706,36.0,36.0,2568.046691758032,42.55087011074136,18.545454545454543,24.0,2547.411677000564,2549.500900016364,2564.867174573159,2564.820538928688,2552.773686794306,2567.9533099398195,2571.2727272727266,2571.3194785359733,2528.773250422735,2547.3190421644035,2595.319914907544
f9f1a31ee0a51f3a711bc831d1744c4f,1703215080,2541.818181818181,2542.9090909090905,2581.090909090909,2558.135306630789,2571.319478535973,2529.680199261859,2520.999236391404,2557.090909090909,2568.046691758032,2572.4571802611003,2567.09578878464,2558.181818181818,2327.0783329696706,36.0,36.0,2544.3969826410985,42.55087011074136,18.545454545454543,24.0,2547.411677000564,2549.500900016364,2564.867174573159,2564.820538928688,2552.773686794306,2567.9533099398195,2571.2727272727266,2571.3194785359733,2528.773250422735,2547.3190421644035,2595.319914907544
f9f1a31ee0a51f3a711bc831d1744c4f,1703215200,2541.818181818181,2542.9090909090905,2581.090909090909,2558.135306630789,2571.319478535973,2529.680199261859,2520.999236391404,2557.090909090909,2568.046691758032,2544.3969826410985,2567.09578878464,2558.181818181818,2327.0783329696706,36.0,36.0,2572.4571802611003,42.55087011074136,18.545454545454543,24.0,2547.411677000564,2549.500900016364,2564.867174573159,2564.820538928688,2552.773686794306,2567.9533099398195,2571.2727272727266,2571.3194785359733,2528.773250422735,2547.3190421644035,2595.319914907544
f9f1a31ee0a51f3a711bc831d1744c4f,1703215320,2541.818181818181,2542.9090909090905,2581.090909090909,2558.135306630789,2571.319478535973,2529.680199261859,2520.999236391404,2557.090909090909,2568.046691758032,2544.3969826410985,2572.4571802611003,2558.181818181818,2327.0783329696706,36.0,36.0,2567.09578878464,42.55087011074136,18.545454545454543,24.0,2547.411677000564,2549.500900016364,2564.867174573159,2564.820538928688,2552.773686794306,2567.9533099398195,2571.2727272727266,2571.3194785359733,2528.773250422735,2547.3190421644035,2595.319914907544
f9f1a31ee0a51f3a711bc831d1744c4f,1703215440,2541.818181818181,2542.9090909090905,2581.090909090909,2558.135306630789,2571.319478535973,2529.680199261859,2520.999236391404,2557.090909090909,2568.046691758032,2544.3969826410985,2572.4571802611003,2567.09578878464,2327.0783329696706,36.0,36.0,2558.181818181818,42.55087011074136,18.545454545454543,24.0,2547.411677000564,2549.500900016364,2564.867174573159,2564.820538928688,2552.773686794306,2567.9533099398195,2571.2727272727266,2571.3194785359733,2528.773250422735,2547.3190421644035,2595.319914907544
f9f1a31ee0a51f3a711bc831d1744c4f,1703215680,2541.818181818181,2542.9090909090905,2581.090909090909,2558.135306630789,2571.319478535973,2529.680199261859,2520.999236391404,2557.090909090909,2568.046691758032,2544.3969826410985,2572.4571802611003,2567.09578878464,2558.181818181818,2327.0783329696706,36.0,36.0,42.55087011074136,18.545454545454543,24.0,2547.411677000564,2549.500900016364,2564.867174573159,2564.820538928688,2552.773686794306,2567.9533099398195,2571.2727272727266,2571.3194785359733,2528.773250422735,2547.3190421644035,2595.319914907544
f9f1a31ee0a51f3a711bc831d1744c4f,1703215800,2541.818181818181,2542.9090909090905,2581.090909090909,2558.135306630789,2571.319478535973,2529.680199261859,2520.999236391404,2557.090909090909,2568.046691758032,2544.3969826410985,2572.4571802611003,2567.09578878464,2558.181818181818,2327.0783329696706,36.0,36.0,42.55087011074136,18.545454545454543,24.0,2547.411677000564,2549.500900016364,2564.867174573159,2564.820538928688,2552.773686794306,2567.9533099398195,2571.2727272727266,2571.3194785359733,2528.773250422735,2547.3190421644035,2595.319914907544
f9f1a31ee0a51f3a711bc831d1744c4f,1703215920,2542.9090909090905,2581.090909090909,2558.135306630789,2571.319478535973,2529.680199261859,2520.999236391404,2557.090909090909,2568.046691758032,2544.3969826410985,2572.4571802611003,2567.09578878464,2558.181818181818,2327.0783329696706,36.0,36.0,42.55087011074136,18.545454545454543,24.0,2547.411677000564,2549.500900016364,2564.867174573159,2564.820538928688,2552.773686794306,2567.9533099398195,2571.2727272727266,2571.3194785359733,2528.773250422735,2547.3190421644035,2595.319914907544,2582.1348702750865
f9f1a31ee0a51f3a711bc831d1744c4f,1703216040,2542.9090909090905,2581.090909090909,2558.135306630789,2571.319478535973,2529.680199261859,2520.999236391404,2557.090909090909,2568.046691758032,2544.3969826410985,2572.4571802611003,2567.09578878464,2558.181818181818,2327.0783329696706,36.0,36.0,18.545454545454543,42.55087011074136,24.0,2547.411677000564,2549.500900016364,2564.867174573159,2564.820538928688,2552.773686794306,2567.9533099398195,2571.2727272727266,2571.3194785359733,2528.773250422735,2547.3190421644035,2595.319914907544,2582.1348702750865
f9f1a31ee0a51f3a711bc831d1744c4f,1703216160,2542.9090909090905,2581.090909090909,2558.135306630789,2571.319478535973,2529.680199261859,2520.999236391404,2557.090909090909,2568.046691758032,2544.3969826410985,2572.4571802611003,2567.09578878464,2558.181818181818,2327.0783329696706,36.0,36.0,24.0,42.55087011074136,18.545454545454543,2547.411677000564,2549.500900016364,2564.867174573159,2564.820538928688,2552.773686794306,2567.9533099398195,2571.2727272727266,2571.3194785359733,2528.773250422735,2547.3190421644035,2595.319914907544,2582.1348702750865
f9f1a31ee0a51f3a711bc831d1744c4f,1703216280,2542.9090909090905,2581.090909090909,2558.135306630789,2571.319478535973,2529.680199261859,2520.999236391404,2557.090909090909,2568.046691758032,2544.3969826410985,2572.4571802611003,2567.09578878464,2558.181818181818,2327.0783329696706,36.0,36.0,2547.411677000564,42.55087011074136,18.545454545454543,24.0,2549.500900016364,2564.867174573159,2564.820538928688,2552.773686794306,2567.9533099398195,2571.2727272727266,2571.3194785359733,2528.773250422735,2547.3190421644035,2595.319914907544,2582.1348702750865
f9f1a31ee0a51f3a711bc831d1744c4f,1703216400,2542.9090909090905,2581.090909090909,2558.135306630789,2571.319478535973,2529.680199261859,2520.999236391404,2557.090909090909,2568.046691758032,2544.3969826410985,2572.4571802611003,2567.09578878464,2558.181818181818,2327.0783329696706,36.0,36.0,2549.500900016364,42.55087011074136,18.545454545454543,24.0,2547.411677000564,2564.867174573159,2564.820538928688,2552.773686794306,2567.9533099398195,2571.2727272727266,2571.3194785359733,2528.773250422735,2547.3190421644035,2595.319914907544,2582.1348702750865
f9f1a31ee0a51f3a711bc831d1744c4f,1703216520,2542.9090909090905,2581.090909090909,2558.135306630789,2571.319478535973,2529.680199261859,2520.999236391404,2557.090909090909,2568.046691758032,2544.3969826410985,2572.4571802611003,2567.09578878464,2558.181818181818,2327.0783329696706,36.0,36.0,2564.867174573159,42.55087011074136,18.545454545454543,24.0,2547.411677000564,2549.500900016364,2564.820538928688,2552.773686794306,2567.9533099398195,2571.2727272727266,2571.3194785359733,2528.773250422735,2547.3190421644035,2595.319914907544,2582.1348702750865
f9f1a31ee0a51f3a711bc831d1744c4f,1703216640,2542.9090909090905,2581.090909090909,2558.135306630789,2571.319478535973,2529.680199261859,2520.999236391404,2557.090909090909,2568.046691758032,2544.3969826410985,2572.4571802611003,2567.09578878464,2558.181818181818,2327.0783329696706,36.0,36.0,2564.820538928688,42.55087011074136,18.545454545454543,24.0,2547.411677000564,2549.500900016364,2564.867174573159,2552.773686794306,2567.9533099398195,2571.2727272727266,2571.3194785359733,2528.773250422735,2547.3190421644035,2595.319914907544,2582.1348702750865
f9f1a31ee0a51f3a711bc831d1744c4f,1703216760,2542.9090909090905,2581.090909090909,2558.135306630789,2571.319478535973,2529.680199261859,2520.999236391404,2557.090909090909,2568.046691758032,2544.3969826410985,2572.4571802611003,2567.09578878464,2558.181818181818,2327.0783329696706,36.0,36.0,2552.773686794306,42.55087011074136,18.545454545454543,24.0,2547.411677000564,2549.500900016364,2564.867174573159,2564.820538928688,2567.9533099398195,2571.2727272727266,2571.3194785359733,2528.773250422735,2547.3190421644035,2595.319914907544,2582.1348702750865
f9f1a31ee0a51f3a711bc831d1744c4f,1703216880,2542.9090909090905,2581.090909090909,2558.135306630789,2571.319478535973,2529.680199261859,2520.999236391404,2557.090909090909,2568.046691758032,2544.3969826410985,2572.4571802611003,2567.09578878464,2558.181818181818,2327.0783329696706,36.0,36.0,2567.9533099398195,42.55087011074136,18.545454545454543,24.0,2547.411677000564,2549.500900016364,2564.867174573159,2564.820538928688,2552.773686794306,2571.2727272727266,2571.3194785359733,2528.773250422735,2547.3190421644035,2595.319914907544,2582.1348702750865
f9f1a31ee0a51f3a711bc831d1744c4f,1703217000,2542.9090909090905,2581.090909090909,2558.135306630789,2571.319478535973,2529.680199261859,2520.999236391404,2557.090909090909,2568.046691758032,2544.3969826410985,2572.4571802611003,2567.09578878464,2558.181818181818,2327.0783329696706,36.0,36.0,2571.2727272727266,42.55087011074136,18.545454545454543,24.0,2547.411677000564,2549.500900016364,2564.867174573159,2564.820538928688,2552.773686794306,2567.9533099398195,2571.3194785359733,2528.773250422735,2547.3190421644035,2595.319914907544,2582.1348702750865
f9f1a31ee0a51f3a711bc831d1744c4f,1703217120,2542.9090909090905,2581.090909090909,2558.135306630789,2571.319478535973,2529.680199261859,2520.999236391404,2557.090909090909,2568.046691758032,2544.3969826410985,2572.4571802611003,2567.09578878464,2558.181818181818,2327.0783329696706,36.0,36.0,2571.3194785359733,42.55087011074136,18.545454545454543,24.0,2547.411677000564,2549.500900016364,2564.867174573159,2564.820538928688,2552.773686794306,2567.9533099398195,2571.2727272727266,2528.773250422735,2547.3190421644035,2595.319914907544,2582.1348702750865
f9f1a31ee0a51f3a711bc831d1744c4f,1703217240,2542.9090909090905,2581.090909090909,2558.135306630789,2571.319478535973,2529.680199261859,2520.999236391404,2557.090909090909,2568.046691758032,2544.3969826410985,2572.4571802611003,2567.09578878464,2558.181818181818,2327.0783329696706,36.0,36.0,2528.773250422735,42.55087011074136,18.545454545454543,24.0,2547.411677000564,2549.500900016364,2564.867174573159,2564.820538928688,2552.773686794306,2567.9533099398195,2571.2727272727266,2571.3194785359733,2547.3190421644035,2595.319914907544,2582.1348702750865
f9f1a31ee0a51f3a711bc831d1744c4f,1703217360,2542.9090909090905,2581.090909090909,2558.135306630789,2571.319478535973,2529.680199261859,2520.999236391404,2557.090909090909,2568.046691758032,2544.3969826410985,2572.4571802611003,2567.09578878464,2558.181818181818,2327.0783329696706,36.0,36.0,2547.3190421644035,42.55087011074136,18.545454545454543,24.0,2547.411677000564,2549.500900016364,2564.867174573159,2564.820538928688,2552.773686794306,2567.9533099398195,2571.2727272727266,2571.3194785359733,2528.773250422735,2595.319914907544,2582.1348702750865
f9f1a31ee0a51f3a711bc831d1744c4f,1703217480,2542.9090909090905,2581.090909090909,2558.135306630789,2571.319478535973,2529.680199261859,2520.999236391404,2557.090909090909,2568.046691758032,2544.3969826410985,2572.4571802611003,2567.09578878464,2558.181818181818,2327.0783329696706,36.0,36.0,2595.319914907544,42.55087011074136,18.545454545454543,24.0,2547.411677000564,2549.500900016364,2564.867174573159,2564.820538928688,2552.773686794306,2567.9533099398195,2571.2727272727266,2571.3194785359733,2528.773250422735,2547.3190421644035,2582.1348702750865
f9f1a31ee0a51f3a711bc831d1744c4f,1703217600,2542.9090909090905,2581.090909090909,2558.135306630789,2571.319478535973,2529.680199261859,2520.999236391404,2557.090909090909,2568.046691758032,2544.3969826410985,2572.4571802611003,2567.09578878464,2558.181818181818,2327.0783329696706,36.0,36.0,2582.1348702750865,42.55087011074136,18.545454545454543,24.0,2547.411677000564,2549.500900016364,2564.867174573159,2564.820538928688,2552.773686794306,2567.9533099398195,2571.2727272727266,2571.3194785359733,2528.773250422735,2547.3190421644035,2595.319914907544
853015ced4aeeb33a38c6866d33110a3,1703215920,0.0,0.0,0.0,0.0,0.0,0.0,0.0,0.0,0.0,0.0,0.0,0.0,0.0,0.0,0.0,0.0,0.0,0.0,0.0,0.0,0.0,0.0,0.0,0.0,0.0,0.0,0.0,0.0,0.0,0.0
853015ced4aeeb33a38c6866d33110a3,1703216040,0.0,0.0,0.0,0.0,0.0,0.0,0.0,0.0,0.0,0.0,0.0,0.0,0.0,0.0,0.0,0.0,0.0,0.0,0.0,0.0,0.0,0.0,0.0,0.0,0.0,0.0,0.0,0.0,0.0,0.0
853015ced4aeeb33a38c6866d33110a3,1703216160,0.0,0.0,0.0,0.0,0.0,0.0,0.0,0.0,0.0,0.0,0.0,0.0,0.0,0.0,0.0,0.0,0.0,0.0,0.0,0.0,0.0,0.0,0.0,0.0,0.0,0.0,0.0,0.0,0.0,0.0
853015ced4aeeb33a38c6866d33110a3,1703216280,0.0,0.0,0.0,0.0,0.0,0.0,0.0,0.0,0.0,0.0,0.0,0.0,0.0,0.0,0.0,0.0,0.0,0.0,0.0,0.0,0.0,0.0,0.0,0.0,0.0,0.0,0.0,0.0,0.0,0.0
853015ced4aeeb33a38c6866d33110a3,1703216520,0.0,0.0,0.0,0.0,0.0,0.0,0.0,0.0,0.0,0.0,0.0,0.0,0.0,0.0,0.0,0.0,0.0,0.0,0.0,0.0,0.0,0.0,0.0,0.0,0.0,0.0,0.0,0.0,0.0,0.0
acc9b27a031b8d0328379149f0dfaff9,1703214000,0.0,0.0,0.0,0.0,0.0,0.0,0.0,0.0,0.0,0.0,0.0,0.0,0.0,0.0,0.0,0.0,0.0,0.0,0.0,0.0,0.0,0.0,0.0,0.0,0.0,0.0,0.0,0.0,0.0,0.0
acc9b27a031b8d0328379149f0dfaff9,1703214120,0.0,0.0,0.0,0.0,0.0,0.0,0.0,0.0,0.0,0.0,0.0,0.0,0.0,0.0,0.0,0.0,0.0,0.0,0.0,0.0,0.0,0.0,0.0,0.0,0.0,0.0,0.0,0.0,0.0,0.0
acc9b27a031b8d0328379149f0dfaff9,1703214240,0.0,0.0,0.0,0.0,0.0,0.0,0.0,0.0,0.0,0.0,0.0,0.0,0.0,0.0,0.0,0.0,0.0,0.0,0.0,0.0,0.0,0.0,0.0,0.0,0.0,0.0,0.0,0.0,0.0,0.0
acc9b27a031b8d0328379149f0dfaff9,1703214360,0.0,0.0,0.0,0.0,0.0,0.0,0.0,0.0,0.0,0.0,0.0,0.0,0.0,0.0,0.0,0.0,0.0,0.0,0.0,0.0,0.0,0.0,0.0,0.0,0.0,0.0,0.0,0.0,0.0,0.0
acc9b27a031b8d0328379149f0dfaff9,1703214480,0.0,0.0,0.0,0.0,0.0,0.0,0.0,0.0,0.0,0.0,0.0,0.0,0.0,0.0,0.0,0.0,0.0,0.0,0.0,0.0,0.0,0.0,0.0,0.0,0.0,0.0,0.0,0.0,0.0,0.0
acc9b27a031b8d0328379149f0dfaff9,1703214720,0.0,0.0,0.0,0.0,0.0,0.0,0.0,0.0,0.0,0.0,0.0,0.0,0.0,0.0,0.0,0.0,0.0,0.0,0.0,0.0,0.0,0.0,0.0,0.0,0.0,0.0,0.0,0.0,0.0,0.0
acc9b27a031b8d0328379149f0dfaff9,1703215200,0.0,0.0,0.0,0.0,0.0,0.0,0.0,0.0,0.0,0.0,0.0,0.0,0.0,0.0,0.0,0.0,0.0,0.0,0.0,0.0,0.0,0.0,0.0,0.0,0.0,0.0,0.0,0.0,0.0,0.0
acc9b27a031b8d0328379149f0dfaff9,1703215320,0.0,0.0,0.0,0.0,0.0,0.0,0.0,0.0,0.0,0.0,0.0,0.0,0.0,0.0,0.0,0.0,0.0,0.0,0.0,0.0,0.0,0.0,0.0,0.0,0.0,0.0,0.0,0.0,0.0,0.0
acc9b27a031b8d0328379149f0dfaff9,1703216520,0.0,0.0,0.0,0.0,0.0,0.0,0.0,0.0,0.0,0.0,0.0,0.0,0.0,0.0,0.0,0.0,0.0,0.0,0.0,0.0,0.0,0.0,0.0,0.0,0.0,0.0,0.0,0.0,0.0,0.0
acc9b27a031b8d0328379149f0dfaff9,1703216640,0.0,0.0,0.0,0.0,0.0,0.0,0.0,0.0,0.0,0.0,0.0,0.0,0.0,0.0,0.0,0.0,0.0,0.0,0.0,0.0,0.0,0.0,0.0,0.0,0.0,0.0,0.0,0.0,0.0,0.0
acc9b27a031b8d0328379149f0dfaff9,1703216760,0.0,0.0,0.0,0.0,0.0,0.0,0.0,0.0,0.0,0.0,0.0,0.0,0.0,0.0,0.0,0.0,0.0,0.0,0.0,0.0,0.0,0.0,0.0,0.0,0.0,0.0,0.0,0.0,0.0,0.0
acc9b27a031b8d0328379149f0dfaff9,1703216880,0.0,0.0,0.0,0.0,0.0,0.0,0.0,0.0,0.0,0.0,0.0,0.0,0.0,0.0,0.0,0.0,0.0,0.0,0.0,0.0,0.0,0.0,0.0,0.0,0.0,0.0,0.0,0.0,0.0,0.0
acc9b27a031b8d0328379149f0dfaff9,1703217000,0.0,0.0,0.0,0.0,0.0,0.0,0.0,0.0,0.0,0.0,0.0,0.0,0.0,0.0,0.0,0.0,0.0,0.0,0.0,0.0,0.0,0.0,0.0,0.0,0.0,0.0,0.0,0.0,0.0,0.0
acc9b27a031b8d0328379149f0dfaff9,1703217120,0.0,0.0,0.0,0.0,0.0,0.0,0.0,0.0,0.0,0.0,0.0,0.0,0.0,0.0,0.0,0.0,0.0,0.0,0.0,0.0,0.0,0.0,0.0,0.0,0.0,0.0,0.0,0.0,0.0,0.0
acc9b27a031b8d0328379149f0dfaff9,1703217240,0.0,0.0,0.0,0.0,0.0,0.0,0.0,0.0,0.0,0.0,0.0,0.0,0.0,0.0,0.0,0.0,0.0,0.0,0.0,0.0,0.0,0.0,0.0,0.0,0.0,0.0,0.0,0.0,0.0,0.0
acc9b27a031b8d0328379149f0dfaff9,1703217360,0.0,0.0,0.0,0.0,0.0,0.0,0.0,0.0,0.0,0.0,0.0,0.0,0.0,0.0,0.0,0.0,0.0,0.0,0.0,0.0,0.0,0.0,0.0,0.0,0.0,0.0,0.0,0.0,0.0,0.0
acc9b27a031b8d0328379149f0dfaff9,1703217480,0.0,0.0,0.0,0.0,0.0,0.0,0.0,0.0,0.0,0.0,0.0,0.0,0.0,0.0,0.0,0.0,0.0,0.0,0.0,0.0,0.0,0.0,0.0,0.0,0.0,0.0,0.0,0.0,0.0,0.0
acc9b27a031b8d0328379149f0dfaff9,1703217600,0.0,0.0,0.0,0.0,0.0,0.0,0.0,0.0,0.0,0.0,0.0,0.0,0.0,0.0,0.0,0.0,0.0,0.0,0.0,0.0,0.0,0.0,0.0,0.0,0.0,0.0,0.0,0.0,0.0,0.0
8df10c3d5b13f5e9968401e99475aa04,1703215200,28.0,28.0,31.0,28.0,28.0,31.0,28.0,27.0,28.0,31.0,28.0,28.0,31.0,28.0,28.0,28.0,33.0,30.0,28.0,28.0,31.0,28.0,28.0,30.0,32.0,27.0,28.0,32.0,27.0,28.0
8df10c3d5b13f5e9968401e99475aa04,1703215440,28.0,28.0,31.0,28.0,28.0,31.0,28.0,27.0,28.0,31.0,28.0,28.0,31.0,28.0,28.0,28.0,33.0,30.0,28.0,28.0,31.0,28.0,28.0,30.0,32.0,27.0,28.0,32.0,27.0,28.0
8df10c3d5b13f5e9968401e99475aa04,1703215560,28.0,28.0,31.0,28.0,28.0,31.0,28.0,27.0,28.0,31.0,28.0,28.0,28.0,28.0,28.0,31.0,33.0,30.0,28.0,28.0,31.0,28.0,28.0,30.0,32.0,27.0,28.0,32.0,27.0,28.0
8df10c3d5b13f5e9968401e99475aa04,1703215680,28.0,28.0,31.0,28.0,28.0,31.0,28.0,27.0,28.0,31.0,28.0,28.0,28.0,31.0,28.0,28.0,33.0,30.0,28.0,28.0,31.0,28.0,28.0,30.0,32.0,27.0,28.0,32.0,27.0,28.0
8df10c3d5b13f5e9968401e99475aa04,1703215800,28.0,28.0,31.0,28.0,28.0,31.0,28.0,27.0,28.0,31.0,28.0,28.0,28.0,31.0,28.0,28.0,33.0,30.0,28.0,28.0,31.0,28.0,28.0,30.0,32.0,27.0,28.0,32.0,27.0,28.0
8df10c3d5b13f5e9968401e99475aa04,1703215920,28.0,31.0,28.0,28.0,31.0,28.0,27.0,28.0,31.0,28.0,28.0,28.0,31.0,28.0,28.0,33.0,30.0,28.0,28.0,31.0,28.0,28.0,30.0,32.0,27.0,28.0,32.0,27.0,28.0,28.0
8df10c3d5b13f5e9968401e99475aa04,1703216040,28.0,31.0,28.0,28.0,31.0,28.0,27.0,28.0,31.0,28.0,28.0,28.0,31.0,28.0,28.0,30.0,33.0,28.0,28.0,31.0,28.0,28.0,30.0,32.0,27.0,28.0,32.0,27.0,28.0,28.0
8df10c3d5b13f5e9968401e99475aa04,1703216160,28.0,31.0,28.0,28.0,31.0,28.0,27.0,28.0,31.0,28.0,28.0,28.0,31.0,28.0,28.0,28.0,33.0,30.0,28.0,31.0,28.0,28.0,30.0,32.0,27.0,28.0,32.0,27.0,28.0,28.0
8df10c3d5b13f5e9968401e99475aa04,1703216280,28.0,31.0,28.0,28.0,31.0,28.0,27.0,28.0,31.0,28.0,28.0,28.0,31.0,28.0,28.0,28.0,33.0,30.0,28.0,31.0,28.0,28.0,30.0,32.0,27.0,28.0,32.0,27.0,28.0,28.0
8df10c3d5b13f5e9968401e99475aa04,1703216400,28.0,31.0,28.0,28.0,31.0,28.0,27.0,28.0,31.0,28.0,28.0,28.0,31.0,28.0,28.0,31.0,33.0,30.0,28.0,28.0,28.0,28.0,30.0,32.0,27.0,28.0,32.0,27.0,28.0,28.0
8df10c3d5b13f5e9968401e99475aa04,1703216520,28.0,31.0,28.0,28.0,31.0,28.0,27.0,28.0,31.0,28.0,28.0,28.0,31.0,28.0,28.0,28.0,33.0,30.0,28.0,28.0,31.0,28.0,30.0,32.0,27.0,28.0,32.0,27.0,28.0,28.0
8df10c3d5b13f5e9968401e99475aa04,1703216640,28.0,31.0,28.0,28.0,31.0,28.0,27.0,28.0,31.0,28.0,28.0,28.0,31.0,28.0,28.0,28.0,33.0,30.0,28.0,28.0,31.0,28.0,30.0,32.0,27.0,28.0,32.0,27.0,28.0,28.0
8df10c3d5b13f5e9968401e99475aa04,1703216760,28.0,31.0,28.0,28.0,31.0,28.0,27.0,28.0,31.0,28.0,28.0,28.0,31.0,28.0,28.0,30.0,33.0,30.0,28.0,28.0,31.0,28.0,28.0,32.0,27.0,28.0,32.0,27.0,28.0,28.0
8df10c3d5b13f5e9968401e99475aa04,1703216880,28.0,31.0,28.0,28.0,31.0,28.0,27.0,28.0,31.0,28.0,28.0,28.0,31.0,28.0,28.0,32.0,33.0,30.0,28.0,28.0,31.0,28.0,28.0,30.0,27.0,28.0,32.0,27.0,28.0,28.0
8df10c3d5b13f5e9968401e99475aa04,1703217000,28.0,31.0,28.0,28.0,31.0,28.0,27.0,28.0,31.0,28.0,28.0,28.0,31.0,28.0,28.0,27.0,33.0,30.0,28.0,28.0,31.0,28.0,28.0,30.0,32.0,28.0,32.0,27.0,28.0,28.0
8df10c3d5b13f5e9968401e99475aa04,1703217120,28.0,31.0,28.0,28.0,31.0,28.0,27.0,28.0,31.0,28.0,28.0,28.0,31.0,28.0,28.0,28.0,33.0,30.0,28.0,28.0,31.0,28.0,28.0,30.0,32.0,27.0,32.0,27.0,28.0,28.0
8df10c3d5b13f5e9968401e99475aa04,1703217360,28.0,31.0,28.0,28.0,31.0,28.0,27.0,28.0,31.0,28.0,28.0,28.0,31.0,28.0,28.0,27.0,33.0,30.0,28.0,28.0,31.0,28.0,28.0,30.0,32.0,27.0,28.0,32.0,28.0,28.0
8df10c3d5b13f5e9968401e99475aa04,1703217600,28.0,31.0,28.0,28.0,31.0,28.0,27.0,28.0,31.0,28.0,28.0,28.0,31.0,28.0,28.0,28.0,33.0,30.0,28.0,28.0,31.0,28.0,28.0,30.0,32.0,27.0,28.0,32.0,27.0,28.0
e937d159618b42e3d8ca2cad01913f7e,1703217240,4.0,7.0,4.0,4.0,7.0,4.0,3.0,4.0,7.0,4.0,4.0,4.0,7.0,4.0,4.0,8.0,7.0,3.0,4.0,4.0,7.0,4.0,4.0,4.0,7.0,3.0,4.0,3.0,4.0,4.0
62920d13ca9ff31950a65b98312bcfe0,1703214120,2.0,2.0,2.0,3.0,2.0,3.0,2.0,2.0,3.0,2.0,3.0,2.0,2.0,3.0,2.0,3.0,2.0,3.0,2.0,3.0,2.0,2.0,3.0,2.0,3.0,2.0,2.0,3.0,2.0,3.0
62920d13ca9ff31950a65b98312bcfe0,1703214480,2.0,3.0,2.0,2.0,2.0,3.0,2.0,2.0,3.0,2.0,3.0,2.0,2.0,3.0,2.0,3.0,2.0,3.0,2.0,3.0,2.0,2.0,3.0,2.0,3.0,2.0,2.0,3.0,2.0,3.0
62920d13ca9ff31950a65b98312bcfe0,1703214720,2.0,3.0,2.0,2.0,3.0,2.0,2.0,2.0,3.0,2.0,3.0,2.0,2.0,3.0,2.0,3.0,2.0,3.0,2.0,3.0,2.0,2.0,3.0,2.0,3.0,2.0,2.0,3.0,2.0,3.0
62920d13ca9ff31950a65b98312bcfe0,1703215080,2.0,3.0,2.0,2.0,3.0,2.0,3.0,2.0,2.0,2.0,3.0,2.0,2.0,3.0,2.0,3.0,2.0,3.0,2.0,3.0,2.0,2.0,3.0,2.0,3.0,2.0,2.0,3.0,2.0,3.0
62920d13ca9ff31950a65b98312bcfe0,1703215320,2.0,3.0,2.0,2.0,3.0,2.0,3.0,2.0,2.0,3.0,2.0,2.0,2.0,3.0,2.0,3.0,2.0,3.0,2.0,3.0,2.0,2.0,3.0,2.0,3.0,2.0,2.0,3.0,2.0,3.0
62920d13ca9ff31950a65b98312bcfe0,1703215680,2.0,3.0,2.0,2.0,3.0,2.0,3.0,2.0,2.0,3.0,2.0,3.0,2.0,2.0,2.0,3.0,2.0,3.0,2.0,3.0,2.0,2.0,3.0,2.0,3.0,2.0,2.0,3.0,2.0,3.0
62920d13ca9ff31950a65b98312bcfe0,1703216040,3.0,2.0,2.0,3.0,2.0,3.0,2.0,2.0,3.0,2.0,3.0,2.0,2.0,3.0,2.0,3.0,2.0,2.0,3.0,2.0,2.0,3.0,2.0,3.0,2.0,2.0,3.0,2.0,3.0,2.0
62920d13ca9ff31950a65b98312bcfe0,1703216280,3.0,2.0,2.0,3.0,2.0,3.0,2.0,2.0,3.0,2.0,3.0,2.0,2.0,3.0,2.0,3.0,2.0,3.0,2.0,2.0,2.0,3.0,2.0,3.0,2.0,2.0,3.0,2.0,3.0,2.0
62920d13ca9ff31950a65b98312bcfe0,1703216640,3.0,2.0,2.0,3.0,2.0,3.0,2.0,2.0,3.0,2.0,3.0,2.0,2.0,3.0,2.0,3.0,2.0,3.0,2.0,3.0,2.0,2.0,2.0,3.0,2.0,2.0,3.0,2.0,3.0,2.0
62920d13ca9ff31950a65b98312bcfe0,1703216880,3.0,2.0,2.0,3.0,2.0,3.0,2.0,2.0,3.0,2.0,3.0,2.0,2.0,3.0,2.0,3.0,2.0,3.0,2.0,3.0,2.0,2.0,3.0,2.0,2.0,2.0,3.0,2.0,3.0,2.0
62920d13ca9ff31950a65b98312bcfe0,1703217240,3.0,2.0,2.0,3.0,2.0,3.0,2.0,2.0,3.0,2.0,3.0,2.0,2.0,3.0,2.0,3.0,2.0,3.0,2.0,3.0,2.0,2.0,3.0,2.0,3.0,2.0,2.0,2.0,3.0,2.0
62920d13ca9ff31950a65b98312bcfe0,1703217480,3.0,2.0,2.0,3.0,2.0,3.0,2.0,2.0,3.0,2.0,3.0,2.0,2.0,3.0,2.0,3.0,2.0,3.0,2.0,3.0,2.0,2.0,3.0,2.0,3.0,2.0,2.0,3.0,2.0,2.0
6300af06fd5be620cb7ab2f3b3d2c52c,1703214240,54.0,67.0,55.0,45.0,49.0,54.0,50.0,37.0,34.0,44.0,54.0,50.0,45.0,47.0,36.0,51.0,50.0,55.0,41.0,40.0,40.0,38.0,40.0,51.0,48.0,46.0,46.0,45.0,63.0,45.0
6300af06fd5be620cb7ab2f3b3d2c52c,1703214600,54.0,67.0,51.0,55.0,45.0,54.0,50.0,37.0,34.0,44.0,54.0,50.0,45.0,47.0,36.0,49.0,50.0,55.0,41.0,40.0,40.0,38.0,40.0,51.0,48.0,46.0,46.0,45.0,63.0,45.0
6300af06fd5be620cb7ab2f3b3d2c52c,1703214840,54.0,67.0,51.0,55.0,45.0,49.0,54.0,37.0,34.0,44.0,54.0,50.0,45.0,47.0,36.0,50.0,50.0,55.0,41.0,40.0,40.0,38.0,40.0,51.0,48.0,46.0,46.0,45.0,63.0,45.0
6300af06fd5be620cb7ab2f3b3d2c52c,1703215200,54.0,67.0,51.0,55.0,45.0,49.0,54.0,50.0,37.0,34.0,54.0,50.0,45.0,47.0,36.0,44.0,50.0,55.0,41.0,40.0,40.0,38.0,40.0,51.0,48.0,46.0,46.0,45.0,63.0,45.0
6300af06fd5be620cb7ab2f3b3d2c52c,1703215440,54.0,67.0,51.0,55.0,45.0,49.0,54.0,50.0,37.0,34.0,44.0,54.0,45.0,47.0,36.0,50.0,50.0,55.0,41.0,40.0,40.0,38.0,40.0,51.0,48.0,46.0,46.0,45.0,63.0,45.0
6300af06fd5be620cb7ab2f3b3d2c52c,1703215560,54.0,67.0,51.0,55.0,45.0,49.0,54.0,50.0,37.0,34.0,44.0,54.0,50.0,47.0,36.0,45.0,50.0,55.0,41.0,40.0,40.0,38.0,40.0,51.0,48.0,46.0,46.0,45.0,63.0,45.0
6300af06fd5be620cb7ab2f3b3d2c52c,1703215800,54.0,67.0,51.0,55.0,45.0,49.0,54.0,50.0,37.0,34.0,44.0,54.0,50.0,45.0,47.0,36.0,50.0,55.0,41.0,40.0,40.0,38.0,40.0,51.0,48.0,46.0,46.0,45.0,63.0,45.0
6300af06fd5be620cb7ab2f3b3d2c52c,1703216160,67.0,51.0,55.0,45.0,49.0,54.0,50.0,37.0,34.0,44.0,54.0,50.0,45.0,47.0,36.0,41.0,50.0,55.0,40.0,40.0,38.0,40.0,51.0,48.0,46.0,46.0,45.0,63.0,45.0,57.0
6300af06fd5be620cb7ab2f3b3d2c52c,1703216400,67.0,51.0,55.0,45.0,49.0,54.0,50.0,37.0,34.0,44.0,54.0,50.0,45.0,47.0,36.0,40.0,50.0,55.0,41.0,40.0,38.0,40.0,51.0,48.0,46.0,46.0,45.0,63.0,45.0,57.0
6300af06fd5be620cb7ab2f3b3d2c52c,1703216520,67.0,51.0,55.0,45.0,49.0,54.0,50.0,37.0,34.0,44.0,54.0,50.0,45.0,47.0,36.0,38.0,50.0,55.0,41.0,40.0,40.0,40.0,51.0,48.0,46.0,46.0,45.0,63.0,45.0,57.0
6300af06fd5be620cb7ab2f3b3d2c52c,1703216640,67.0,51.0,55.0,45.0,49.0,54.0,50.0,37.0,34.0,44.0,54.0,50.0,45.0,47.0,36.0,40.0,50.0,55.0,41.0,40.0,40.0,38.0,51.0,48.0,46.0,46.0,45.0,63.0,45.0,57.0
6300af06fd5be620cb7ab2f3b3d2c52c,1703216760,67.0,51.0,55.0,45.0,49.0,54.0,50.0,37.0,34.0,44.0,54.0,50.0,45.0,47.0,36.0,51.0,50.0,55.0,41.0,40.0,40.0,38.0,40.0,48.0,46.0,46.0,45.0,63.0,45.0,57.0
6300af06fd5be620cb7ab2f3b3d2c52c,1703216880,67.0,51.0,55.0,45.0,49.0,54.0,50.0,37.0,34.0,44.0,54.0,50.0,45.0,47.0,36.0,48.0,50.0,55.0,41.0,40.0,40.0,38.0,40.0,51.0,46.0,46.0,45.0,63.0,45.0,57.0
6300af06fd5be620cb7ab2f3b3d2c52c,1703217000,67.0,51.0,55.0,45.0,49.0,54.0,50.0,37.0,34.0,44.0,54.0,50.0,45.0,47.0,36.0,46.0,50.0,55.0,41.0,40.0,40.0,38.0,40.0,51.0,48.0,46.0,45.0,63.0,45.0,57.0
6300af06fd5be620cb7ab2f3b3d2c52c,1703217120,67.0,51.0,55.0,45.0,49.0,54.0,50.0,37.0,34.0,44.0,54.0,50.0,45.0,47.0,36.0,46.0,50.0,55.0,41.0,40.0,40.0,38.0,40.0,51.0,48.0,46.0,45.0,63.0,45.0,57.0
6300af06fd5be620cb7ab2f3b3d2c52c,1703217240,67.0,51.0,55.0,45.0,49.0,54.0,50.0,37.0,34.0,44.0,54.0,50.0,45.0,47.0,36.0,45.0,50.0,55.0,41.0,40.0,40.0,38.0,40.0,51.0,48.0,46.0,46.0,63.0,45.0,57.0
6300af06fd5be620cb7ab2f3b3d2c52c,1703217360,67.0,51.0,55.0,45.0,49.0,54.0,50.0,37.0,34.0,44.0,54.0,50.0,45.0,47.0,36.0,63.0,50.0,55.0,41.0,40.0,40.0,38.0,40.0,51.0,48.0,46.0,46.0,45.0,45.0,57.0
6300af06fd5be620cb7ab2f3b3d2c52c,1703217480,67.0,51.0,55.0,45.0,49.0,54.0,50.0,37.0,34.0,44.0,54.0,50.0,45.0,47.0,36.0,45.0,50.0,55.0,41.0,40.0,40.0,38.0,40.0,51.0,48.0,46.0,46.0,45.0,63.0,57.0
6300af06fd5be620cb7ab2f3b3d2c52c,1703217600,67.0,51.0,55.0,45.0,49.0,54.0,50.0,37.0,34.0,44.0,54.0,50.0,45.0,47.0,36.0,57.0,50.0,55.0,41.0,40.0,40.0,38.0,40.0,51.0,48.0,46.0,46.0,45.0,63.0,45.0
aaf9843ff516221d7f79476f2dcc0b98,1703214000,1992312.5333333332,3689473.866666666,2616959.7333333334,3971840.0,3068409.8666666667,3247193.6,3982742.933333333,4362106.133333334,3386554.6666666665,4222206.666666667,1993537.8666666667,3608834.933333333,2162939.2,3028790.6666666665,2692653.6,5688392.533333333,2762944.533333333,2794690.6666666665,2814029.8666666667,3358001.6,3835879.2,5229524.8,3375217.066666667,4069188.533333333,3557582.1333333333,4131140.533333333,4028817.6,2283005.8666666667,4019138.6666666665,2684814.4
aaf9843ff516221d7f79476f2dcc0b98,1703216520,1992312.5333333332,3689473.866666666,2616959.7333333334,3971840.0,3068409.8666666667,3247193.6,3982742.933333333,4362106.133333334,3386554.6666666665,4222206.666666667,1993537.8666666667,3608834.933333333,2162939.2,3028790.6666666665,2692653.6,5229524.8,2762944.533333333,2794690.6666666665,2814029.8666666667,3358001.6,3835879.2,3375217.066666667,4069188.533333333,3557582.1333333333,4131140.533333333,4028817.6,2283005.8666666667,4019138.6666666665,2684814.4,3497827.466666667
