parse metadata,infra.grpc.invoker,get metadata from header,parseDataReportFlag ok,DeleteFieldValues <:REQ:>,<:staticStrategies:>,rego exec input:<:MAP:>,computeDeptMembersObjectIDs end,computeOwnObjectIDs end,build <:*:> [trace.id=<:SEQ:> <:transactionID:> <:spanID:>,AuthListByName <:<:ChineseInfo:>:>,no need or no have tags [trace.id=<:SEQ:> <:transactionID:> <:spanID:>,<:REQ:>,funName=DataCompose,funName=concurrentNoPaging run task end,getDept success,getBackupEmp success,Depts only have yunzhanghu,parent node is not exist,getPermTagsAndValues <:*:>,curpkg+name: code.yunzhanghu.com/be/yid/server/grpc/v1/CheckDelay [trace.id=<:SEQ:> <:transactionID:> <:spanID:>,no need or no have tags,build <:*:>,computeAndCompare same,allNum=<:NUM:>,protection for <:*:> have compare <:NUM:>,build <:*:> <:*:> [trace.id=<:SEQ:> <:transactionID:> <:spanID:>,no page <:*:>,ClientEnvHandler is <:*:>,<:GIN:>,no page <:*:> [trace.id=<:SEQ:> <:transactionID:> <:spanID:>,GetPublicKey API delay for 1s [trace.id=<:SEQ:> <:transactionID:> <:spanID:>,no <:*:>,msg,Response=<:MAP:>,message,superiorAndDeputy empty,approve callback start,svc.ApproveCallback failed,approve status error,build <:*:> reply,<:ownDeptIDs:>,<:query signature:>,loaded policy count:<:NUM:>,loadRegoMySQLInterval success,<:list modules:>,query ge<:updateFanweiEmployee failed:>,not find dictionary type=<:NUM:>,Dao.GetSession,<:deptLeaderManageDeptIDs:>,<:listManageOrgReq:>,error occurred in <:NewAccessRequest:>,token check failed,protection for <:*:> done,exMail sendReques<:updateFanweiEmployee failed:>,<:tagID:>,callback status error,GetSupervisorPosition success,[GetBaseInfoByEmpID] db ge<:updateFanweiEmployee failed:>,GetBaseInfoByEmpID failed,<:YID:>,no api page resources,check failed,protection.ComputeAndDiff failed,parent deptIDs=[<:SEQ:>],sign switch is off [trace.id=<:SEQ:> <:transactionID:> <:spanID:>,<:*:> started successfully,ykmsyid <:*:> start kms,<:*:> API delay for 10m0s [trace.id=<:SEQ:> <:transactionID:> <:spanID:>,[GetAuthorizedDept] getAllDept success,dept inChargeSuperiors is empty,checkCheckPer<:updateFanweiEmployee failed:>,s.getAuthObject objects=[dealer id customer id],checkAndBuildListPermDataReq failed,ListFieldValues failed,p.svc.GetSingleYidSingleFieldPermDat<:updateFanweiEmployee failed:>,<:listReq:>,GrpcDataReportInterceptor parse methodSet: <:MAP:>,loadKdConfig success,len(deptYids)=<:NUM:>,len(allDeptMembers)=<:NUM:>,get other dutyCommittee backup employee success,AuthSessionVali<:updateFanweiEmployee failed:>,Dao.NewSession,Login(totp verify) success,"""userID"":""<:SEQ:>""",SendWeChatMarkdownMsg failed,Sending login weChat markdown messag<:updateFanweiEmployee failed:>,ok: true [trace.id=<:SEQ:> <:transactionID:> <:spanID:>,[GetAuthorizedEmp] getAllEmp success count=<:NUM:> [trace.id=<:SEQ:> <:transactionID:> <:spanID:>,version,ykms addr: ykms://yid@ykms:<:NUM:>,ykmsyid DefaultDEK.Error rpc error: code = Unknown desc = <:NUM:>-the kek(name:yid:<:id:>xx,captcha is using redis store,NewRedisStore use GoRediStore,Init noeq success,yos init success,ymsg init success,cuid init success,s.cfg.Prometheus.Interval=<:NUM:>,yid grpc ListFieldValues failed,initGlobalDelayDuration delayStr is nil,ListDealerPermResources API delay for 10m0s [trace.id=<:SEQ:> <:transactionID:> <:spanID:>,permClient.Check failed,FindRoleStrategyRelations failed,FindEmpSubjectsAuths failed,GetOwnAndDeptMembersPer<:updateFanweiEmployee failed:>,<:result:>,dept is empty,[initToken] getToke<:updateFanweiEmployee failed:>,[checkDeleteFieldValuesReq] GetFieldByAppAndNam<:updateFanweiEmployee failed:>,[DeleteFieldValues] checkDeleteFieldValuesReq failed:<:REQ:>,success: <:YID:>,GetAuthorizedDept success,timestamp
9095,9095,9095,9095,3243,425,359,205,205,354,5,183,3265,0,459,143,143,143,0,183,0,183,359,0,22,1,5,0,26,26,0,0,0,0,3,3,0,3,3,2,0,0,0,2,2,2,0,0,0,0,0,0,0,0,0,0,1,0,0,0,0,0,0,0,0,0,0,0,0,0,0,0,0,0,0,0,0,0,0,0,0,0,0,0,0,0,0,0,0,0,0,0,0,0,0,0,0,0,0,0,0,0,0,0,0,0,0,0,0,0,0,0,0,0,2023-11-27 17:30:00
9005,9002,9002,9002,3170,445,374,215,215,366,8,192,3193,0,469,144,144,143,0,192,0,192,374,0,23,1,8,0,28,28,0,0,0,0,4,4,1,4,4,4,0,0,0,2,2,2,0,0,0,0,0,0,0,0,0,0,0,0,0,0,0,0,0,0,0,0,0,0,0,0,0,0,0,0,0,0,0,0,0,0,0,0,0,0,0,0,0,0,0,0,0,0,0,0,0,0,0,0,0,0,0,0,0,0,0,0,0,0,0,0,0,0,0,0,2023-11-27 17:32:00
7832,7837,7837,7837,2878,319,297,121,122,288,9,102,2897,0,415,81,81,81,0,102,0,102,297,0,19,1,9,0,26,26,0,0,0,2,2,2,0,2,2,2,0,0,0,2,2,2,0,0,0,0,0,0,0,0,0,0,0,0,0,0,0,0,0,0,0,0,0,0,0,0,0,0,0,0,0,0,0,0,0,0,0,0,0,0,0,0,0,0,0,0,0,0,0,0,0,0,0,0,0,0,0,0,0,0,0,0,0,0,0,0,0,0,0,0,2023-11-27 17:34:00
4145,4143,4143,4143,1617,250,145,48,47,138,7,27,1638,0,426,4,4,4,0,27,0,27,145,0,21,1,7,0,26,26,0,0,0,0,2,2,0,2,2,2,0,0,0,2,2,2,0,0,0,0,0,0,0,0,0,0,0,0,0,0,0,0,0,0,0,0,0,0,0,0,0,0,0,0,0,0,0,0,0,0,0,0,0,0,0,0,0,0,0,0,0,0,0,0,0,0,0,0,0,0,0,0,0,0,0,0,0,0,0,0,0,0,0,0,2023-11-27 17:36:00
4387,4386,4386,4386,1716,233,147,43,43,142,5,24,1735,0,469,8,8,8,0,24,0,24,147,0,19,1,5,0,26,26,0,0,0,4,2,2,0,2,2,2,0,0,0,2,2,2,0,0,0,0,0,0,0,0,0,0,0,0,0,0,0,0,0,0,0,0,0,0,0,0,0,0,0,0,0,0,0,0,0,0,0,0,0,0,0,0,0,0,0,0,0,0,0,0,0,0,0,0,0,0,0,0,0,0,0,0,0,0,0,0,0,0,0,0,2023-11-27 17:38:00
4410,4412,4412,4412,1722,313,149,53,53,141,8,27,1748,0,440,7,7,7,0,27,0,27,149,0,26,1,8,0,26,26,0,0,0,0,2,2,0,2,2,2,0,0,0,2,2,2,0,0,0,0,0,0,0,0,0,0,0,0,0,0,0,0,0,0,0,0,0,0,0,0,0,0,0,0,0,0,0,0,0,0,0,0,0,0,0,0,0,0,0,0,0,0,0,0,0,0,0,0,0,0,0,0,0,0,0,0,0,0,0,0,0,0,0,0,2023-11-27 17:40:00
4337,4336,4336,4336,1670,216,149,46,46,141,8,29,1687,0,398,10,10,10,0,29,0,29,149,0,17,1,8,0,26,26,0,0,0,0,2,2,0,2,2,2,0,0,0,2,2,2,0,0,0,0,0,0,0,0,0,0,0,0,0,0,0,0,0,0,0,0,0,0,0,0,0,0,0,0,0,0,0,0,0,0,0,0,0,0,0,0,0,0,0,0,0,0,0,0,0,0,0,0,0,0,0,0,0,0,0,0,0,0,0,0,0,0,0,0,2023-11-27 17:42:00
4358,4354,4354,4354,1701,246,146,46,46,140,6,26,1721,0,442,8,8,8,0,26,0,26,146,0,20,1,6,0,27,27,0,0,0,0,4,4,0,4,4,4,0,0,0,2,2,2,0,0,0,0,0,0,0,0,0,0,0,0,0,0,0,0,0,0,0,0,0,0,0,0,0,0,0,0,0,0,0,0,0,0,0,0,0,0,0,0,0,0,0,0,0,0,0,0,0,0,0,0,0,0,0,0,0,0,0,0,0,0,0,0,0,0,0,0,2023-11-27 17:44:00
4424,4429,4429,4429,1734,279,156,49,49,144,12,26,1757,0,484,4,4,4,0,26,0,26,156,0,23,1,12,0,28,28,0,0,0,0,4,4,0,4,4,3,0,0,0,2,2,2,0,0,0,0,0,0,0,0,0,0,1,0,0,0,0,0,0,0,0,0,0,0,0,0,0,0,0,0,0,0,0,0,0,0,0,0,0,0,0,0,0,0,0,0,0,0,0,0,0,0,0,0,0,0,0,0,0,0,0,0,0,0,0,0,0,0,0,0,2023-11-27 17:46:00
4612,4612,4612,4612,1764,521,153,282,282,146,7,139,2016,0,304,8,8,8,0,30,0,248,153,0,204,13,7,0,27,27,0,0,0,0,3,3,0,3,3,2,0,124,0,2,2,2,0,0,0,44,100,0,0,0,0,22,1,0,0,0,0,0,0,0,0,0,0,0,0,0,0,0,0,0,0,0,0,0,0,0,0,0,0,0,0,0,0,0,0,0,0,0,0,0,0,0,0,0,0,0,0,0,0,0,0,0,0,0,0,0,0,0,0,0,2023-11-27 17:48:00
4720,4718,4718,4718,1763,1411,156,491,491,142,14,255,2227,0,306,3,3,3,0,27,0,483,156,0,242,24,14,0,26,26,0,0,0,0,2,2,0,2,2,2,0,82,0,2,2,2,0,0,0,82,100,0,0,0,0,4,0,0,0,0,0,0,0,0,0,0,0,0,0,0,0,0,0,0,0,0,0,0,0,0,0,0,0,0,0,0,0,0,0,0,0,0,0,0,0,0,0,0,0,0,0,0,0,0,0,0,0,0,0,0,0,0,0,0,2023-11-27 17:50:00
4604,4607,4607,4607,1780,173,151,183,183,142,9,104,1938,0,98,8,8,8,0,25,0,183,151,0,16,9,9,0,26,26,0,0,0,5,2,2,0,2,2,2,0,0,0,2,2,2,0,0,0,0,0,0,0,1,0,0,0,0,0,0,0,0,0,0,0,0,0,0,0,0,0,0,0,0,0,0,0,0,0,0,0,0,0,0,0,0,0,0,0,0,0,0,0,0,0,0,0,0,0,0,0,0,0,0,0,0,0,0,0,0,0,0,0,0,2023-11-27 17:52:00
4562,4562,4562,4562,1800,26,158,26,26,148,10,26,1800,0,0,7,7,7,0,26,0,26,158,0,0,0,10,0,26,26,0,0,0,0,2,2,0,2,2,2,0,0,0,2,2,2,0,0,0,0,0,0,0,0,0,0,0,0,0,0,0,0,0,0,0,0,0,0,0,0,0,0,0,0,0,0,0,0,0,0,0,0,0,0,0,0,0,0,0,0,0,0,0,0,0,0,0,0,0,0,0,0,0,0,0,0,0,0,0,0,0,0,0,0,2023-11-27 17:54:00
4577,4576,4576,4576,1810,26,151,26,26,144,7,26,1810,0,0,8,8,8,0,26,0,26,151,0,0,0,7,0,27,27,0,0,0,0,3,3,0,3,3,2,0,0,0,2,2,2,0,0,0,0,0,0,0,0,0,0,1,0,0,0,0,0,0,0,0,0,0,0,0,0,0,0,0,0,0,0,0,0,0,0,0,0,0,0,0,0,0,0,0,0,0,0,0,0,0,0,0,0,0,0,0,0,0,0,0,0,0,0,0,0,0,0,0,0,2023-11-27 17:56:00
4569,4569,4569,4569,1798,26,155,26,26,146,9,26,1798,0,0,8,8,7,0,26,0,26,155,0,0,0,9,0,28,28,0,0,0,0,4,4,0,4,4,4,0,0,0,2,2,2,0,0,0,0,0,0,0,0,0,0,0,1,0,0,0,0,0,0,0,0,0,0,0,0,0,0,0,0,0,0,0,0,0,0,0,0,0,0,0,0,0,0,0,0,0,0,0,0,0,0,0,0,0,0,0,0,0,0,0,0,0,0,0,0,0,0,0,0,2023-11-27 17:58:00
4596,4598,4597,4597,1821,27,152,27,27,144,8,27,1821,0,0,8,8,8,0,27,0,27,152,0,0,0,8,0,26,26,0,0,0,0,2,2,0,2,2,2,0,0,0,2,2,2,0,0,0,0,0,0,0,0,0,0,0,0,0,0,0,0,0,0,0,0,0,0,0,0,0,0,0,0,0,0,0,0,0,0,0,0,0,0,0,0,0,0,0,0,0,0,0,0,0,0,0,0,0,0,0,0,0,0,0,0,0,0,0,0,0,0,0,0,2023-11-27 18:00:00
4478,4478,4477,4477,1749,24,145,24,24,139,6,24,1749,0,0,6,6,6,0,24,0,24,145,0,0,0,6,0,26,26,0,0,0,3,2,2,0,2,2,2,0,0,0,2,2,2,0,0,0,0,0,0,0,0,0,0,0,0,0,0,0,0,0,0,0,0,0,0,0,0,0,0,0,0,0,0,0,0,0,0,0,0,0,0,0,0,0,0,0,0,0,0,0,0,0,0,0,0,0,0,0,0,0,0,0,0,0,0,0,0,0,0,0,0,2023-11-27 18:02:00
4568,4569,4569,4569,1798,28,152,28,28,143,9,28,1798,0,0,4,4,3,0,28,0,28,152,0,0,0,9,0,28,28,0,0,0,0,5,5,0,5,5,5,0,0,0,2,2,2,0,0,0,0,0,0,0,0,0,0,0,1,0,0,0,0,0,0,0,0,0,0,0,0,0,0,0,0,0,0,0,0,0,0,0,0,0,0,0,0,0,0,0,0,0,0,0,0,0,0,0,0,0,0,0,0,0,0,0,0,0,0,0,0,0,0,0,0,2023-11-27 18:04:00
4557,4555,4555,4555,1791,25,153,25,25,142,11,25,1791,0,0,7,7,6,0,25,0,25,153,0,0,0,11,0,26,26,0,0,0,4,2,2,1,2,2,2,0,0,0,2,2,2,0,0,0,0,0,0,0,0,0,0,0,0,0,0,0,0,0,0,0,0,0,0,0,0,0,0,0,0,0,0,0,0,0,0,0,0,0,0,0,0,0,0,0,0,0,0,0,0,0,0,0,0,0,0,0,0,0,0,0,0,0,0,0,0,0,0,0,0,2023-11-27 18:06:00
4593,4595,4595,4595,1822,30,156,30,30,149,7,30,1822,0,0,5,5,4,0,30,0,30,156,0,0,0,7,0,26,26,0,0,0,0,2,2,1,2,2,2,0,0,0,2,2,2,0,0,0,0,0,0,0,0,0,0,0,0,0,0,0,0,0,0,0,0,0,0,0,0,0,0,0,0,0,0,0,0,0,0,0,0,0,0,0,0,0,0,0,0,0,0,0,0,0,0,0,0,0,0,0,0,0,0,0,0,0,0,0,0,0,0,0,0,2023-11-27 18:08:00
4502,4498,4498,4498,1767,27,155,27,27,142,13,27,1767,0,0,9,9,7,0,27,0,27,155,0,0,0,13,0,26,26,0,0,0,0,2,2,1,2,2,2,0,0,0,2,2,2,0,0,0,0,0,0,0,0,0,0,0,1,0,0,0,0,0,0,0,0,0,0,0,0,0,0,0,0,0,0,0,0,0,0,0,0,0,0,0,0,0,0,0,0,0,0,0,0,0,0,0,0,0,0,0,0,0,0,0,0,0,0,0,0,0,0,0,0,2023-11-27 18:10:00
4485,4486,4486,4486,1774,25,163,25,25,153,10,25,1774,0,0,5,5,5,0,25,0,25,163,0,0,0,10,0,29,29,0,0,0,9,5,5,0,5,5,4,0,0,0,2,2,2,0,0,0,0,0,0,0,0,0,0,1,0,0,0,0,0,0,0,0,0,0,0,0,0,0,0,0,0,0,0,0,0,0,0,0,0,0,0,0,0,0,0,0,0,0,0,0,0,0,0,0,0,0,0,0,0,0,0,0,0,0,0,0,0,0,0,0,0,2023-11-27 18:12:00
4481,4482,4482,4482,1766,27,151,27,27,144,7,27,1766,0,0,7,7,7,0,27,0,27,151,0,0,0,7,0,26,26,0,0,0,2,2,2,0,2,2,2,0,0,0,2,2,2,0,0,0,0,0,0,0,0,0,0,0,0,0,0,0,0,0,0,0,0,0,0,0,0,0,0,0,0,0,0,0,0,0,0,0,0,0,0,0,0,0,0,0,0,0,0,0,0,0,0,0,0,0,0,0,0,0,0,0,0,0,0,0,0,0,0,0,0,2023-11-27 18:14:00
4530,4531,4531,4531,1791,25,149,25,25,144,5,25,1791,0,0,6,6,6,0,25,0,25,149,0,0,0,5,0,26,26,0,0,0,8,2,2,0,2,2,2,0,0,0,2,2,2,0,0,0,0,0,0,0,0,0,0,0,0,0,0,0,0,0,0,0,0,0,0,0,0,0,0,0,0,0,0,0,0,0,0,0,0,0,0,0,0,0,0,0,0,0,0,0,0,0,0,0,0,0,0,0,0,0,0,0,0,0,0,0,0,0,0,0,0,2023-11-27 18:16:00
4583,4582,4582,4582,1812,26,151,26,26,146,5,26,1812,0,0,7,7,7,0,26,0,26,151,0,0,0,5,0,28,28,0,0,0,4,4,4,0,4,4,4,0,0,0,2,2,2,0,0,0,0,0,0,0,0,0,0,0,0,0,0,0,0,0,0,0,0,0,0,0,0,0,0,0,0,0,0,0,0,0,0,0,0,0,0,0,0,0,0,0,0,0,0,0,0,0,0,0,0,0,0,0,0,0,0,0,0,0,0,0,0,0,0,0,0,2023-11-27 18:18:00
2340,2342,2342,2342,855,25,144,25,25,137,7,25,855,0,0,24,24,24,0,25,0,25,144,0,0,0,7,0,26,26,0,0,0,0,2,2,0,2,2,2,0,0,0,2,2,2,0,0,0,0,0,0,0,0,0,0,0,0,0,0,0,0,0,0,0,0,0,0,0,0,0,0,0,0,0,0,0,0,0,0,0,0,0,0,0,0,0,0,0,0,0,0,0,0,0,0,0,0,0,0,0,0,0,0,0,0,0,0,0,0,0,0,0,0,2023-11-27 18:20:00
4857,4844,4844,4844,1563,117,304,117,117,291,13,117,1563,0,0,105,105,105,0,117,0,117,304,0,0,0,13,0,27,27,0,0,0,0,3,3,0,3,3,2,0,0,0,2,2,2,0,0,0,0,0,0,0,0,0,0,1,0,0,0,0,0,0,0,0,0,0,0,0,0,0,0,0,0,0,0,0,0,0,0,0,0,0,0,0,0,0,0,0,0,0,0,0,0,0,0,0,0,0,0,0,0,0,0,0,0,0,0,0,0,0,0,0,0,2023-11-27 18:22:00
6187,6176,6176,6176,1192,2253,965,1258,1257,586,726,714,2012,695,538,135,135,133,646,438,0,1258,965,585,471,184,31,802,25,25,187,0,200,1,2,2,2,2,2,2,0,0,0,1,1,1,0,0,0,0,0,0,0,3,0,0,0,0,0,0,0,1,0,0,0,0,0,0,0,0,0,0,0,0,0,0,0,0,0,0,0,0,0,0,0,0,0,0,0,0,0,0,0,0,0,0,0,0,0,0,0,0,0,0,0,0,0,0,0,0,0,0,0,0,2023-11-27 18:24:00
5108,5111,5110,5110,873,5140,1712,2625,2626,933,1537,1328,2300,1515,1357,105,105,102,561,1197,0,2539,1712,19,568,205,22,0,26,26,0,0,0,8,2,2,2,2,2,2,0,0,0,2,2,2,0,0,0,0,0,0,0,4,0,4,0,1,0,0,0,0,0,0,0,0,0,0,0,0,0,0,0,0,0,0,0,0,0,0,0,0,0,0,0,0,0,0,0,0,0,0,0,0,0,0,0,0,0,0,0,0,0,0,0,0,0,0,0,0,0,0,0,0,2023-11-27 18:26:00
733,733,733,733,0,3246,214,1073,1072,102,177,476,375,128,1650,20,20,15,237,698,0,941,214,0,110,59,48,0,26,26,0,0,0,0,2,2,4,2,2,2,0,0,0,2,2,2,0,0,0,0,0,0,0,3,0,0,0,1,0,0,0,0,0,0,0,0,0,0,0,0,0,0,0,0,0,0,0,0,0,0,0,0,0,0,0,0,0,0,0,0,0,0,0,0,0,0,0,0,0,0,0,0,0,0,0,0,0,0,0,0,0,0,0,0,2023-11-27 18:28:00
6063,6062,6062,6062,2025,1710,322,319,319,274,48,180,2165,0,1511,146,146,145,0,180,0,180,322,0,124,7,48,0,27,27,0,0,0,1,3,3,1,3,3,2,0,0,0,2,2,2,0,0,0,0,0,0,0,0,0,0,1,0,0,0,0,0,0,0,0,0,0,0,0,0,0,0,0,0,0,0,0,0,0,0,0,0,0,0,0,0,0,0,0,0,0,0,0,0,0,0,0,0,0,0,0,0,0,0,0,0,0,0,0,0,0,0,0,0,2023-11-27 18:30:00
