parse metadata,infra.grpc.invoker,get metadata from header,parseDataReportFlag ok,DeleteFieldValues <:REQ:>,<:staticStrategies:>,rego exec input:<:MAP:>,computeDeptMembersObjectIDs end,computeOwnObjectIDs end,build <:*:> [trace.id=<:SEQ:> <:transactionID:> <:spanID:>,AuthListByName <:<:ChineseInfo:>:>,no need or no have tags [trace.id=<:SEQ:> <:transactionID:> <:spanID:>,<:REQ:>,funName=DataCompose,funName=concurrentNoPaging run task end,getDept success,getBackupEmp success,Depts only have yunzhanghu,parent node is not exist,getPermTagsAndValues <:*:>,curpkg+name: code.yunzhanghu.com/be/yid/server/grpc/v1/CheckDelay [trace.id=<:SEQ:> <:transactionID:> <:spanID:>,no need or no have tags,build <:*:>,computeAndCompare same,allNum=<:NUM:>,protection for <:*:> have compare <:NUM:>,build <:*:> <:*:> [trace.id=<:SEQ:> <:transactionID:> <:spanID:>,no page <:*:>,ClientEnvHandler is <:*:>,<:GIN:>,no page <:*:> [trace.id=<:SEQ:> <:transactionID:> <:spanID:>,GetPublicKey API delay for 1s [trace.id=<:SEQ:> <:transactionID:> <:spanID:>,no <:*:>,msg,Response=<:MAP:>,message,superiorAndDeputy empty,approve callback start,svc.ApproveCallback failed,approve status error,build <:*:> reply,<:ownDeptIDs:>,<:query signature:>,loaded policy count:<:NUM:>,loadRegoMySQLInterval success,<:list modules:>,query ge<:updateFanweiEmployee failed:>,not find dictionary type=<:NUM:>,Dao.GetSession,<:deptLeaderManageDeptIDs:>,<:listManageOrgReq:>,error occurred in <:NewAccessRequest:>,token check failed,protection for <:*:> done,exMail sendReques<:updateFanweiEmployee failed:>,<:tagID:>,callback status error,GetSupervisorPosition success,[GetBaseInfoByEmpID] db ge<:updateFanweiEmployee failed:>,GetBaseInfoByEmpID failed,<:YID:>,no api page resources,check failed,protection.ComputeAndDiff failed,parent deptIDs=[<:SEQ:>],sign switch is off [trace.id=<:SEQ:> <:transactionID:> <:spanID:>,<:*:> started successfully,ykmsyid <:*:> start kms,<:*:> API delay for 10m0s [trace.id=<:SEQ:> <:transactionID:> <:spanID:>,[GetAuthorizedDept] getAllDept success,dept inChargeSuperiors is empty,checkCheckPer<:updateFanweiEmployee failed:>,s.getAuthObject objects=[dealer id customer id],checkAndBuildListPermDataReq failed,ListFieldValues failed,p.svc.GetSingleYidSingleFieldPermDat<:updateFanweiEmployee failed:>,<:listReq:>,GrpcDataReportInterceptor parse methodSet: <:MAP:>,loadKdConfig success,len(deptYids)=<:NUM:>,len(allDeptMembers)=<:NUM:>,get other dutyCommittee backup employee success,AuthSessionVali<:updateFanweiEmployee failed:>,Dao.NewSession,Login(totp verify) success,"""userID"":""<:SEQ:>""",SendWeChatMarkdownMsg failed,Sending login weChat markdown messag<:updateFanweiEmployee failed:>,ok: true [trace.id=<:SEQ:> <:transactionID:> <:spanID:>,[GetAuthorizedEmp] getAllEmp success count=<:NUM:> [trace.id=<:SEQ:> <:transactionID:> <:spanID:>,version,ykms addr: ykms://yid@ykms:<:NUM:>,ykmsyid DefaultDEK.Error rpc error: code = Unknown desc = <:NUM:>-the kek(name:yid:<:id:>xx,captcha is using redis store,NewRedisStore use GoRediStore,Init noeq success,yos init success,ymsg init success,cuid init success,s.cfg.Prometheus.Interval=<:NUM:>,yid grpc ListFieldValues failed,initGlobalDelayDuration delayStr is nil,ListDealerPermResources API delay for 10m0s [trace.id=<:SEQ:> <:transactionID:> <:spanID:>,permClient.Check failed,FindRoleStrategyRelations failed,FindEmpSubjectsAuths failed,GetOwnAndDeptMembersPer<:updateFanweiEmployee failed:>,<:result:>,dept is empty,[initToken] getToke<:updateFanweiEmployee failed:>,[checkDeleteFieldValuesReq] GetFieldByAppAndNam<:updateFanweiEmployee failed:>,[DeleteFieldValues] checkDeleteFieldValuesReq failed:<:REQ:>,success: <:YID:>,GetAuthorizedDept success,timestamp
1702,1705,1704,1704,568,3,64,3,3,28,36,3,568,0,0,13,13,12,0,3,0,3,64,0,0,0,36,0,26,26,0,0,0,3,2,2,0,2,2,2,0,0,0,2,2,2,0,0,0,0,0,0,0,0,0,0,0,1,0,0,0,0,0,0,0,0,0,0,0,0,0,0,0,0,0,0,0,0,0,0,0,0,0,0,0,0,0,0,0,0,0,0,0,0,0,0,0,0,0,0,0,0,0,0,0,0,0,0,0,0,0,0,0,0,2023-11-27 16:30:00
1693,1691,1691,1691,562,2,63,2,2,29,34,2,562,0,0,12,12,9,0,2,0,2,63,0,0,0,34,0,27,27,0,0,0,2,3,3,3,3,3,2,0,0,0,2,2,2,0,0,0,0,0,0,0,0,0,0,1,0,0,0,0,0,0,0,0,0,0,0,0,0,0,0,0,0,0,0,0,0,0,0,0,0,0,0,0,0,0,0,0,0,0,0,0,0,0,0,0,0,0,0,0,0,0,0,0,0,0,0,0,0,0,0,0,0,2023-11-27 16:32:00
1674,1676,1676,1676,564,3,51,3,3,30,21,3,564,0,0,13,13,10,0,3,0,3,51,0,0,0,21,0,28,28,0,0,0,2,3,2,2,2,2,2,0,0,3,2,2,2,0,0,0,0,0,0,0,0,0,0,0,1,0,0,0,0,0,0,0,0,0,0,0,0,0,0,0,0,0,0,0,0,0,0,0,0,0,0,0,0,0,0,0,0,0,0,0,0,0,0,0,0,0,0,0,0,0,0,0,0,0,0,0,0,0,0,0,0,2023-11-27 16:34:00
1679,1678,1678,1678,563,4,61,4,4,31,30,4,563,0,0,13,13,13,0,4,0,4,61,0,0,0,30,0,28,28,0,0,0,0,3,2,0,2,2,2,0,0,3,2,2,2,0,0,0,0,0,0,0,0,0,0,0,0,0,0,0,0,0,0,0,0,0,0,0,0,0,0,0,0,0,0,0,0,0,0,0,0,0,0,0,0,0,0,0,0,0,0,0,0,0,0,0,0,0,0,0,0,0,0,0,0,0,0,0,0,0,0,0,0,2023-11-27 16:36:00
1691,1691,1691,1691,567,2,56,2,2,30,26,2,567,0,0,9,9,9,0,2,0,2,56,0,0,0,26,0,28,28,0,0,0,0,4,4,0,4,4,4,0,0,0,2,2,2,0,0,0,0,0,0,0,0,0,0,0,0,0,0,0,0,0,0,0,0,0,0,0,0,0,0,0,0,0,0,0,0,0,0,0,0,0,0,0,0,0,0,0,0,0,0,0,0,0,0,0,0,0,0,0,0,0,0,0,0,0,0,0,0,0,0,0,0,2023-11-27 16:38:00
1682,1683,1683,1683,565,3,58,3,3,31,27,3,565,0,0,13,13,11,0,3,0,3,58,0,0,0,27,0,27,27,0,0,0,4,3,3,1,3,3,3,0,0,0,2,2,2,0,0,0,0,0,0,0,0,0,0,0,1,0,0,0,0,0,0,0,0,0,0,0,0,0,0,0,0,0,0,0,0,0,0,0,0,0,0,0,0,0,0,0,0,0,0,0,0,0,0,0,0,0,0,0,0,0,0,0,0,0,0,0,0,0,0,0,0,2023-11-27 16:40:00
1685,1685,1685,1685,562,3,62,3,3,32,30,3,562,0,0,11,11,11,0,3,0,3,62,0,0,0,30,0,26,26,0,0,0,2,2,2,0,2,2,2,0,0,0,2,2,2,0,0,0,0,0,0,0,0,0,0,0,0,0,0,0,0,0,0,0,0,0,0,0,0,0,0,0,0,0,0,0,0,0,0,0,0,0,0,0,0,0,0,0,0,0,0,0,0,0,0,0,0,0,0,0,0,0,0,0,0,0,0,0,0,0,0,0,0,2023-11-27 16:42:00
1835,1835,1834,1834,595,15,81,15,15,54,27,15,595,0,0,39,39,39,0,15,0,15,81,0,0,0,27,0,28,28,0,0,0,3,4,4,0,4,4,4,0,0,0,2,2,2,0,0,0,0,0,0,0,0,0,0,0,0,0,0,0,0,0,0,0,0,0,0,0,0,0,0,0,0,0,0,0,0,0,0,0,0,0,0,0,0,0,0,0,0,0,0,0,0,0,0,0,0,0,0,0,0,0,0,0,0,0,0,0,0,0,0,0,0,2023-11-27 16:44:00
3656,3652,3652,3652,1733,82,199,82,82,192,7,82,1733,0,0,188,188,186,0,82,0,82,199,0,0,0,7,0,26,26,0,0,0,5,2,2,0,2,2,2,0,0,0,2,2,2,0,0,0,0,0,0,0,0,0,0,0,2,0,0,0,0,0,0,0,0,0,0,0,0,0,0,0,0,0,0,0,0,0,0,0,0,0,0,0,0,0,0,0,0,0,0,0,0,0,0,0,0,0,0,0,0,0,0,0,0,0,0,0,0,0,0,0,0,2023-11-27 16:46:00
3648,3647,3647,3647,1770,90,216,90,90,207,9,90,1770,0,0,161,161,161,0,90,0,90,216,0,0,0,9,0,27,27,0,0,0,7,3,2,0,2,2,2,0,0,3,2,2,2,0,0,0,0,0,0,0,0,0,0,0,0,0,0,0,0,0,0,0,0,0,0,0,0,0,0,0,0,0,0,0,0,0,0,0,0,0,0,0,0,0,0,0,0,0,0,0,0,0,0,0,0,0,0,0,0,0,0,0,0,0,0,0,0,0,0,0,0,2023-11-27 16:48:00
3718,3719,3719,3719,1814,90,206,90,90,200,6,90,1814,0,0,194,194,193,0,90,0,90,206,0,0,0,6,0,27,27,0,0,0,0,3,3,1,3,3,2,0,0,0,2,2,2,0,0,0,0,0,0,0,0,0,0,1,0,0,0,0,0,0,0,0,0,0,0,0,0,0,0,0,0,0,0,0,0,0,0,0,0,0,0,0,0,0,0,0,0,0,0,0,0,0,0,0,0,0,0,0,0,0,0,0,0,0,0,0,0,0,0,0,0,2023-11-27 16:50:00
3675,3676,3675,3675,1784,94,210,94,94,204,6,94,1784,0,0,182,182,180,0,94,0,94,210,0,0,0,6,0,28,28,0,0,0,2,4,4,2,4,4,4,0,0,0,2,2,2,0,0,0,0,0,0,0,0,0,0,0,0,0,0,0,0,0,0,0,0,0,0,0,0,0,0,0,0,0,0,0,0,0,0,0,0,0,0,0,0,0,0,0,0,0,0,0,0,0,0,0,0,0,0,0,0,0,0,0,0,0,0,0,0,0,0,0,0,2023-11-27 16:52:00
3729,3728,3728,3728,1821,86,207,86,86,203,4,86,1821,0,0,186,186,185,0,86,0,86,207,0,0,0,4,0,26,26,0,0,0,4,2,2,1,2,2,2,0,0,0,2,2,2,0,0,0,0,0,0,0,0,0,0,0,0,0,0,0,0,0,0,0,0,0,0,0,0,0,0,0,0,0,0,0,0,0,0,0,0,0,0,0,0,0,0,0,0,0,0,0,0,0,0,0,0,0,0,0,0,0,0,0,0,0,0,0,0,0,0,0,0,2023-11-27 16:54:00
3704,3703,3702,3702,1804,99,203,98,98,197,6,98,1804,0,0,183,183,182,0,98,0,98,203,0,0,0,6,0,26,26,0,0,0,5,2,2,1,2,2,2,0,0,0,2,2,2,0,0,0,0,0,0,0,0,0,0,0,0,0,0,0,0,0,0,0,0,0,0,0,0,0,0,0,0,0,0,0,0,0,0,0,0,0,0,0,0,0,0,0,0,0,0,0,0,0,0,0,0,0,0,0,0,0,0,0,0,0,0,0,0,0,0,0,0,2023-11-27 16:56:00
3723,3725,3725,3725,1798,100,206,101,101,198,8,101,1798,0,0,191,191,190,0,101,0,101,206,0,0,0,8,0,29,29,0,0,0,0,5,5,1,5,5,4,0,0,0,2,2,2,0,0,0,0,0,0,0,0,0,0,1,0,0,0,0,0,0,0,0,0,0,0,0,0,0,0,0,0,0,0,0,0,0,0,0,0,0,0,0,0,0,0,0,0,0,0,0,0,0,0,0,0,0,0,0,0,0,0,0,0,0,0,0,0,0,0,0,0,2023-11-27 16:58:00
5653,5650,5649,5649,2465,128,272,128,128,266,6,128,2465,0,0,214,214,213,0,128,0,128,272,0,0,0,6,0,30,30,0,0,0,3,4,2,1,2,2,2,0,0,6,2,2,2,0,0,0,0,0,0,0,0,0,0,0,0,0,0,0,0,0,0,0,0,0,0,0,0,0,0,0,0,0,0,0,0,0,0,0,0,0,0,0,0,0,0,0,0,0,0,0,0,0,0,0,0,0,0,0,0,0,0,0,0,0,0,0,0,0,0,0,0,2023-11-27 17:00:00
8806,8805,8803,8803,3461,219,416,219,219,409,7,219,3461,0,0,271,271,271,0,219,0,219,416,0,0,0,7,0,34,34,0,0,0,5,4,2,0,2,2,2,0,0,6,2,2,2,0,0,0,0,0,0,0,0,0,0,0,0,0,0,0,0,0,0,0,0,0,0,0,0,0,0,0,0,0,0,0,0,0,0,0,0,0,0,0,0,0,0,0,0,0,0,0,0,0,0,0,0,0,0,0,0,0,0,0,0,0,0,0,0,0,0,0,0,2023-11-27 17:02:00
8215,8217,8217,8217,2802,179,336,179,179,328,8,179,2802,0,0,131,131,131,0,178,0,179,336,0,0,0,8,0,25,25,0,0,0,0,2,2,0,2,2,2,0,0,0,2,2,2,0,0,0,0,0,0,0,0,0,0,0,0,0,0,0,0,0,0,0,0,0,0,0,0,0,0,0,0,0,0,0,0,0,0,0,0,0,0,0,0,0,0,0,0,0,0,0,0,0,0,0,0,0,0,0,0,0,0,0,0,0,0,0,0,0,0,0,0,2023-11-27 17:04:00
8235,8234,8234,8234,2737,189,346,189,189,339,7,189,2737,0,0,131,131,131,0,190,0,189,346,0,0,0,7,0,24,24,0,0,0,0,0,0,0,0,0,0,0,0,0,2,2,2,0,0,0,0,0,0,0,0,0,0,0,0,0,0,0,0,0,0,0,0,0,0,0,0,0,0,0,0,0,0,0,0,0,0,0,0,0,0,0,0,0,0,0,0,0,0,0,0,0,0,0,0,0,0,0,0,0,0,0,0,0,0,0,0,0,0,0,0,2023-11-27 17:06:00
8054,8045,8045,8045,2650,185,342,185,185,336,6,185,2650,0,0,133,133,133,0,185,0,185,342,0,0,0,6,0,26,26,0,0,0,0,2,2,0,2,2,2,0,0,0,2,2,2,0,0,0,0,0,0,0,0,0,0,0,0,0,0,0,0,0,0,0,0,0,0,0,0,0,0,0,0,0,0,0,0,0,0,0,0,0,0,0,0,0,0,0,0,0,0,0,0,0,0,0,0,0,0,0,0,0,0,0,0,0,0,0,0,0,0,0,0,2023-11-27 17:08:00
7326,7328,7328,7328,1635,3911,1691,2005,2005,927,1461,1036,3009,1436,987,118,118,117,840,631,0,1974,1691,615,813,269,26,914,25,25,170,0,141,10,2,2,1,2,2,2,0,0,0,2,2,2,0,27,0,0,1,0,0,6,0,6,0,0,0,0,0,1,0,0,3,0,2,2,0,0,0,0,0,0,0,0,0,1,1,4,3,0,0,0,0,0,0,0,0,0,1,1,1,1,1,1,1,1,1,1,0,0,0,0,0,0,0,0,0,0,0,0,0,0,2023-11-27 17:10:00
7126,7127,7127,7127,1914,4055,1109,2341,2342,683,828,1227,3000,800,1384,119,119,119,434,1255,0,2299,1109,0,207,149,27,0,29,29,0,0,0,0,5,5,0,5,5,5,0,0,0,2,2,2,0,0,0,0,0,0,0,3,0,42,0,0,0,0,0,0,0,0,0,0,0,0,0,0,0,0,0,0,0,0,0,0,0,0,0,0,0,0,0,0,0,0,0,0,0,0,0,0,0,0,0,0,0,0,0,0,0,0,0,0,0,0,0,0,0,0,0,0,2023-11-27 17:12:00
7151,7151,7151,7151,2413,1997,419,667,666,342,122,380,2484,90,1878,116,116,113,160,596,0,596,419,0,6,29,32,0,26,26,0,0,0,0,2,2,2,2,2,2,0,0,0,2,2,2,0,0,0,0,0,0,0,2,0,71,0,1,0,0,0,0,0,0,0,0,0,0,0,0,0,0,0,0,0,0,0,0,0,0,0,0,0,0,0,0,0,0,0,0,0,0,0,0,0,0,0,0,0,0,0,0,0,0,0,0,0,0,0,0,0,0,0,0,2023-11-27 17:14:00
10614,10615,10615,10615,3880,825,476,236,236,399,77,177,3938,0,1357,155,155,153,0,177,0,177,476,0,4,3,26,0,27,27,0,0,0,0,3,3,2,2,2,2,51,0,0,2,2,2,0,0,0,0,0,0,0,0,0,58,0,0,0,0,0,0,0,0,0,1,0,0,0,0,0,0,0,0,0,0,0,0,0,0,0,0,0,0,0,0,0,0,0,0,0,0,0,0,0,0,0,0,0,0,0,0,0,0,0,0,0,0,0,0,0,0,0,0,2023-11-27 17:16:00
9345,9342,9342,9342,3394,730,384,219,219,353,31,168,3446,0,1196,148,148,146,0,168,0,168,384,0,12,2,31,0,28,28,0,0,0,0,4,4,2,4,4,4,0,0,0,2,2,2,0,0,0,0,0,0,0,0,0,52,0,0,0,0,0,0,0,0,0,0,0,0,0,0,0,0,0,0,0,0,0,0,0,0,0,0,0,0,0,0,0,0,0,0,0,0,0,0,0,0,0,0,0,0,0,0,0,0,0,0,0,0,0,0,0,0,0,0,2023-11-27 17:18:00
10105,10104,10104,10104,3655,619,413,221,222,392,21,182,3694,0,904,143,143,142,0,182,0,182,413,0,0,2,21,0,26,26,0,0,0,0,2,2,1,2,2,2,0,0,0,2,2,2,0,0,0,0,0,0,0,0,0,39,0,0,0,0,0,0,0,0,0,0,0,0,0,0,0,0,0,0,0,0,0,0,0,0,0,0,0,0,0,0,0,0,0,0,0,0,0,0,0,0,0,0,0,0,0,0,0,0,0,0,0,0,0,0,0,0,0,0,2023-11-27 17:20:00
8651,8652,8652,8652,3129,527,351,195,194,332,19,161,3163,0,775,116,116,116,0,160,0,161,351,0,8,2,19,0,29,29,0,0,0,0,4,3,0,3,3,2,0,0,3,2,2,2,0,0,0,0,0,0,0,0,0,32,1,0,0,0,0,0,0,0,0,0,0,0,0,0,0,0,0,0,0,0,0,0,0,0,0,0,0,0,0,0,0,0,0,0,0,0,0,0,0,0,0,0,0,0,0,0,0,0,0,0,0,0,0,0,0,0,0,0,2023-11-27 17:22:00
9668,9667,9667,9667,3529,596,385,205,205,378,7,166,3568,0,648,134,134,133,0,167,0,166,385,0,39,2,7,0,28,28,0,0,0,2,4,4,1,4,4,4,0,0,0,2,2,2,0,0,0,0,0,0,0,0,0,0,0,0,0,0,0,0,0,0,0,0,0,0,0,0,0,0,0,0,0,0,0,0,0,0,0,0,0,0,0,0,0,0,0,0,0,0,0,0,0,0,0,0,0,0,0,0,0,0,0,0,0,0,0,0,0,0,0,0,2023-11-27 17:24:00
9662,9663,9663,9663,3506,574,383,225,225,374,9,190,3541,0,632,122,122,122,0,190,0,190,383,0,33,2,9,0,26,26,0,0,0,0,2,2,0,2,2,2,0,0,0,2,2,2,0,0,0,0,0,0,0,0,0,0,0,0,0,0,0,0,0,0,0,0,0,0,0,0,0,0,0,0,0,0,0,0,0,0,0,0,0,0,0,0,0,0,0,0,0,0,0,0,0,0,0,0,0,0,0,0,0,0,0,0,0,0,0,0,0,0,0,0,2023-11-27 17:26:00
8527,8523,8523,8523,3067,444,335,184,184,321,14,158,3093,0,558,133,133,133,0,158,0,158,335,0,26,1,14,0,26,26,0,0,0,9,2,2,0,2,2,2,0,0,0,2,2,2,0,0,0,0,0,0,0,0,0,0,0,0,0,0,0,0,0,0,0,0,0,0,0,0,0,0,0,0,0,0,0,0,0,0,0,0,0,0,0,0,0,0,0,0,0,0,0,0,0,0,0,0,0,0,0,0,0,0,0,0,0,0,0,0,0,0,0,0,2023-11-27 17:28:00
9095,9095,9095,9095,3243,425,359,205,205,354,5,183,3265,0,459,143,143,143,0,183,0,183,359,0,22,1,5,0,26,26,0,0,0,0,3,3,0,3,3,2,0,0,0,2,2,2,0,0,0,0,0,0,0,0,0,0,1,0,0,0,0,0,0,0,0,0,0,0,0,0,0,0,0,0,0,0,0,0,0,0,0,0,0,0,0,0,0,0,0,0,0,0,0,0,0,0,0,0,0,0,0,0,0,0,0,0,0,0,0,0,0,0,0,0,2023-11-27 17:30:00
