csvname,anomaly_timestamp,Z_value_1,Z_value_2,Z_value_3,Z_value_4,Z_value_5,Z_value_6,Z_value_7,Z_value_8,Z_value_9,Z_value_10,Z_value_11,Z_value_12,Z_value_13,Z_value_14,Z_value_15,Z_value_16,Z_value_17,Z_value_18,Z_value_19,Z_value_20,Z_value_21,Z_value_22,Z_value_23,Z_value_24,Z_value_25,Z_value_26,Z_value_27,Z_value_28,Z_value_29,Z_value_30,prediction
2ce5ac45d4275008d857abb5385cf1b3,1700799240,94.0,101.0,98.0,82.0,84.0,90.0,89.0,93.0,85.0,92.0,79.0,98.0,81.0,98.0,96.0,99.0,98.0,92.0,85.0,90.0,93.0,,,,,,,,,,0
6326114b91842880149e9876a90e7bca,1700799240,1.0,0.0,0.0,1.0,0.0,1.0,0.0,0.0,1.0,0.0,0.0,0.0,0.0,0.0,1.0,3.0,1.0,0.0,0.0,0.0,0.0,,,,,,,,,,0
62920d13ca9ff31950a65b98312bcfe0,1700798880,2.0,2.0,2.0,2.0,2.0,2.0,2.0,2.0,2.0,2.0,2.0,2.0,2.0,2.0,2.0,2.0,2.0,2.0,2.0,2.0,2.0,,,,,,,,,,0
62920d13ca9ff31950a65b98312bcfe0,1700799120,2.0,2.0,2.0,2.0,2.0,2.0,2.0,2.0,2.0,2.0,2.0,2.0,2.0,2.0,2.0,2.0,2.0,2.0,2.0,2.0,2.0,,,,,,,,,,0
62920d13ca9ff31950a65b98312bcfe0,1700799240,2.0,2.0,2.0,2.0,2.0,2.0,2.0,2.0,2.0,2.0,2.0,2.0,2.0,2.0,2.0,2.0,2.0,2.0,2.0,2.0,2.0,,,,,,,,,,0
62920d13ca9ff31950a65b98312bcfe0,1700799360,2.0,2.0,2.0,2.0,2.0,2.0,2.0,2.0,2.0,2.0,2.0,2.0,2.0,2.0,2.0,2.0,2.0,2.0,2.0,2.0,2.0,,,,,,,,,,0
62920d13ca9ff31950a65b98312bcfe0,1700799480,2.0,2.0,2.0,2.0,2.0,2.0,2.0,2.0,2.0,2.0,2.0,2.0,2.0,2.0,2.0,2.0,2.0,2.0,2.0,2.0,2.0,,,,,,,,,,0
62920d13ca9ff31950a65b98312bcfe0,1700799600,2.0,2.0,2.0,2.0,2.0,2.0,2.0,2.0,2.0,2.0,2.0,2.0,2.0,2.0,2.0,2.0,2.0,2.0,2.0,2.0,2.0,,,,,,,,,,0
4497c7155104ca8d37e8b1ad7eb8d788,1700798760,0.0,0.0,0.0,0.0,0.0,0.0,0.0,0.0,0.0,0.0,0.0,0.0,0.0,0.0,0.0,1.094590896652376,0.0,0.0,0.0,0.0,0.0,,,,,,,,,,0
451b79e4344fcafd29a9de017fe442a5,1700798760,0.0,0.0,0.0,0.0,0.0,0.0,0.0,0.0,0.0,0.0,0.0,0.0,0.0,0.0,0.0,0.0182431816108729,0.0,0.0,0.0,0.0,0.0,,,,,,,,,,0
da340877fa5ea2f1c201aedfc91d22bc,1700798400,101.0,98.0,82.0,84.0,90.0,89.0,99.0,93.0,85.0,92.0,79.0,98.0,81.0,98.0,96.0,94.0,98.0,93.0,84.0,90.0,93.0,,,,,,,,,,0
da340877fa5ea2f1c201aedfc91d22bc,1700798520,94.0,98.0,82.0,84.0,90.0,89.0,99.0,93.0,85.0,92.0,79.0,98.0,81.0,98.0,96.0,101.0,98.0,93.0,84.0,90.0,93.0,,,,,,,,,,0
da340877fa5ea2f1c201aedfc91d22bc,1700798640,94.0,101.0,82.0,84.0,90.0,89.0,99.0,93.0,85.0,92.0,79.0,98.0,81.0,98.0,96.0,98.0,98.0,93.0,84.0,90.0,93.0,,,,,,,,,,0
da340877fa5ea2f1c201aedfc91d22bc,1700798760,94.0,101.0,98.0,84.0,90.0,89.0,99.0,93.0,85.0,92.0,79.0,98.0,81.0,98.0,96.0,82.0,98.0,93.0,84.0,90.0,93.0,,,,,,,,,,0
da340877fa5ea2f1c201aedfc91d22bc,1700798880,94.0,101.0,98.0,82.0,90.0,89.0,99.0,93.0,85.0,92.0,79.0,98.0,81.0,98.0,96.0,84.0,98.0,93.0,84.0,90.0,93.0,,,,,,,,,,0
da340877fa5ea2f1c201aedfc91d22bc,1700799000,94.0,101.0,98.0,82.0,84.0,89.0,99.0,93.0,85.0,92.0,79.0,98.0,81.0,98.0,96.0,90.0,98.0,93.0,84.0,90.0,93.0,,,,,,,,,,0
da340877fa5ea2f1c201aedfc91d22bc,1700799120,94.0,101.0,98.0,82.0,84.0,90.0,99.0,93.0,85.0,92.0,79.0,98.0,81.0,98.0,96.0,89.0,98.0,93.0,84.0,90.0,93.0,,,,,,,,,,0
da340877fa5ea2f1c201aedfc91d22bc,1700799240,94.0,101.0,98.0,82.0,84.0,90.0,89.0,93.0,85.0,92.0,79.0,98.0,81.0,98.0,96.0,99.0,98.0,93.0,84.0,90.0,93.0,,,,,,,,,,0
da340877fa5ea2f1c201aedfc91d22bc,1700799360,94.0,101.0,98.0,82.0,84.0,90.0,89.0,99.0,85.0,92.0,79.0,98.0,81.0,98.0,96.0,93.0,98.0,93.0,84.0,90.0,93.0,,,,,,,,,,0
da340877fa5ea2f1c201aedfc91d22bc,1700799480,94.0,101.0,98.0,82.0,84.0,90.0,89.0,99.0,93.0,92.0,79.0,98.0,81.0,98.0,96.0,85.0,98.0,93.0,84.0,90.0,93.0,,,,,,,,,,0
da340877fa5ea2f1c201aedfc91d22bc,1700799600,94.0,101.0,98.0,82.0,84.0,90.0,89.0,99.0,93.0,85.0,79.0,98.0,81.0,98.0,96.0,92.0,98.0,93.0,84.0,90.0,93.0,,,,,,,,,,0
da340877fa5ea2f1c201aedfc91d22bc,1700799720,94.0,101.0,98.0,82.0,84.0,90.0,89.0,99.0,93.0,85.0,92.0,98.0,81.0,98.0,96.0,79.0,98.0,93.0,84.0,90.0,93.0,,,,,,,,,,0
da340877fa5ea2f1c201aedfc91d22bc,1700799840,94.0,101.0,98.0,82.0,84.0,90.0,89.0,99.0,93.0,85.0,92.0,79.0,81.0,98.0,96.0,98.0,98.0,93.0,84.0,90.0,93.0,,,,,,,,,,0
da340877fa5ea2f1c201aedfc91d22bc,1700799960,94.0,101.0,98.0,82.0,84.0,90.0,89.0,99.0,93.0,85.0,92.0,79.0,98.0,98.0,96.0,81.0,98.0,93.0,84.0,90.0,93.0,,,,,,,,,,0
da340877fa5ea2f1c201aedfc91d22bc,1700800080,94.0,101.0,98.0,82.0,84.0,90.0,89.0,99.0,93.0,85.0,92.0,79.0,98.0,81.0,96.0,98.0,98.0,93.0,84.0,90.0,93.0,,,,,,,,,,0
da340877fa5ea2f1c201aedfc91d22bc,1700800200,94.0,101.0,98.0,82.0,84.0,90.0,89.0,99.0,93.0,85.0,92.0,79.0,98.0,81.0,98.0,96.0,98.0,93.0,84.0,90.0,93.0,,,,,,,,,,0
da340877fa5ea2f1c201aedfc91d22bc,1700800320,94.0,101.0,98.0,82.0,84.0,90.0,89.0,99.0,93.0,85.0,92.0,79.0,98.0,81.0,98.0,98.0,96.0,93.0,84.0,90.0,93.0,,,,,,,,,,0
da340877fa5ea2f1c201aedfc91d22bc,1700800440,94.0,101.0,98.0,82.0,84.0,90.0,89.0,99.0,93.0,85.0,92.0,79.0,98.0,81.0,98.0,93.0,96.0,98.0,84.0,90.0,93.0,,,,,,,,,,0
da340877fa5ea2f1c201aedfc91d22bc,1700800560,94.0,101.0,98.0,82.0,84.0,90.0,89.0,99.0,93.0,85.0,92.0,79.0,98.0,81.0,98.0,84.0,96.0,98.0,93.0,90.0,93.0,,,,,,,,,,0
da340877fa5ea2f1c201aedfc91d22bc,1700800680,94.0,101.0,98.0,82.0,84.0,90.0,89.0,99.0,93.0,85.0,92.0,79.0,98.0,81.0,98.0,90.0,96.0,98.0,93.0,84.0,93.0,,,,,,,,,,0
da340877fa5ea2f1c201aedfc91d22bc,1700800800,94.0,101.0,98.0,82.0,84.0,90.0,89.0,99.0,93.0,85.0,92.0,79.0,98.0,81.0,98.0,93.0,96.0,98.0,93.0,84.0,90.0,,,,,,,,,,0
9acf1a4090ed511da774d820d33e61a3,1700798400,78.68225069555491,100.0919798355557,96.8540967177776,78.74996947777618,125.3283209222233,102.6548912977766,109.11796167111282,105.32622922222193,95.32804473333373,81.64216398888837,100.83167915555651,91.34843185333212,143.01125089333354,106.44822229333334,123.61412452888946,97.6856337622222,103.66378152222144,104.0059634444434,133.99869281111225,101.35036242888924,59.00506950666467,,,,,,,,,,0
9acf1a4090ed511da774d820d33e61a3,1700798520,97.6856337622222,100.0919798355557,96.8540967177776,78.74996947777618,125.3283209222233,102.6548912977766,109.11796167111282,105.32622922222193,95.32804473333373,81.64216398888837,100.83167915555651,91.34843185333212,143.01125089333354,106.44822229333334,123.61412452888946,78.68225069555491,103.66378152222144,104.0059634444434,133.99869281111225,101.35036242888924,59.00506950666467,,,,,,,,,,0
9acf1a4090ed511da774d820d33e61a3,1700798640,97.6856337622222,78.68225069555491,96.8540967177776,78.74996947777618,125.3283209222233,102.6548912977766,109.11796167111282,105.32622922222193,95.32804473333373,81.64216398888837,100.83167915555651,91.34843185333212,143.01125089333354,106.44822229333334,123.61412452888946,100.0919798355557,103.66378152222144,104.0059634444434,133.99869281111225,101.35036242888924,59.00506950666467,,,,,,,,,,0
9acf1a4090ed511da774d820d33e61a3,1700798760,97.6856337622222,78.68225069555491,100.0919798355557,78.74996947777618,125.3283209222233,102.6548912977766,109.11796167111282,105.32622922222193,95.32804473333373,81.64216398888837,100.83167915555651,91.34843185333212,143.01125089333354,106.44822229333334,123.61412452888946,96.8540967177776,103.66378152222144,104.0059634444434,133.99869281111225,101.35036242888924,59.00506950666467,,,,,,,,,,0
9acf1a4090ed511da774d820d33e61a3,1700798880,97.6856337622222,78.68225069555491,100.0919798355557,96.8540967177776,125.3283209222233,102.6548912977766,109.11796167111282,105.32622922222193,95.32804473333373,81.64216398888837,100.83167915555651,91.34843185333212,143.01125089333354,106.44822229333334,123.61412452888946,78.74996947777618,103.66378152222144,104.0059634444434,133.99869281111225,101.35036242888924,59.00506950666467,,,,,,,,,,0
9acf1a4090ed511da774d820d33e61a3,1700799000,97.6856337622222,78.68225069555491,100.0919798355557,96.8540967177776,78.74996947777618,102.6548912977766,109.11796167111282,105.32622922222193,95.32804473333373,81.64216398888837,100.83167915555651,91.34843185333212,143.01125089333354,106.44822229333334,123.61412452888946,125.3283209222233,103.66378152222144,104.0059634444434,133.99869281111225,101.35036242888924,59.00506950666467,,,,,,,,,,0
9acf1a4090ed511da774d820d33e61a3,1700799120,97.6856337622222,78.68225069555491,100.0919798355557,96.8540967177776,78.74996947777618,125.3283209222233,109.11796167111282,105.32622922222193,95.32804473333373,81.64216398888837,100.83167915555651,91.34843185333212,143.01125089333354,106.44822229333334,123.61412452888946,102.6548912977766,103.66378152222144,104.0059634444434,133.99869281111225,101.35036242888924,59.00506950666467,,,,,,,,,,0
9acf1a4090ed511da774d820d33e61a3,1700799240,97.6856337622222,78.68225069555491,100.0919798355557,96.8540967177776,78.74996947777618,125.3283209222233,102.6548912977766,105.32622922222193,95.32804473333373,81.64216398888837,100.83167915555651,91.34843185333212,143.01125089333354,106.44822229333334,123.61412452888946,109.11796167111282,103.66378152222144,104.0059634444434,133.99869281111225,101.35036242888924,59.00506950666467,,,,,,,,,,0
9acf1a4090ed511da774d820d33e61a3,1700799360,97.6856337622222,78.68225069555491,100.0919798355557,96.8540967177776,78.74996947777618,125.3283209222233,102.6548912977766,109.11796167111282,95.32804473333373,81.64216398888837,100.83167915555651,91.34843185333212,143.01125089333354,106.44822229333334,123.61412452888946,105.32622922222193,103.66378152222144,104.0059634444434,133.99869281111225,101.35036242888924,59.00506950666467,,,,,,,,,,0
9acf1a4090ed511da774d820d33e61a3,1700799480,97.6856337622222,78.68225069555491,100.0919798355557,96.8540967177776,78.74996947777618,125.3283209222233,102.6548912977766,109.11796167111282,105.32622922222193,81.64216398888837,100.83167915555651,91.34843185333212,143.01125089333354,106.44822229333334,123.61412452888946,95.32804473333373,103.66378152222144,104.0059634444434,133.99869281111225,101.35036242888924,59.00506950666467,,,,,,,,,,0
9acf1a4090ed511da774d820d33e61a3,1700799600,97.6856337622222,78.68225069555491,100.0919798355557,96.8540967177776,78.74996947777618,125.3283209222233,102.6548912977766,109.11796167111282,105.32622922222193,95.32804473333373,100.83167915555651,91.34843185333212,143.01125089333354,106.44822229333334,123.61412452888946,81.64216398888837,103.66378152222144,104.0059634444434,133.99869281111225,101.35036242888924,59.00506950666467,,,,,,,,,,0
9acf1a4090ed511da774d820d33e61a3,1700799720,97.6856337622222,78.68225069555491,100.0919798355557,96.8540967177776,78.74996947777618,125.3283209222233,102.6548912977766,109.11796167111282,105.32622922222193,95.32804473333373,81.64216398888837,91.34843185333212,143.01125089333354,106.44822229333334,123.61412452888946,100.83167915555651,103.66378152222144,104.0059634444434,133.99869281111225,101.35036242888924,59.00506950666467,,,,,,,,,,0
9acf1a4090ed511da774d820d33e61a3,1700799840,97.6856337622222,78.68225069555491,100.0919798355557,96.8540967177776,78.74996947777618,125.3283209222233,102.6548912977766,109.11796167111282,105.32622922222193,95.32804473333373,81.64216398888837,100.83167915555651,143.01125089333354,106.44822229333334,123.61412452888946,91.34843185333212,103.66378152222144,104.0059634444434,133.99869281111225,101.35036242888924,59.00506950666467,,,,,,,,,,0
9acf1a4090ed511da774d820d33e61a3,1700799960,97.6856337622222,78.68225069555491,100.0919798355557,96.8540967177776,78.74996947777618,125.3283209222233,102.6548912977766,109.11796167111282,105.32622922222193,95.32804473333373,81.64216398888837,100.83167915555651,91.34843185333212,106.44822229333334,123.61412452888946,143.01125089333354,103.66378152222144,104.0059634444434,133.99869281111225,101.35036242888924,59.00506950666467,,,,,,,,,,0
9acf1a4090ed511da774d820d33e61a3,1700800080,97.6856337622222,78.68225069555491,100.0919798355557,96.8540967177776,78.74996947777618,125.3283209222233,102.6548912977766,109.11796167111282,105.32622922222193,95.32804473333373,81.64216398888837,100.83167915555651,91.34843185333212,143.01125089333354,123.61412452888946,106.44822229333334,103.66378152222144,104.0059634444434,133.99869281111225,101.35036242888924,59.00506950666467,,,,,,,,,,0
9acf1a4090ed511da774d820d33e61a3,1700800200,97.6856337622222,78.68225069555491,100.0919798355557,96.8540967177776,78.74996947777618,125.3283209222233,102.6548912977766,109.11796167111282,105.32622922222193,95.32804473333373,81.64216398888837,100.83167915555651,91.34843185333212,143.01125089333354,106.44822229333334,123.61412452888946,103.66378152222144,104.0059634444434,133.99869281111225,101.35036242888924,59.00506950666467,,,,,,,,,,0
9acf1a4090ed511da774d820d33e61a3,1700800320,97.6856337622222,78.68225069555491,100.0919798355557,96.8540967177776,78.74996947777618,125.3283209222233,102.6548912977766,109.11796167111282,105.32622922222193,95.32804473333373,81.64216398888837,100.83167915555651,91.34843185333212,143.01125089333354,106.44822229333334,103.66378152222144,123.61412452888946,104.0059634444434,133.99869281111225,101.35036242888924,59.00506950666467,,,,,,,,,,0
9acf1a4090ed511da774d820d33e61a3,1700800440,97.6856337622222,78.68225069555491,100.0919798355557,96.8540967177776,78.74996947777618,125.3283209222233,102.6548912977766,109.11796167111282,105.32622922222193,95.32804473333373,81.64216398888837,100.83167915555651,91.34843185333212,143.01125089333354,106.44822229333334,104.0059634444434,123.61412452888946,103.66378152222144,133.99869281111225,101.35036242888924,59.00506950666467,,,,,,,,,,0
9acf1a4090ed511da774d820d33e61a3,1700800560,97.6856337622222,78.68225069555491,100.0919798355557,96.8540967177776,78.74996947777618,125.3283209222233,102.6548912977766,109.11796167111282,105.32622922222193,95.32804473333373,81.64216398888837,100.83167915555651,91.34843185333212,143.01125089333354,106.44822229333334,133.99869281111225,123.61412452888946,103.66378152222144,104.0059634444434,101.35036242888924,59.00506950666467,,,,,,,,,,0
9acf1a4090ed511da774d820d33e61a3,1700800680,97.6856337622222,78.68225069555491,100.0919798355557,96.8540967177776,78.74996947777618,125.3283209222233,102.6548912977766,109.11796167111282,105.32622922222193,95.32804473333373,81.64216398888837,100.83167915555651,91.34843185333212,143.01125089333354,106.44822229333334,101.35036242888924,123.61412452888946,103.66378152222144,104.0059634444434,133.99869281111225,59.00506950666467,,,,,,,,,,0
9acf1a4090ed511da774d820d33e61a3,1700800800,97.6856337622222,78.68225069555491,100.0919798355557,96.8540967177776,78.74996947777618,125.3283209222233,102.6548912977766,109.11796167111282,105.32622922222193,95.32804473333373,81.64216398888837,100.83167915555651,91.34843185333212,143.01125089333354,106.44822229333334,59.00506950666467,123.61412452888946,103.66378152222144,104.0059634444434,133.99869281111225,101.35036242888924,,,,,,,,,,0
5e0cf0fa2956ad7395caae46732f5151,1700798400,101.0,98.0,82.0,84.0,90.0,89.0,99.0,93.0,85.0,92.0,79.0,98.0,81.0,98.0,96.0,94.0,98.0,93.0,84.0,90.0,93.0,,,,,,,,,,0
5e0cf0fa2956ad7395caae46732f5151,1700798520,94.0,98.0,82.0,84.0,90.0,89.0,99.0,93.0,85.0,92.0,79.0,98.0,81.0,98.0,96.0,101.0,98.0,93.0,84.0,90.0,93.0,,,,,,,,,,0
5e0cf0fa2956ad7395caae46732f5151,1700798640,94.0,101.0,82.0,84.0,90.0,89.0,99.0,93.0,85.0,92.0,79.0,98.0,81.0,98.0,96.0,98.0,98.0,93.0,84.0,90.0,93.0,,,,,,,,,,0
5e0cf0fa2956ad7395caae46732f5151,1700798760,94.0,101.0,98.0,84.0,90.0,89.0,99.0,93.0,85.0,92.0,79.0,98.0,81.0,98.0,96.0,82.0,98.0,93.0,84.0,90.0,93.0,,,,,,,,,,0
5e0cf0fa2956ad7395caae46732f5151,1700798880,94.0,101.0,98.0,82.0,90.0,89.0,99.0,93.0,85.0,92.0,79.0,98.0,81.0,98.0,96.0,84.0,98.0,93.0,84.0,90.0,93.0,,,,,,,,,,0
5e0cf0fa2956ad7395caae46732f5151,1700799000,94.0,101.0,98.0,82.0,84.0,89.0,99.0,93.0,85.0,92.0,79.0,98.0,81.0,98.0,96.0,90.0,98.0,93.0,84.0,90.0,93.0,,,,,,,,,,0
5e0cf0fa2956ad7395caae46732f5151,1700799120,94.0,101.0,98.0,82.0,84.0,90.0,99.0,93.0,85.0,92.0,79.0,98.0,81.0,98.0,96.0,89.0,98.0,93.0,84.0,90.0,93.0,,,,,,,,,,0
5e0cf0fa2956ad7395caae46732f5151,1700799240,94.0,101.0,98.0,82.0,84.0,90.0,89.0,93.0,85.0,92.0,79.0,98.0,81.0,98.0,96.0,99.0,98.0,93.0,84.0,90.0,93.0,,,,,,,,,,0
5e0cf0fa2956ad7395caae46732f5151,1700799360,94.0,101.0,98.0,82.0,84.0,90.0,89.0,99.0,85.0,92.0,79.0,98.0,81.0,98.0,96.0,93.0,98.0,93.0,84.0,90.0,93.0,,,,,,,,,,0
5e0cf0fa2956ad7395caae46732f5151,1700799480,94.0,101.0,98.0,82.0,84.0,90.0,89.0,99.0,93.0,92.0,79.0,98.0,81.0,98.0,96.0,85.0,98.0,93.0,84.0,90.0,93.0,,,,,,,,,,0
5e0cf0fa2956ad7395caae46732f5151,1700799600,94.0,101.0,98.0,82.0,84.0,90.0,89.0,99.0,93.0,85.0,79.0,98.0,81.0,98.0,96.0,92.0,98.0,93.0,84.0,90.0,93.0,,,,,,,,,,0
5e0cf0fa2956ad7395caae46732f5151,1700799720,94.0,101.0,98.0,82.0,84.0,90.0,89.0,99.0,93.0,85.0,92.0,98.0,81.0,98.0,96.0,79.0,98.0,93.0,84.0,90.0,93.0,,,,,,,,,,0
5e0cf0fa2956ad7395caae46732f5151,1700799840,94.0,101.0,98.0,82.0,84.0,90.0,89.0,99.0,93.0,85.0,92.0,79.0,81.0,98.0,96.0,98.0,98.0,93.0,84.0,90.0,93.0,,,,,,,,,,0
5e0cf0fa2956ad7395caae46732f5151,1700799960,94.0,101.0,98.0,82.0,84.0,90.0,89.0,99.0,93.0,85.0,92.0,79.0,98.0,98.0,96.0,81.0,98.0,93.0,84.0,90.0,93.0,,,,,,,,,,0
5e0cf0fa2956ad7395caae46732f5151,1700800080,94.0,101.0,98.0,82.0,84.0,90.0,89.0,99.0,93.0,85.0,92.0,79.0,98.0,81.0,96.0,98.0,98.0,93.0,84.0,90.0,93.0,,,,,,,,,,0
5e0cf0fa2956ad7395caae46732f5151,1700800200,94.0,101.0,98.0,82.0,84.0,90.0,89.0,99.0,93.0,85.0,92.0,79.0,98.0,81.0,98.0,96.0,98.0,93.0,84.0,90.0,93.0,,,,,,,,,,0
5e0cf0fa2956ad7395caae46732f5151,1700800320,94.0,101.0,98.0,82.0,84.0,90.0,89.0,99.0,93.0,85.0,92.0,79.0,98.0,81.0,98.0,98.0,96.0,93.0,84.0,90.0,93.0,,,,,,,,,,0
5e0cf0fa2956ad7395caae46732f5151,1700800440,94.0,101.0,98.0,82.0,84.0,90.0,89.0,99.0,93.0,85.0,92.0,79.0,98.0,81.0,98.0,93.0,96.0,98.0,84.0,90.0,93.0,,,,,,,,,,0
5e0cf0fa2956ad7395caae46732f5151,1700800560,94.0,101.0,98.0,82.0,84.0,90.0,89.0,99.0,93.0,85.0,92.0,79.0,98.0,81.0,98.0,84.0,96.0,98.0,93.0,90.0,93.0,,,,,,,,,,0
5e0cf0fa2956ad7395caae46732f5151,1700800680,94.0,101.0,98.0,82.0,84.0,90.0,89.0,99.0,93.0,85.0,92.0,79.0,98.0,81.0,98.0,90.0,96.0,98.0,93.0,84.0,93.0,,,,,,,,,,0
5e0cf0fa2956ad7395caae46732f5151,1700800800,94.0,101.0,98.0,82.0,84.0,90.0,89.0,99.0,93.0,85.0,92.0,79.0,98.0,81.0,98.0,93.0,96.0,98.0,93.0,84.0,90.0,,,,,,,,,,0
aedcea2b95e6a07cb77a9a0da350ab7f,1700798400,2.0,2.0,2.0,2.0,2.0,2.0,2.0,2.0,2.0,2.0,2.0,2.0,2.0,2.0,2.0,2.0,2.0,2.0,2.0,2.0,2.0,,,,,,,,,,0
aedcea2b95e6a07cb77a9a0da350ab7f,1700798520,2.0,2.0,2.0,2.0,2.0,2.0,2.0,2.0,2.0,2.0,2.0,2.0,2.0,2.0,2.0,2.0,2.0,2.0,2.0,2.0,2.0,,,,,,,,,,0
aedcea2b95e6a07cb77a9a0da350ab7f,1700798640,2.0,2.0,2.0,2.0,2.0,2.0,2.0,2.0,2.0,2.0,2.0,2.0,2.0,2.0,2.0,2.0,2.0,2.0,2.0,2.0,2.0,,,,,,,,,,0
aedcea2b95e6a07cb77a9a0da350ab7f,1700798760,2.0,2.0,2.0,2.0,2.0,2.0,2.0,2.0,2.0,2.0,2.0,2.0,2.0,2.0,2.0,2.0,2.0,2.0,2.0,2.0,2.0,,,,,,,,,,0
aedcea2b95e6a07cb77a9a0da350ab7f,1700799240,2.0,2.0,2.0,2.0,2.0,2.0,2.0,2.0,2.0,2.0,2.0,2.0,2.0,2.0,2.0,2.0,2.0,2.0,2.0,2.0,2.0,,,,,,,,,,0
aedcea2b95e6a07cb77a9a0da350ab7f,1700799480,2.0,2.0,2.0,2.0,2.0,2.0,2.0,2.0,2.0,2.0,2.0,2.0,2.0,2.0,2.0,2.0,2.0,2.0,2.0,2.0,2.0,,,,,,,,,,0
aedcea2b95e6a07cb77a9a0da350ab7f,1700799600,2.0,2.0,2.0,2.0,2.0,2.0,2.0,2.0,2.0,2.0,2.0,2.0,2.0,2.0,2.0,2.0,2.0,2.0,2.0,2.0,2.0,,,,,,,,,,0
aedcea2b95e6a07cb77a9a0da350ab7f,1700799720,2.0,2.0,2.0,2.0,2.0,2.0,2.0,2.0,2.0,2.0,2.0,2.0,2.0,2.0,2.0,2.0,2.0,2.0,2.0,2.0,2.0,,,,,,,,,,0
aedcea2b95e6a07cb77a9a0da350ab7f,1700799840,2.0,2.0,2.0,2.0,2.0,2.0,2.0,2.0,2.0,2.0,2.0,2.0,2.0,2.0,2.0,2.0,2.0,2.0,2.0,2.0,2.0,,,,,,,,,,0
aedcea2b95e6a07cb77a9a0da350ab7f,1700799960,2.0,2.0,2.0,2.0,2.0,2.0,2.0,2.0,2.0,2.0,2.0,2.0,2.0,2.0,2.0,2.0,2.0,2.0,2.0,2.0,2.0,,,,,,,,,,0
aedcea2b95e6a07cb77a9a0da350ab7f,1700800080,2.0,2.0,2.0,2.0,2.0,2.0,2.0,2.0,2.0,2.0,2.0,2.0,2.0,2.0,2.0,2.0,2.0,2.0,2.0,2.0,2.0,,,,,,,,,,0
aedcea2b95e6a07cb77a9a0da350ab7f,1700800200,2.0,2.0,2.0,2.0,2.0,2.0,2.0,2.0,2.0,2.0,2.0,2.0,2.0,2.0,2.0,2.0,2.0,2.0,2.0,2.0,2.0,,,,,,,,,,0
aedcea2b95e6a07cb77a9a0da350ab7f,1700800320,2.0,2.0,2.0,2.0,2.0,2.0,2.0,2.0,2.0,2.0,2.0,2.0,2.0,2.0,2.0,2.0,2.0,2.0,2.0,2.0,2.0,,,,,,,,,,0
aedcea2b95e6a07cb77a9a0da350ab7f,1700800440,2.0,2.0,2.0,2.0,2.0,2.0,2.0,2.0,2.0,2.0,2.0,2.0,2.0,2.0,2.0,2.0,2.0,2.0,2.0,2.0,2.0,,,,,,,,,,0
aedcea2b95e6a07cb77a9a0da350ab7f,1700800560,2.0,2.0,2.0,2.0,2.0,2.0,2.0,2.0,2.0,2.0,2.0,2.0,2.0,2.0,2.0,2.0,2.0,2.0,2.0,2.0,2.0,,,,,,,,,,0
aedcea2b95e6a07cb77a9a0da350ab7f,1700800680,2.0,2.0,2.0,2.0,2.0,2.0,2.0,2.0,2.0,2.0,2.0,2.0,2.0,2.0,2.0,2.0,2.0,2.0,2.0,2.0,2.0,,,,,,,,,,0
aedcea2b95e6a07cb77a9a0da350ab7f,1700800800,2.0,2.0,2.0,2.0,2.0,2.0,2.0,2.0,2.0,2.0,2.0,2.0,2.0,2.0,2.0,2.0,2.0,2.0,2.0,2.0,2.0,,,,,,,,,,0
a47f48821fc1ffe7057a87438b541bec,1700798400,11.0,7.0,15.0,13.0,9.0,10.0,21.0,17.0,15.0,13.0,19.0,12.0,7.0,15.0,13.0,11.0,14.0,12.0,19.0,11.0,11.0,,,,,,,,,,0
a47f48821fc1ffe7057a87438b541bec,1700798520,11.0,7.0,15.0,13.0,9.0,10.0,21.0,17.0,15.0,13.0,19.0,12.0,7.0,15.0,13.0,11.0,14.0,12.0,19.0,11.0,11.0,,,,,,,,,,0
a47f48821fc1ffe7057a87438b541bec,1700798640,11.0,11.0,15.0,13.0,9.0,10.0,21.0,17.0,15.0,13.0,19.0,12.0,7.0,15.0,13.0,7.0,14.0,12.0,19.0,11.0,11.0,,,,,,,,,,0
a47f48821fc1ffe7057a87438b541bec,1700798760,11.0,11.0,7.0,13.0,9.0,10.0,21.0,17.0,15.0,13.0,19.0,12.0,7.0,15.0,13.0,15.0,14.0,12.0,19.0,11.0,11.0,,,,,,,,,,0
a47f48821fc1ffe7057a87438b541bec,1700798880,11.0,11.0,7.0,15.0,9.0,10.0,21.0,17.0,15.0,13.0,19.0,12.0,7.0,15.0,13.0,13.0,14.0,12.0,19.0,11.0,11.0,,,,,,,,,,0
a47f48821fc1ffe7057a87438b541bec,1700799000,11.0,11.0,7.0,15.0,13.0,10.0,21.0,17.0,15.0,13.0,19.0,12.0,7.0,15.0,13.0,9.0,14.0,12.0,19.0,11.0,11.0,,,,,,,,,,0
a47f48821fc1ffe7057a87438b541bec,1700799120,11.0,11.0,7.0,15.0,13.0,9.0,21.0,17.0,15.0,13.0,19.0,12.0,7.0,15.0,13.0,10.0,14.0,12.0,19.0,11.0,11.0,,,,,,,,,,0
a47f48821fc1ffe7057a87438b541bec,1700799240,11.0,11.0,7.0,15.0,13.0,9.0,10.0,17.0,15.0,13.0,19.0,12.0,7.0,15.0,13.0,21.0,14.0,12.0,19.0,11.0,11.0,,,,,,,,,,0
a47f48821fc1ffe7057a87438b541bec,1700799360,11.0,11.0,7.0,15.0,13.0,9.0,10.0,21.0,15.0,13.0,19.0,12.0,7.0,15.0,13.0,17.0,14.0,12.0,19.0,11.0,11.0,,,,,,,,,,0
a47f48821fc1ffe7057a87438b541bec,1700799480,11.0,11.0,7.0,15.0,13.0,9.0,10.0,21.0,17.0,13.0,19.0,12.0,7.0,15.0,13.0,15.0,14.0,12.0,19.0,11.0,11.0,,,,,,,,,,0
a47f48821fc1ffe7057a87438b541bec,1700799600,11.0,11.0,7.0,15.0,13.0,9.0,10.0,21.0,17.0,15.0,19.0,12.0,7.0,15.0,13.0,13.0,14.0,12.0,19.0,11.0,11.0,,,,,,,,,,0
a47f48821fc1ffe7057a87438b541bec,1700799720,11.0,11.0,7.0,15.0,13.0,9.0,10.0,21.0,17.0,15.0,13.0,12.0,7.0,15.0,13.0,19.0,14.0,12.0,19.0,11.0,11.0,,,,,,,,,,0
a47f48821fc1ffe7057a87438b541bec,1700799840,11.0,11.0,7.0,15.0,13.0,9.0,10.0,21.0,17.0,15.0,13.0,19.0,7.0,15.0,13.0,12.0,14.0,12.0,19.0,11.0,11.0,,,,,,,,,,0
a47f48821fc1ffe7057a87438b541bec,1700799960,11.0,11.0,7.0,15.0,13.0,9.0,10.0,21.0,17.0,15.0,13.0,19.0,12.0,15.0,13.0,7.0,14.0,12.0,19.0,11.0,11.0,,,,,,,,,,0
a47f48821fc1ffe7057a87438b541bec,1700800080,11.0,11.0,7.0,15.0,13.0,9.0,10.0,21.0,17.0,15.0,13.0,19.0,12.0,7.0,13.0,15.0,14.0,12.0,19.0,11.0,11.0,,,,,,,,,,0
a47f48821fc1ffe7057a87438b541bec,1700800200,11.0,11.0,7.0,15.0,13.0,9.0,10.0,21.0,17.0,15.0,13.0,19.0,12.0,7.0,15.0,13.0,14.0,12.0,19.0,11.0,11.0,,,,,,,,,,0
a47f48821fc1ffe7057a87438b541bec,1700800320,11.0,11.0,7.0,15.0,13.0,9.0,10.0,21.0,17.0,15.0,13.0,19.0,12.0,7.0,15.0,14.0,13.0,12.0,19.0,11.0,11.0,,,,,,,,,,0
a47f48821fc1ffe7057a87438b541bec,1700800440,11.0,11.0,7.0,15.0,13.0,9.0,10.0,21.0,17.0,15.0,13.0,19.0,12.0,7.0,15.0,12.0,13.0,14.0,19.0,11.0,11.0,,,,,,,,,,0
a47f48821fc1ffe7057a87438b541bec,1700800560,11.0,11.0,7.0,15.0,13.0,9.0,10.0,21.0,17.0,15.0,13.0,19.0,12.0,7.0,15.0,19.0,13.0,14.0,12.0,11.0,11.0,,,,,,,,,,0
a47f48821fc1ffe7057a87438b541bec,1700800680,11.0,11.0,7.0,15.0,13.0,9.0,10.0,21.0,17.0,15.0,13.0,19.0,12.0,7.0,15.0,11.0,13.0,14.0,12.0,19.0,11.0,,,,,,,,,,0
a47f48821fc1ffe7057a87438b541bec,1700800800,11.0,11.0,7.0,15.0,13.0,9.0,10.0,21.0,17.0,15.0,13.0,19.0,12.0,7.0,15.0,11.0,13.0,14.0,12.0,19.0,11.0,,,,,,,,,,0
6ad2d13248c5eddd35b3dbb2c1dd6a53,1700799600,2.0,2.0,2.0,2.0,2.0,2.0,2.0,2.0,2.0,2.0,2.0,2.0,2.0,2.0,2.0,2.0,2.0,2.0,2.0,2.0,2.0,,,,,,,,,,0
6ad2d13248c5eddd35b3dbb2c1dd6a53,1700799960,2.0,2.0,2.0,2.0,2.0,2.0,2.0,2.0,2.0,2.0,2.0,2.0,2.0,2.0,2.0,2.0,2.0,2.0,2.0,2.0,2.0,,,,,,,,,,0
6ad2d13248c5eddd35b3dbb2c1dd6a53,1700800080,2.0,2.0,2.0,2.0,2.0,2.0,2.0,2.0,2.0,2.0,2.0,2.0,2.0,2.0,2.0,2.0,2.0,2.0,2.0,2.0,2.0,,,,,,,,,,0
6ad2d13248c5eddd35b3dbb2c1dd6a53,1700800440,2.0,2.0,2.0,2.0,2.0,2.0,2.0,2.0,2.0,2.0,2.0,2.0,2.0,2.0,2.0,2.0,2.0,2.0,2.0,2.0,2.0,,,,,,,,,,0
7023eefc5d78a5c7551373c93600b099,1700799840,2048.0,2036.0,2013.0,2023.0,2039.0,2031.0,2017.0,2092.0,2018.0,2064.0,2039.0,2039.0,2046.0,2025.0,2028.0,2001.0,2043.0,2066.0,2022.0,2043.0,2070.0,,,,,,,,,,0
7023eefc5d78a5c7551373c93600b099,1700799960,2048.0,2036.0,2013.0,2023.0,2039.0,2031.0,2017.0,2092.0,2018.0,2064.0,2039.0,2039.0,2001.0,2025.0,2028.0,2046.0,2043.0,2066.0,2022.0,2043.0,2070.0,,,,,,,,,,0
7023eefc5d78a5c7551373c93600b099,1700800080,2048.0,2036.0,2013.0,2023.0,2039.0,2031.0,2017.0,2092.0,2018.0,2064.0,2039.0,2039.0,2001.0,2046.0,2028.0,2025.0,2043.0,2066.0,2022.0,2043.0,2070.0,,,,,,,,,,0
7023eefc5d78a5c7551373c93600b099,1700800200,2048.0,2036.0,2013.0,2023.0,2039.0,2031.0,2017.0,2092.0,2018.0,2064.0,2039.0,2039.0,2001.0,2046.0,2025.0,2028.0,2043.0,2066.0,2022.0,2043.0,2070.0,,,,,,,,,,0
7023eefc5d78a5c7551373c93600b099,1700800320,2048.0,2036.0,2013.0,2023.0,2039.0,2031.0,2017.0,2092.0,2018.0,2064.0,2039.0,2039.0,2001.0,2046.0,2025.0,2043.0,2028.0,2066.0,2022.0,2043.0,2070.0,,,,,,,,,,0
7023eefc5d78a5c7551373c93600b099,1700800440,2048.0,2036.0,2013.0,2023.0,2039.0,2031.0,2017.0,2092.0,2018.0,2064.0,2039.0,2039.0,2001.0,2046.0,2025.0,2066.0,2028.0,2043.0,2022.0,2043.0,2070.0,,,,,,,,,,0
7023eefc5d78a5c7551373c93600b099,1700800560,2048.0,2036.0,2013.0,2023.0,2039.0,2031.0,2017.0,2092.0,2018.0,2064.0,2039.0,2039.0,2001.0,2046.0,2025.0,2022.0,2028.0,2043.0,2066.0,2043.0,2070.0,,,,,,,,,,0
7023eefc5d78a5c7551373c93600b099,1700800680,2048.0,2036.0,2013.0,2023.0,2039.0,2031.0,2017.0,2092.0,2018.0,2064.0,2039.0,2039.0,2001.0,2046.0,2025.0,2043.0,2028.0,2043.0,2066.0,2022.0,2070.0,,,,,,,,,,0
7023eefc5d78a5c7551373c93600b099,1700800800,2048.0,2036.0,2013.0,2023.0,2039.0,2031.0,2017.0,2092.0,2018.0,2064.0,2039.0,2039.0,2001.0,2046.0,2025.0,2070.0,2028.0,2043.0,2066.0,2022.0,2043.0,,,,,,,,,,0
ad921d60486366258809553a3db49a4a,1700798400,2.0,0.0,0.0,1.0,1.0,0.0,0.0,1.0,2.0,0.0,0.0,0.0,3.0,1.0,1.0,2.0,0.0,0.0,0.0,0.0,0.0,,,,,,,,,,0
ad921d60486366258809553a3db49a4a,1700798520,2.0,0.0,0.0,1.0,1.0,0.0,0.0,1.0,2.0,0.0,0.0,0.0,3.0,1.0,1.0,2.0,0.0,0.0,0.0,0.0,0.0,,,,,,,,,,0
ad921d60486366258809553a3db49a4a,1700798640,2.0,2.0,0.0,1.0,1.0,0.0,0.0,1.0,2.0,0.0,0.0,0.0,3.0,1.0,1.0,0.0,0.0,0.0,0.0,0.0,0.0,,,,,,,,,,0
ad921d60486366258809553a3db49a4a,1700798760,2.0,2.0,0.0,1.0,1.0,0.0,0.0,1.0,2.0,0.0,0.0,0.0,3.0,1.0,1.0,0.0,0.0,0.0,0.0,0.0,0.0,,,,,,,,,,0
ad921d60486366258809553a3db49a4a,1700798880,2.0,2.0,0.0,0.0,1.0,0.0,0.0,1.0,2.0,0.0,0.0,0.0,3.0,1.0,1.0,1.0,0.0,0.0,0.0,0.0,0.0,,,,,,,,,,0
ad921d60486366258809553a3db49a4a,1700799000,2.0,2.0,0.0,0.0,1.0,0.0,0.0,1.0,2.0,0.0,0.0,0.0,3.0,1.0,1.0,1.0,0.0,0.0,0.0,0.0,0.0,,,,,,,,,,0
ad921d60486366258809553a3db49a4a,1700799120,2.0,2.0,0.0,0.0,1.0,1.0,0.0,1.0,2.0,0.0,0.0,0.0,3.0,1.0,1.0,0.0,0.0,0.0,0.0,0.0,0.0,,,,,,,,,,0
ad921d60486366258809553a3db49a4a,1700799240,2.0,2.0,0.0,0.0,1.0,1.0,0.0,1.0,2.0,0.0,0.0,0.0,3.0,1.0,1.0,0.0,0.0,0.0,0.0,0.0,0.0,,,,,,,,,,0
ad921d60486366258809553a3db49a4a,1700799360,2.0,2.0,0.0,0.0,1.0,1.0,0.0,0.0,2.0,0.0,0.0,0.0,3.0,1.0,1.0,1.0,0.0,0.0,0.0,0.0,0.0,,,,,,,,,,0
ad921d60486366258809553a3db49a4a,1700799480,2.0,2.0,0.0,0.0,1.0,1.0,0.0,0.0,1.0,0.0,0.0,0.0,3.0,1.0,1.0,2.0,0.0,0.0,0.0,0.0,0.0,,,,,,,,,,0
ad921d60486366258809553a3db49a4a,1700799600,2.0,2.0,0.0,0.0,1.0,1.0,0.0,0.0,1.0,2.0,0.0,0.0,3.0,1.0,1.0,0.0,0.0,0.0,0.0,0.0,0.0,,,,,,,,,,0
ad921d60486366258809553a3db49a4a,1700799720,2.0,2.0,0.0,0.0,1.0,1.0,0.0,0.0,1.0,2.0,0.0,0.0,3.0,1.0,1.0,0.0,0.0,0.0,0.0,0.0,0.0,,,,,,,,,,0
ad921d60486366258809553a3db49a4a,1700799840,2.0,2.0,0.0,0.0,1.0,1.0,0.0,0.0,1.0,2.0,0.0,0.0,3.0,1.0,1.0,0.0,0.0,0.0,0.0,0.0,0.0,,,,,,,,,,0
ad921d60486366258809553a3db49a4a,1700799960,2.0,2.0,0.0,0.0,1.0,1.0,0.0,0.0,1.0,2.0,0.0,0.0,0.0,1.0,1.0,3.0,0.0,0.0,0.0,0.0,0.0,,,,,,,,,,0
ad921d60486366258809553a3db49a4a,1700800080,2.0,2.0,0.0,0.0,1.0,1.0,0.0,0.0,1.0,2.0,0.0,0.0,0.0,3.0,1.0,1.0,0.0,0.0,0.0,0.0,0.0,,,,,,,,,,0
ad921d60486366258809553a3db49a4a,1700800200,2.0,2.0,0.0,0.0,1.0,1.0,0.0,0.0,1.0,2.0,0.0,0.0,0.0,3.0,1.0,1.0,0.0,0.0,0.0,0.0,0.0,,,,,,,,,,0
ad921d60486366258809553a3db49a4a,1700800320,2.0,2.0,0.0,0.0,1.0,1.0,0.0,0.0,1.0,2.0,0.0,0.0,0.0,3.0,1.0,0.0,1.0,0.0,0.0,0.0,0.0,,,,,,,,,,0
ad921d60486366258809553a3db49a4a,1700800560,2.0,2.0,0.0,0.0,1.0,1.0,0.0,0.0,1.0,2.0,0.0,0.0,0.0,3.0,1.0,0.0,1.0,0.0,0.0,0.0,0.0,,,,,,,,,,0
ad921d60486366258809553a3db49a4a,1700800680,2.0,2.0,0.0,0.0,1.0,1.0,0.0,0.0,1.0,2.0,0.0,0.0,0.0,3.0,1.0,0.0,1.0,0.0,0.0,0.0,0.0,,,,,,,,,,0
ad921d60486366258809553a3db49a4a,1700800800,2.0,2.0,0.0,0.0,1.0,1.0,0.0,0.0,1.0,2.0,0.0,0.0,0.0,3.0,1.0,0.0,1.0,0.0,0.0,0.0,0.0,,,,,,,,,,0
cec8c557b95827cb976dbfae645fb853,1700800680,0.0,0.0544474491370079,0.0555555555555555,0.0,0.0,0.0560394806233974,0.055,0.0,0.0534340506630667,0.0541735489834101,0.0,0.0,0.056058941058941,0.0537297786398448,0.0,0.0545523975778735,0.0178631902845802,0.0548666739822231,0.0545008629303297,0.0,0.0542358173337672,,,,,,,,,,0
cec8c557b95827cb976dbfae645fb853,1700800800,0.0,0.0544474491370079,0.0555555555555555,0.0,0.0,0.0560394806233974,0.055,0.0,0.0534340506630667,0.0541735489834101,0.0,0.0,0.056058941058941,0.0537297786398448,0.0,0.0542358173337672,0.0178631902845802,0.0548666739822231,0.0545008629303297,0.0,0.0545523975778735,,,,,,,,,,0
19930931b560277fcf06ecc09f41e752,1700799840,11.0,11.0,7.0,15.0,13.0,9.0,10.0,21.0,17.0,15.0,13.0,19.0,7.0,15.0,13.0,12.0,14.0,12.0,19.0,11.0,11.0,,,,,,,,,,0
19930931b560277fcf06ecc09f41e752,1700799960,11.0,11.0,7.0,15.0,13.0,9.0,10.0,21.0,17.0,15.0,13.0,19.0,12.0,15.0,13.0,7.0,14.0,12.0,19.0,11.0,11.0,,,,,,,,,,0
19930931b560277fcf06ecc09f41e752,1700800080,11.0,11.0,7.0,15.0,13.0,9.0,10.0,21.0,17.0,15.0,13.0,19.0,12.0,7.0,13.0,15.0,14.0,12.0,19.0,11.0,11.0,,,,,,,,,,0
19930931b560277fcf06ecc09f41e752,1700800200,11.0,11.0,7.0,15.0,13.0,9.0,10.0,21.0,17.0,15.0,13.0,19.0,12.0,7.0,15.0,13.0,14.0,12.0,19.0,11.0,11.0,,,,,,,,,,0
19930931b560277fcf06ecc09f41e752,1700800320,11.0,11.0,7.0,15.0,13.0,9.0,10.0,21.0,17.0,15.0,13.0,19.0,12.0,7.0,15.0,14.0,13.0,12.0,19.0,11.0,11.0,,,,,,,,,,0
19930931b560277fcf06ecc09f41e752,1700800440,11.0,11.0,7.0,15.0,13.0,9.0,10.0,21.0,17.0,15.0,13.0,19.0,12.0,7.0,15.0,12.0,13.0,14.0,19.0,11.0,11.0,,,,,,,,,,0
19930931b560277fcf06ecc09f41e752,1700800560,11.0,11.0,7.0,15.0,13.0,9.0,10.0,21.0,17.0,15.0,13.0,19.0,12.0,7.0,15.0,19.0,13.0,14.0,12.0,11.0,11.0,,,,,,,,,,0
19930931b560277fcf06ecc09f41e752,1700800680,11.0,11.0,7.0,15.0,13.0,9.0,10.0,21.0,17.0,15.0,13.0,19.0,12.0,7.0,15.0,11.0,13.0,14.0,12.0,19.0,11.0,,,,,,,,,,0
19930931b560277fcf06ecc09f41e752,1700800800,11.0,11.0,7.0,15.0,13.0,9.0,10.0,21.0,17.0,15.0,13.0,19.0,12.0,7.0,15.0,11.0,13.0,14.0,12.0,19.0,11.0,,,,,,,,,,0
3c381765fd3b9e79f88acad64d1f9271,1700798400,144.27674364997074,178.04897865668562,134.14028864664337,140.58045633001407,158.50448924000375,124.98833141333309,129.03469912004465,186.4941866533385,142.0465115166735,188.11312850666584,93.4852700366658,174.05647527334318,172.04579854000863,161.97912724329703,151.91521354000238,159.13871878331216,145.01439766332624,194.49539957999755,172.41585631665657,195.0137931399998,163.54420848670998,,,,,,,,,,0
3c381765fd3b9e79f88acad64d1f9271,1700798520,159.13871878331216,178.04897865668562,134.14028864664337,140.58045633001407,158.50448924000375,124.98833141333309,129.03469912004465,186.4941866533385,142.0465115166735,188.11312850666584,93.4852700366658,174.05647527334318,172.04579854000863,161.97912724329703,151.91521354000238,144.27674364997074,145.01439766332624,194.49539957999755,172.41585631665657,195.0137931399998,163.54420848670998,,,,,,,,,,0
3c381765fd3b9e79f88acad64d1f9271,1700798640,159.13871878331216,144.27674364997074,134.14028864664337,140.58045633001407,158.50448924000375,124.98833141333309,129.03469912004465,186.4941866533385,142.0465115166735,188.11312850666584,93.4852700366658,174.05647527334318,172.04579854000863,161.97912724329703,151.91521354000238,178.04897865668562,145.01439766332624,194.49539957999755,172.41585631665657,195.0137931399998,163.54420848670998,,,,,,,,,,0
3c381765fd3b9e79f88acad64d1f9271,1700798760,159.13871878331216,144.27674364997074,178.04897865668562,140.58045633001407,158.50448924000375,124.98833141333309,129.03469912004465,186.4941866533385,142.0465115166735,188.11312850666584,93.4852700366658,174.05647527334318,172.04579854000863,161.97912724329703,151.91521354000238,134.14028864664337,145.01439766332624,194.49539957999755,172.41585631665657,195.0137931399998,163.54420848670998,,,,,,,,,,0
3c381765fd3b9e79f88acad64d1f9271,1700798880,159.13871878331216,144.27674364997074,178.04897865668562,134.14028864664337,158.50448924000375,124.98833141333309,129.03469912004465,186.4941866533385,142.0465115166735,188.11312850666584,93.4852700366658,174.05647527334318,172.04579854000863,161.97912724329703,151.91521354000238,140.58045633001407,145.01439766332624,194.49539957999755,172.41585631665657,195.0137931399998,163.54420848670998,,,,,,,,,,0
3c381765fd3b9e79f88acad64d1f9271,1700799000,159.13871878331216,144.27674364997074,178.04897865668562,134.14028864664337,140.58045633001407,124.98833141333309,129.03469912004465,186.4941866533385,142.0465115166735,188.11312850666584,93.4852700366658,174.05647527334318,172.04579854000863,161.97912724329703,151.91521354000238,158.50448924000375,145.01439766332624,194.49539957999755,172.41585631665657,195.0137931399998,163.54420848670998,,,,,,,,,,0
3c381765fd3b9e79f88acad64d1f9271,1700799120,159.13871878331216,144.27674364997074,178.04897865668562,134.14028864664337,140.58045633001407,158.50448924000375,129.03469912004465,186.4941866533385,142.0465115166735,188.11312850666584,93.4852700366658,174.05647527334318,172.04579854000863,161.97912724329703,151.91521354000238,124.98833141333309,145.01439766332624,194.49539957999755,172.41585631665657,195.0137931399998,163.54420848670998,,,,,,,,,,0
3c381765fd3b9e79f88acad64d1f9271,1700799240,159.13871878331216,144.27674364997074,178.04897865668562,134.14028864664337,140.58045633001407,158.50448924000375,124.98833141333309,186.4941866533385,142.0465115166735,188.11312850666584,93.4852700366658,174.05647527334318,172.04579854000863,161.97912724329703,151.91521354000238,129.03469912004465,145.01439766332624,194.49539957999755,172.41585631665657,195.0137931399998,163.54420848670998,,,,,,,,,,0
3c381765fd3b9e79f88acad64d1f9271,1700799360,159.13871878331216,144.27674364997074,178.04897865668562,134.14028864664337,140.58045633001407,158.50448924000375,124.98833141333309,129.03469912004465,142.0465115166735,188.11312850666584,93.4852700366658,174.05647527334318,172.04579854000863,161.97912724329703,151.91521354000238,186.4941866533385,145.01439766332624,194.49539957999755,172.41585631665657,195.0137931399998,163.54420848670998,,,,,,,,,,0
3c381765fd3b9e79f88acad64d1f9271,1700799480,159.13871878331216,144.27674364997074,178.04897865668562,134.14028864664337,140.58045633001407,158.50448924000375,124.98833141333309,129.03469912004465,186.4941866533385,188.11312850666584,93.4852700366658,174.05647527334318,172.04579854000863,161.97912724329703,151.91521354000238,142.0465115166735,145.01439766332624,194.49539957999755,172.41585631665657,195.0137931399998,163.54420848670998,,,,,,,,,,0
3c381765fd3b9e79f88acad64d1f9271,1700799600,159.13871878331216,144.27674364997074,178.04897865668562,134.14028864664337,140.58045633001407,158.50448924000375,124.98833141333309,129.03469912004465,186.4941866533385,142.0465115166735,93.4852700366658,174.05647527334318,172.04579854000863,161.97912724329703,151.91521354000238,188.11312850666584,145.01439766332624,194.49539957999755,172.41585631665657,195.0137931399998,163.54420848670998,,,,,,,,,,0
3c381765fd3b9e79f88acad64d1f9271,1700799720,159.13871878331216,144.27674364997074,178.04897865668562,134.14028864664337,140.58045633001407,158.50448924000375,124.98833141333309,129.03469912004465,186.4941866533385,142.0465115166735,188.11312850666584,174.05647527334318,172.04579854000863,161.97912724329703,151.91521354000238,93.4852700366658,145.01439766332624,194.49539957999755,172.41585631665657,195.0137931399998,163.54420848670998,,,,,,,,,,0
3c381765fd3b9e79f88acad64d1f9271,1700799840,159.13871878331216,144.27674364997074,178.04897865668562,134.14028864664337,140.58045633001407,158.50448924000375,124.98833141333309,129.03469912004465,186.4941866533385,142.0465115166735,188.11312850666584,93.4852700366658,172.04579854000863,161.97912724329703,151.91521354000238,174.05647527334318,145.01439766332624,194.49539957999755,172.41585631665657,195.0137931399998,163.54420848670998,,,,,,,,,,0
3c381765fd3b9e79f88acad64d1f9271,1700799960,159.13871878331216,144.27674364997074,178.04897865668562,134.14028864664337,140.58045633001407,158.50448924000375,124.98833141333309,129.03469912004465,186.4941866533385,142.0465115166735,188.11312850666584,93.4852700366658,174.05647527334318,161.97912724329703,151.91521354000238,172.04579854000863,145.01439766332624,194.49539957999755,172.41585631665657,195.0137931399998,163.54420848670998,,,,,,,,,,0
3c381765fd3b9e79f88acad64d1f9271,1700800080,159.13871878331216,144.27674364997074,178.04897865668562,134.14028864664337,140.58045633001407,158.50448924000375,124.98833141333309,129.03469912004465,186.4941866533385,142.0465115166735,188.11312850666584,93.4852700366658,174.05647527334318,172.04579854000863,151.91521354000238,161.97912724329703,145.01439766332624,194.49539957999755,172.41585631665657,195.0137931399998,163.54420848670998,,,,,,,,,,0
3c381765fd3b9e79f88acad64d1f9271,1700800200,159.13871878331216,144.27674364997074,178.04897865668562,134.14028864664337,140.58045633001407,158.50448924000375,124.98833141333309,129.03469912004465,186.4941866533385,142.0465115166735,188.11312850666584,93.4852700366658,174.05647527334318,172.04579854000863,161.97912724329703,151.91521354000238,145.01439766332624,194.49539957999755,172.41585631665657,195.0137931399998,163.54420848670998,,,,,,,,,,0
3c381765fd3b9e79f88acad64d1f9271,1700800320,159.13871878331216,144.27674364997074,178.04897865668562,134.14028864664337,140.58045633001407,158.50448924000375,124.98833141333309,129.03469912004465,186.4941866533385,142.0465115166735,188.11312850666584,93.4852700366658,174.05647527334318,172.04579854000863,161.97912724329703,145.01439766332624,151.91521354000238,194.49539957999755,172.41585631665657,195.0137931399998,163.54420848670998,,,,,,,,,,0
3c381765fd3b9e79f88acad64d1f9271,1700800440,159.13871878331216,144.27674364997074,178.04897865668562,134.14028864664337,140.58045633001407,158.50448924000375,124.98833141333309,129.03469912004465,186.4941866533385,142.0465115166735,188.11312850666584,93.4852700366658,174.05647527334318,172.04579854000863,161.97912724329703,194.49539957999755,151.91521354000238,145.01439766332624,172.41585631665657,195.0137931399998,163.54420848670998,,,,,,,,,,0
3c381765fd3b9e79f88acad64d1f9271,1700800560,159.13871878331216,144.27674364997074,178.04897865668562,134.14028864664337,140.58045633001407,158.50448924000375,124.98833141333309,129.03469912004465,186.4941866533385,142.0465115166735,188.11312850666584,93.4852700366658,174.05647527334318,172.04579854000863,161.97912724329703,172.41585631665657,151.91521354000238,145.01439766332624,194.49539957999755,195.0137931399998,163.54420848670998,,,,,,,,,,0
3c381765fd3b9e79f88acad64d1f9271,1700800680,159.13871878331216,144.27674364997074,178.04897865668562,134.14028864664337,140.58045633001407,158.50448924000375,124.98833141333309,129.03469912004465,186.4941866533385,142.0465115166735,188.11312850666584,93.4852700366658,174.05647527334318,172.04579854000863,161.97912724329703,195.0137931399998,151.91521354000238,145.01439766332624,194.49539957999755,172.41585631665657,163.54420848670998,,,,,,,,,,0
3c381765fd3b9e79f88acad64d1f9271,1700800800,159.13871878331216,144.27674364997074,178.04897865668562,134.14028864664337,140.58045633001407,158.50448924000375,124.98833141333309,129.03469912004465,186.4941866533385,142.0465115166735,188.11312850666584,93.4852700366658,174.05647527334318,172.04579854000863,161.97912724329703,163.54420848670998,151.91521354000238,145.01439766332624,194.49539957999755,172.41585631665657,195.0137931399998,,,,,,,,,,0
acc9b27a031b8d0328379149f0dfaff9,1700799600,8.0,2.0,6.0,8.0,4.0,9.0,3.0,7.0,8.0,5.0,5.0,5.0,7.0,3.0,7.0,5.0,2.0,7.0,4.0,4.0,7.0,,,,,,,,,,0
acc9b27a031b8d0328379149f0dfaff9,1700799840,8.0,2.0,6.0,8.0,4.0,9.0,3.0,7.0,8.0,5.0,5.0,5.0,7.0,3.0,7.0,5.0,2.0,7.0,4.0,4.0,7.0,,,,,,,,,,0
acc9b27a031b8d0328379149f0dfaff9,1700799960,8.0,2.0,6.0,8.0,4.0,9.0,3.0,7.0,8.0,5.0,5.0,5.0,5.0,3.0,7.0,7.0,2.0,7.0,4.0,4.0,7.0,,,,,,,,,,0
acc9b27a031b8d0328379149f0dfaff9,1700800080,8.0,2.0,6.0,8.0,4.0,9.0,3.0,7.0,8.0,5.0,5.0,5.0,5.0,7.0,7.0,3.0,2.0,7.0,4.0,4.0,7.0,,,,,,,,,,0
acc9b27a031b8d0328379149f0dfaff9,1700800200,8.0,2.0,6.0,8.0,4.0,9.0,3.0,7.0,8.0,5.0,5.0,5.0,5.0,7.0,3.0,7.0,2.0,7.0,4.0,4.0,7.0,,,,,,,,,,0
acc9b27a031b8d0328379149f0dfaff9,1700800320,8.0,2.0,6.0,8.0,4.0,9.0,3.0,7.0,8.0,5.0,5.0,5.0,5.0,7.0,3.0,2.0,7.0,7.0,4.0,4.0,7.0,,,,,,,,,,0
acc9b27a031b8d0328379149f0dfaff9,1700800440,8.0,2.0,6.0,8.0,4.0,9.0,3.0,7.0,8.0,5.0,5.0,5.0,5.0,7.0,3.0,7.0,7.0,2.0,4.0,4.0,7.0,,,,,,,,,,0
acc9b27a031b8d0328379149f0dfaff9,1700800560,8.0,2.0,6.0,8.0,4.0,9.0,3.0,7.0,8.0,5.0,5.0,5.0,5.0,7.0,3.0,4.0,7.0,2.0,7.0,4.0,7.0,,,,,,,,,,0
acc9b27a031b8d0328379149f0dfaff9,1700800680,8.0,2.0,6.0,8.0,4.0,9.0,3.0,7.0,8.0,5.0,5.0,5.0,5.0,7.0,3.0,4.0,7.0,2.0,7.0,4.0,7.0,,,,,,,,,,0
acc9b27a031b8d0328379149f0dfaff9,1700800800,8.0,2.0,6.0,8.0,4.0,9.0,3.0,7.0,8.0,5.0,5.0,5.0,5.0,7.0,3.0,7.0,7.0,2.0,7.0,4.0,4.0,,,,,,,,,,0
a4a58c952a98e5616e4e5acf3cc4a933,1700799960,94.0,101.0,98.0,82.0,84.0,90.0,89.0,99.0,93.0,85.0,92.0,79.0,98.0,98.0,96.0,81.0,98.0,93.0,84.0,90.0,93.0,,,,,,,,,,0
a4a58c952a98e5616e4e5acf3cc4a933,1700800560,94.0,101.0,98.0,82.0,84.0,90.0,89.0,99.0,93.0,85.0,92.0,79.0,98.0,81.0,98.0,84.0,96.0,98.0,93.0,90.0,93.0,,,,,,,,,,0
f128e17cfd250649baef37f04d6c19b9,1700799600,2048.0,2036.0,2013.0,2023.0,2039.0,2031.0,2017.0,2092.0,2018.0,2064.0,2039.0,2001.0,2046.0,2025.0,2028.0,2039.0,2043.0,2066.0,2022.0,2043.0,2070.0,,,,,,,,,,0
f128e17cfd250649baef37f04d6c19b9,1700799840,2048.0,2036.0,2013.0,2023.0,2039.0,2031.0,2017.0,2092.0,2018.0,2064.0,2039.0,2039.0,2046.0,2025.0,2028.0,2001.0,2043.0,2066.0,2022.0,2043.0,2070.0,,,,,,,,,,0
f128e17cfd250649baef37f04d6c19b9,1700799960,2048.0,2036.0,2013.0,2023.0,2039.0,2031.0,2017.0,2092.0,2018.0,2064.0,2039.0,2039.0,2001.0,2025.0,2028.0,2046.0,2043.0,2066.0,2022.0,2043.0,2070.0,,,,,,,,,,0
f128e17cfd250649baef37f04d6c19b9,1700800080,2048.0,2036.0,2013.0,2023.0,2039.0,2031.0,2017.0,2092.0,2018.0,2064.0,2039.0,2039.0,2001.0,2046.0,2028.0,2025.0,2043.0,2066.0,2022.0,2043.0,2070.0,,,,,,,,,,0
f128e17cfd250649baef37f04d6c19b9,1700800320,2048.0,2036.0,2013.0,2023.0,2039.0,2031.0,2017.0,2092.0,2018.0,2064.0,2039.0,2039.0,2001.0,2046.0,2025.0,2043.0,2028.0,2066.0,2022.0,2043.0,2070.0,,,,,,,,,,0
f128e17cfd250649baef37f04d6c19b9,1700800440,2048.0,2036.0,2013.0,2023.0,2039.0,2031.0,2017.0,2092.0,2018.0,2064.0,2039.0,2039.0,2001.0,2046.0,2025.0,2066.0,2028.0,2043.0,2022.0,2043.0,2070.0,,,,,,,,,,0
f128e17cfd250649baef37f04d6c19b9,1700800560,2048.0,2036.0,2013.0,2023.0,2039.0,2031.0,2017.0,2092.0,2018.0,2064.0,2039.0,2039.0,2001.0,2046.0,2025.0,2022.0,2028.0,2043.0,2066.0,2043.0,2070.0,,,,,,,,,,0
c1066526e3b973229933e0fb9d037bbf,1700799840,3.0,0.0,0.0,0.0,0.0,0.0,0.0,0.0,3.0,3.0,3.0,3.0,3.0,3.0,4.0,6.0,6.0,3.0,3.0,3.0,6.0,,,,,,,,,,0
c1066526e3b973229933e0fb9d037bbf,1700800320,3.0,0.0,0.0,0.0,0.0,0.0,0.0,0.0,3.0,3.0,3.0,3.0,6.0,3.0,3.0,6.0,4.0,3.0,3.0,3.0,6.0,,,,,,,,,,0
c1066526e3b973229933e0fb9d037bbf,1700800800,3.0,0.0,0.0,0.0,0.0,0.0,0.0,0.0,3.0,3.0,3.0,3.0,6.0,3.0,3.0,6.0,4.0,6.0,3.0,3.0,3.0,,,,,,,,,,0
4b20aff7926272178b85218712b15cc7,1700798520,27.0,24.0,24.0,24.0,24.0,24.0,24.0,27.0,27.0,27.0,27.0,30.0,27.0,27.0,28.0,24.0,30.0,27.0,27.0,27.0,30.0,,,,,,,,,,0
4b20aff7926272178b85218712b15cc7,1700798880,27.0,24.0,24.0,24.0,24.0,24.0,24.0,27.0,27.0,27.0,27.0,30.0,27.0,27.0,28.0,24.0,30.0,27.0,27.0,27.0,30.0,,,,,,,,,,0
4b20aff7926272178b85218712b15cc7,1700799000,27.0,24.0,24.0,24.0,24.0,24.0,24.0,27.0,27.0,27.0,27.0,30.0,27.0,27.0,28.0,24.0,30.0,27.0,27.0,27.0,30.0,,,,,,,,,,0
4b20aff7926272178b85218712b15cc7,1700799120,27.0,24.0,24.0,24.0,24.0,24.0,24.0,27.0,27.0,27.0,27.0,30.0,27.0,27.0,28.0,24.0,30.0,27.0,27.0,27.0,30.0,,,,,,,,,,0
3415e4bc823ff9c472ee313e2c790cf9,1700799840,2044.0,2039.0,2015.0,2023.0,2038.0,2028.0,2025.0,2083.0,2016.0,2067.0,2047.0,2032.0,2042.0,2042.0,2020.0,1998.0,2048.0,2058.0,2023.0,2044.0,2066.0,,,,,,,,,,0
853015ced4aeeb33a38c6866d33110a3,1700799720,8.0,2.0,6.0,8.0,4.0,9.0,3.0,7.0,8.0,5.0,5.0,5.0,7.0,3.0,7.0,5.0,2.0,7.0,4.0,4.0,7.0,,,,,,,,,,0
853015ced4aeeb33a38c6866d33110a3,1700799840,8.0,2.0,6.0,8.0,4.0,9.0,3.0,7.0,8.0,5.0,5.0,5.0,7.0,3.0,7.0,5.0,2.0,7.0,4.0,4.0,7.0,,,,,,,,,,0
853015ced4aeeb33a38c6866d33110a3,1700799960,8.0,2.0,6.0,8.0,4.0,9.0,3.0,7.0,8.0,5.0,5.0,5.0,5.0,3.0,7.0,7.0,2.0,7.0,4.0,4.0,7.0,,,,,,,,,,0
853015ced4aeeb33a38c6866d33110a3,1700800080,8.0,2.0,6.0,8.0,4.0,9.0,3.0,7.0,8.0,5.0,5.0,5.0,5.0,7.0,7.0,3.0,2.0,7.0,4.0,4.0,7.0,,,,,,,,,,0
853015ced4aeeb33a38c6866d33110a3,1700800200,8.0,2.0,6.0,8.0,4.0,9.0,3.0,7.0,8.0,5.0,5.0,5.0,5.0,7.0,3.0,7.0,2.0,7.0,4.0,4.0,7.0,,,,,,,,,,0
853015ced4aeeb33a38c6866d33110a3,1700800320,8.0,2.0,6.0,8.0,4.0,9.0,3.0,7.0,8.0,5.0,5.0,5.0,5.0,7.0,3.0,2.0,7.0,7.0,4.0,4.0,7.0,,,,,,,,,,0
853015ced4aeeb33a38c6866d33110a3,1700800440,8.0,2.0,6.0,8.0,4.0,9.0,3.0,7.0,8.0,5.0,5.0,5.0,5.0,7.0,3.0,7.0,7.0,2.0,4.0,4.0,7.0,,,,,,,,,,0
853015ced4aeeb33a38c6866d33110a3,1700800560,8.0,2.0,6.0,8.0,4.0,9.0,3.0,7.0,8.0,5.0,5.0,5.0,5.0,7.0,3.0,4.0,7.0,2.0,7.0,4.0,7.0,,,,,,,,,,0
853015ced4aeeb33a38c6866d33110a3,1700800680,8.0,2.0,6.0,8.0,4.0,9.0,3.0,7.0,8.0,5.0,5.0,5.0,5.0,7.0,3.0,4.0,7.0,2.0,7.0,4.0,7.0,,,,,,,,,,0
853015ced4aeeb33a38c6866d33110a3,1700800800,8.0,2.0,6.0,8.0,4.0,9.0,3.0,7.0,8.0,5.0,5.0,5.0,5.0,7.0,3.0,7.0,7.0,2.0,7.0,4.0,4.0,,,,,,,,,,0
b1bd7c01c3ef58909e115c5936d39ad0,1700799960,94.0,101.0,98.0,82.0,84.0,90.0,89.0,99.0,93.0,85.0,92.0,79.0,98.0,98.0,96.0,81.0,98.0,93.0,84.0,90.0,93.0,,,,,,,,,,0
b1bd7c01c3ef58909e115c5936d39ad0,1700800560,94.0,101.0,98.0,82.0,84.0,90.0,89.0,99.0,93.0,85.0,92.0,79.0,98.0,81.0,98.0,84.0,96.0,98.0,93.0,90.0,93.0,,,,,,,,,,0
b1bd7c01c3ef58909e115c5936d39ad0,1700800800,94.0,101.0,98.0,82.0,84.0,90.0,89.0,99.0,93.0,85.0,92.0,79.0,98.0,81.0,98.0,93.0,96.0,98.0,93.0,84.0,90.0,,,,,,,,,,0
e476d2894bb5e9819c8fefb74ac0d59f,1700799840,3.0,0.0,0.0,0.0,0.0,0.0,0.0,0.0,3.0,3.0,3.0,3.0,3.0,2.0,3.0,6.0,6.0,3.0,3.0,3.0,6.0,,,,,,,,,,0
e476d2894bb5e9819c8fefb74ac0d59f,1700800320,3.0,0.0,0.0,0.0,0.0,0.0,0.0,0.0,3.0,3.0,3.0,3.0,6.0,3.0,2.0,6.0,3.0,3.0,3.0,3.0,6.0,,,,,,,,,,0
e476d2894bb5e9819c8fefb74ac0d59f,1700800800,3.0,0.0,0.0,0.0,0.0,0.0,0.0,0.0,3.0,3.0,3.0,3.0,6.0,3.0,2.0,6.0,3.0,6.0,3.0,3.0,3.0,,,,,,,,,,0
e937d159618b42e3d8ca2cad01913f7e,1700799840,3.0,0.0,0.0,0.0,0.0,0.0,0.0,0.0,3.0,3.0,3.0,3.0,3.0,3.0,4.0,6.0,6.0,3.0,3.0,3.0,6.0,,,,,,,,,,0
e937d159618b42e3d8ca2cad01913f7e,1700800320,3.0,0.0,0.0,0.0,0.0,0.0,0.0,0.0,3.0,3.0,3.0,3.0,6.0,3.0,3.0,6.0,4.0,3.0,3.0,3.0,6.0,,,,,,,,,,0
e937d159618b42e3d8ca2cad01913f7e,1700800800,3.0,0.0,0.0,0.0,0.0,0.0,0.0,0.0,3.0,3.0,3.0,3.0,6.0,3.0,3.0,6.0,4.0,6.0,3.0,3.0,3.0,,,,,,,,,,0
36eb617f7b86484b4dcce1d631115997,1700798400,0.1996406468356957,0.1851851851851851,0.2006749977196023,0.2199615067363211,0.2054780956191238,0.1833333333333333,0.2178451484070073,0.1781135022102226,0.1625206469502305,0.1801000284437552,0.199734897318105,0.2055494505494505,0.1790992621328161,0.1833333333333333,0.1964950931303825,0.2000036364297533,0.2194666959288927,0.1816695431010991,0.1970474516695957,0.2000254577855363,0.2169432693350688,,,,,,,,,,0
36eb617f7b86484b4dcce1d631115997,1700798520,0.2000036364297533,0.1851851851851851,0.2006749977196023,0.2199615067363211,0.2054780956191238,0.1833333333333333,0.2178451484070073,0.1781135022102226,0.1625206469502305,0.1801000284437552,0.199734897318105,0.2055494505494505,0.1790992621328161,0.1833333333333333,0.1964950931303825,0.1996406468356957,0.2194666959288927,0.1816695431010991,0.1970474516695957,0.2000254577855363,0.2169432693350688,,,,,,,,,,0
36eb617f7b86484b4dcce1d631115997,1700798640,0.2000036364297533,0.1996406468356957,0.2006749977196023,0.2199615067363211,0.2054780956191238,0.1833333333333333,0.2178451484070073,0.1781135022102226,0.1625206469502305,0.1801000284437552,0.199734897318105,0.2055494505494505,0.1790992621328161,0.1833333333333333,0.1964950931303825,0.1851851851851851,0.2194666959288927,0.1816695431010991,0.1970474516695957,0.2000254577855363,0.2169432693350688,,,,,,,,,,0
36eb617f7b86484b4dcce1d631115997,1700798760,0.2000036364297533,0.1996406468356957,0.1851851851851851,0.2199615067363211,0.2054780956191238,0.1833333333333333,0.2178451484070073,0.1781135022102226,0.1625206469502305,0.1801000284437552,0.199734897318105,0.2055494505494505,0.1790992621328161,0.1833333333333333,0.1964950931303825,0.2006749977196023,0.2194666959288927,0.1816695431010991,0.1970474516695957,0.2000254577855363,0.2169432693350688,,,,,,,,,,0
36eb617f7b86484b4dcce1d631115997,1700798880,0.2000036364297533,0.1996406468356957,0.1851851851851851,0.2006749977196023,0.2054780956191238,0.1833333333333333,0.2178451484070073,0.1781135022102226,0.1625206469502305,0.1801000284437552,0.199734897318105,0.2055494505494505,0.1790992621328161,0.1833333333333333,0.1964950931303825,0.2199615067363211,0.2194666959288927,0.1816695431010991,0.1970474516695957,0.2000254577855363,0.2169432693350688,,,,,,,,,,0
36eb617f7b86484b4dcce1d631115997,1700799000,0.2000036364297533,0.1996406468356957,0.1851851851851851,0.2006749977196023,0.2199615067363211,0.1833333333333333,0.2178451484070073,0.1781135022102226,0.1625206469502305,0.1801000284437552,0.199734897318105,0.2055494505494505,0.1790992621328161,0.1833333333333333,0.1964950931303825,0.2054780956191238,0.2194666959288927,0.1816695431010991,0.1970474516695957,0.2000254577855363,0.2169432693350688,,,,,,,,,,0
36eb617f7b86484b4dcce1d631115997,1700799120,0.2000036364297533,0.1996406468356957,0.1851851851851851,0.2006749977196023,0.2199615067363211,0.2054780956191238,0.2178451484070073,0.1781135022102226,0.1625206469502305,0.1801000284437552,0.199734897318105,0.2055494505494505,0.1790992621328161,0.1833333333333333,0.1964950931303825,0.1833333333333333,0.2194666959288927,0.1816695431010991,0.1970474516695957,0.2000254577855363,0.2169432693350688,,,,,,,,,,0
36eb617f7b86484b4dcce1d631115997,1700799360,0.2000036364297533,0.1996406468356957,0.1851851851851851,0.2006749977196023,0.2199615067363211,0.2054780956191238,0.1833333333333333,0.2178451484070073,0.1625206469502305,0.1801000284437552,0.199734897318105,0.2055494505494505,0.1790992621328161,0.1833333333333333,0.1964950931303825,0.1781135022102226,0.2194666959288927,0.1816695431010991,0.1970474516695957,0.2000254577855363,0.2169432693350688,,,,,,,,,,0
36eb617f7b86484b4dcce1d631115997,1700799480,0.2000036364297533,0.1996406468356957,0.1851851851851851,0.2006749977196023,0.2199615067363211,0.2054780956191238,0.1833333333333333,0.2178451484070073,0.1781135022102226,0.1801000284437552,0.199734897318105,0.2055494505494505,0.1790992621328161,0.1833333333333333,0.1964950931303825,0.1625206469502305,0.2194666959288927,0.1816695431010991,0.1970474516695957,0.2000254577855363,0.2169432693350688,,,,,,,,,,0
36eb617f7b86484b4dcce1d631115997,1700799600,0.2000036364297533,0.1996406468356957,0.1851851851851851,0.2006749977196023,0.2199615067363211,0.2054780956191238,0.1833333333333333,0.2178451484070073,0.1781135022102226,0.1625206469502305,0.199734897318105,0.2055494505494505,0.1790992621328161,0.1833333333333333,0.1964950931303825,0.1801000284437552,0.2194666959288927,0.1816695431010991,0.1970474516695957,0.2000254577855363,0.2169432693350688,,,,,,,,,,0
36eb617f7b86484b4dcce1d631115997,1700799720,0.2000036364297533,0.1996406468356957,0.1851851851851851,0.2006749977196023,0.2199615067363211,0.2054780956191238,0.1833333333333333,0.2178451484070073,0.1781135022102226,0.1625206469502305,0.1801000284437552,0.2055494505494505,0.1790992621328161,0.1833333333333333,0.1964950931303825,0.199734897318105,0.2194666959288927,0.1816695431010991,0.1970474516695957,0.2000254577855363,0.2169432693350688,,,,,,,,,,0
36eb617f7b86484b4dcce1d631115997,1700799840,0.2000036364297533,0.1996406468356957,0.1851851851851851,0.2006749977196023,0.2199615067363211,0.2054780956191238,0.1833333333333333,0.2178451484070073,0.1781135022102226,0.1625206469502305,0.1801000284437552,0.199734897318105,0.1790992621328161,0.1833333333333333,0.1964950931303825,0.2055494505494505,0.2194666959288927,0.1816695431010991,0.1970474516695957,0.2000254577855363,0.2169432693350688,,,,,,,,,,0
36eb617f7b86484b4dcce1d631115997,1700799960,0.2000036364297533,0.1996406468356957,0.1851851851851851,0.2006749977196023,0.2199615067363211,0.2054780956191238,0.1833333333333333,0.2178451484070073,0.1781135022102226,0.1625206469502305,0.1801000284437552,0.199734897318105,0.2055494505494505,0.1833333333333333,0.1964950931303825,0.1790992621328161,0.2194666959288927,0.1816695431010991,0.1970474516695957,0.2000254577855363,0.2169432693350688,,,,,,,,,,0
36eb617f7b86484b4dcce1d631115997,1700800080,0.2000036364297533,0.1996406468356957,0.1851851851851851,0.2006749977196023,0.2199615067363211,0.2054780956191238,0.1833333333333333,0.2178451484070073,0.1781135022102226,0.1625206469502305,0.1801000284437552,0.199734897318105,0.2055494505494505,0.1790992621328161,0.1964950931303825,0.1833333333333333,0.2194666959288927,0.1816695431010991,0.1970474516695957,0.2000254577855363,0.2169432693350688,,,,,,,,,,0
36eb617f7b86484b4dcce1d631115997,1700800200,0.2000036364297533,0.1996406468356957,0.1851851851851851,0.2006749977196023,0.2199615067363211,0.2054780956191238,0.1833333333333333,0.2178451484070073,0.1781135022102226,0.1625206469502305,0.1801000284437552,0.199734897318105,0.2055494505494505,0.1790992621328161,0.1833333333333333,0.1964950931303825,0.2194666959288927,0.1816695431010991,0.1970474516695957,0.2000254577855363,0.2169432693350688,,,,,,,,,,0
36eb617f7b86484b4dcce1d631115997,1700800440,0.2000036364297533,0.1996406468356957,0.1851851851851851,0.2006749977196023,0.2199615067363211,0.2054780956191238,0.1833333333333333,0.2178451484070073,0.1781135022102226,0.1625206469502305,0.1801000284437552,0.199734897318105,0.2055494505494505,0.1790992621328161,0.1833333333333333,0.1816695431010991,0.1964950931303825,0.2194666959288927,0.1970474516695957,0.2000254577855363,0.2169432693350688,,,,,,,,,,0
36eb617f7b86484b4dcce1d631115997,1700800560,0.2000036364297533,0.1996406468356957,0.1851851851851851,0.2006749977196023,0.2199615067363211,0.2054780956191238,0.1833333333333333,0.2178451484070073,0.1781135022102226,0.1625206469502305,0.1801000284437552,0.199734897318105,0.2055494505494505,0.1790992621328161,0.1833333333333333,0.1970474516695957,0.1964950931303825,0.2194666959288927,0.1816695431010991,0.2000254577855363,0.2169432693350688,,,,,,,,,,0
36eb617f7b86484b4dcce1d631115997,1700800680,0.2000036364297533,0.1996406468356957,0.1851851851851851,0.2006749977196023,0.2199615067363211,0.2054780956191238,0.1833333333333333,0.2178451484070073,0.1781135022102226,0.1625206469502305,0.1801000284437552,0.199734897318105,0.2055494505494505,0.1790992621328161,0.1833333333333333,0.2000254577855363,0.1964950931303825,0.2194666959288927,0.1816695431010991,0.1970474516695957,0.2169432693350688,,,,,,,,,,0
36eb617f7b86484b4dcce1d631115997,1700800800,0.2000036364297533,0.1996406468356957,0.1851851851851851,0.2006749977196023,0.2199615067363211,0.2054780956191238,0.1833333333333333,0.2178451484070073,0.1781135022102226,0.1625206469502305,0.1801000284437552,0.199734897318105,0.2055494505494505,0.1790992621328161,0.1833333333333333,0.2169432693350688,0.1964950931303825,0.2194666959288927,0.1816695431010991,0.1970474516695957,0.2000254577855363,,,,,,,,,,0
6b46f192cbbfe2c7af9703f2d00c7934,1700798400,1.0,1.0,1.0,1.0,1.0,1.0,1.0,1.0,1.0,1.0,1.0,1.0,1.0,1.0,1.0,1.0,1.0,1.0,1.0,1.0,1.0,,,,,,,,,,0
6b46f192cbbfe2c7af9703f2d00c7934,1700798520,1.0,1.0,1.0,1.0,1.0,1.0,1.0,1.0,1.0,1.0,1.0,1.0,1.0,1.0,1.0,1.0,1.0,1.0,1.0,1.0,1.0,,,,,,,,,,0
6b46f192cbbfe2c7af9703f2d00c7934,1700798640,1.0,1.0,1.0,1.0,1.0,1.0,1.0,1.0,1.0,1.0,1.0,1.0,1.0,1.0,1.0,1.0,1.0,1.0,1.0,1.0,1.0,,,,,,,,,,0
6b46f192cbbfe2c7af9703f2d00c7934,1700798760,1.0,1.0,1.0,1.0,1.0,1.0,1.0,1.0,1.0,1.0,1.0,1.0,1.0,1.0,1.0,1.0,1.0,1.0,1.0,1.0,1.0,,,,,,,,,,0
6b46f192cbbfe2c7af9703f2d00c7934,1700798880,1.0,1.0,1.0,1.0,1.0,1.0,1.0,1.0,1.0,1.0,1.0,1.0,1.0,1.0,1.0,1.0,1.0,1.0,1.0,1.0,1.0,,,,,,,,,,0
6b46f192cbbfe2c7af9703f2d00c7934,1700799000,1.0,1.0,1.0,1.0,1.0,1.0,1.0,1.0,1.0,1.0,1.0,1.0,1.0,1.0,1.0,1.0,1.0,1.0,1.0,1.0,1.0,,,,,,,,,,0
6b46f192cbbfe2c7af9703f2d00c7934,1700799120,1.0,1.0,1.0,1.0,1.0,1.0,1.0,1.0,1.0,1.0,1.0,1.0,1.0,1.0,1.0,1.0,1.0,1.0,1.0,1.0,1.0,,,,,,,,,,0
6b46f192cbbfe2c7af9703f2d00c7934,1700799240,1.0,1.0,1.0,1.0,1.0,1.0,1.0,1.0,1.0,1.0,1.0,1.0,1.0,1.0,1.0,1.0,1.0,1.0,1.0,1.0,1.0,,,,,,,,,,0
6b46f192cbbfe2c7af9703f2d00c7934,1700799360,1.0,1.0,1.0,1.0,1.0,1.0,1.0,1.0,1.0,1.0,1.0,1.0,1.0,1.0,1.0,1.0,1.0,1.0,1.0,1.0,1.0,,,,,,,,,,0
6b46f192cbbfe2c7af9703f2d00c7934,1700799480,1.0,1.0,1.0,1.0,1.0,1.0,1.0,1.0,1.0,1.0,1.0,1.0,1.0,1.0,1.0,1.0,1.0,1.0,1.0,1.0,1.0,,,,,,,,,,0
6b46f192cbbfe2c7af9703f2d00c7934,1700799600,1.0,1.0,1.0,1.0,1.0,1.0,1.0,1.0,1.0,1.0,1.0,1.0,1.0,1.0,1.0,1.0,1.0,1.0,1.0,1.0,1.0,,,,,,,,,,0
6b46f192cbbfe2c7af9703f2d00c7934,1700799720,1.0,1.0,1.0,1.0,1.0,1.0,1.0,1.0,1.0,1.0,1.0,1.0,1.0,1.0,1.0,1.0,1.0,1.0,1.0,1.0,1.0,,,,,,,,,,0
6b46f192cbbfe2c7af9703f2d00c7934,1700799840,1.0,1.0,1.0,1.0,1.0,1.0,1.0,1.0,1.0,1.0,1.0,1.0,1.0,1.0,1.0,1.0,1.0,1.0,1.0,1.0,1.0,,,,,,,,,,0
6b46f192cbbfe2c7af9703f2d00c7934,1700799960,1.0,1.0,1.0,1.0,1.0,1.0,1.0,1.0,1.0,1.0,1.0,1.0,1.0,1.0,1.0,1.0,1.0,1.0,1.0,1.0,1.0,,,,,,,,,,0
6b46f192cbbfe2c7af9703f2d00c7934,1700800080,1.0,1.0,1.0,1.0,1.0,1.0,1.0,1.0,1.0,1.0,1.0,1.0,1.0,1.0,1.0,1.0,1.0,1.0,1.0,1.0,1.0,,,,,,,,,,0
6b46f192cbbfe2c7af9703f2d00c7934,1700800200,1.0,1.0,1.0,1.0,1.0,1.0,1.0,1.0,1.0,1.0,1.0,1.0,1.0,1.0,1.0,1.0,1.0,1.0,1.0,1.0,1.0,,,,,,,,,,0
6b46f192cbbfe2c7af9703f2d00c7934,1700800320,1.0,1.0,1.0,1.0,1.0,1.0,1.0,1.0,1.0,1.0,1.0,1.0,1.0,1.0,1.0,1.0,1.0,1.0,1.0,1.0,1.0,,,,,,,,,,0
6b46f192cbbfe2c7af9703f2d00c7934,1700800440,1.0,1.0,1.0,1.0,1.0,1.0,1.0,1.0,1.0,1.0,1.0,1.0,1.0,1.0,1.0,1.0,1.0,1.0,1.0,1.0,1.0,,,,,,,,,,0
6b46f192cbbfe2c7af9703f2d00c7934,1700800560,1.0,1.0,1.0,1.0,1.0,1.0,1.0,1.0,1.0,1.0,1.0,1.0,1.0,1.0,1.0,1.0,1.0,1.0,1.0,1.0,1.0,,,,,,,,,,0
6b46f192cbbfe2c7af9703f2d00c7934,1700800680,1.0,1.0,1.0,1.0,1.0,1.0,1.0,1.0,1.0,1.0,1.0,1.0,1.0,1.0,1.0,1.0,1.0,1.0,1.0,1.0,1.0,,,,,,,,,,0
6b46f192cbbfe2c7af9703f2d00c7934,1700800800,1.0,1.0,1.0,1.0,1.0,1.0,1.0,1.0,1.0,1.0,1.0,1.0,1.0,1.0,1.0,1.0,1.0,1.0,1.0,1.0,1.0,,,,,,,,,,0
78e731027d8fd50ed642340b7c9a63b3,1700799840,3.0,0.0,0.0,0.0,0.0,0.0,0.0,0.0,3.0,3.0,3.0,3.0,3.0,3.0,4.0,6.0,6.0,3.0,3.0,3.0,6.0,,,,,,,,,,0
78e731027d8fd50ed642340b7c9a63b3,1700800320,3.0,0.0,0.0,0.0,0.0,0.0,0.0,0.0,3.0,3.0,3.0,3.0,6.0,3.0,3.0,6.0,4.0,3.0,3.0,3.0,6.0,,,,,,,,,,0
78e731027d8fd50ed642340b7c9a63b3,1700800800,3.0,0.0,0.0,0.0,0.0,0.0,0.0,0.0,3.0,3.0,3.0,3.0,6.0,3.0,3.0,6.0,4.0,6.0,3.0,3.0,3.0,,,,,,,,,,0
6300af06fd5be620cb7ab2f3b3d2c52c,1700799840,2048.0,2036.0,2013.0,2023.0,2039.0,2031.0,2017.0,2092.0,2018.0,2064.0,2039.0,2039.0,2046.0,2025.0,2028.0,2001.0,2043.0,2066.0,2022.0,2043.0,2070.0,,,,,,,,,,0
6300af06fd5be620cb7ab2f3b3d2c52c,1700800200,2048.0,2036.0,2013.0,2023.0,2039.0,2031.0,2017.0,2092.0,2018.0,2064.0,2039.0,2039.0,2001.0,2046.0,2025.0,2028.0,2043.0,2066.0,2022.0,2043.0,2070.0,,,,,,,,,,0
6300af06fd5be620cb7ab2f3b3d2c52c,1700800320,2048.0,2036.0,2013.0,2023.0,2039.0,2031.0,2017.0,2092.0,2018.0,2064.0,2039.0,2039.0,2001.0,2046.0,2025.0,2043.0,2028.0,2066.0,2022.0,2043.0,2070.0,,,,,,,,,,0
6300af06fd5be620cb7ab2f3b3d2c52c,1700800440,2048.0,2036.0,2013.0,2023.0,2039.0,2031.0,2017.0,2092.0,2018.0,2064.0,2039.0,2039.0,2001.0,2046.0,2025.0,2066.0,2028.0,2043.0,2022.0,2043.0,2070.0,,,,,,,,,,0
6300af06fd5be620cb7ab2f3b3d2c52c,1700800560,2048.0,2036.0,2013.0,2023.0,2039.0,2031.0,2017.0,2092.0,2018.0,2064.0,2039.0,2039.0,2001.0,2046.0,2025.0,2022.0,2028.0,2043.0,2066.0,2043.0,2070.0,,,,,,,,,,0
6300af06fd5be620cb7ab2f3b3d2c52c,1700800680,2048.0,2036.0,2013.0,2023.0,2039.0,2031.0,2017.0,2092.0,2018.0,2064.0,2039.0,2039.0,2001.0,2046.0,2025.0,2043.0,2028.0,2043.0,2066.0,2022.0,2070.0,,,,,,,,,,0
0badfdebad4428ade54a078fc6a15087,1700798400,100.0,100.0,100.0,100.0,100.0,100.0,100.0,100.0,100.0,100.0,100.0,100.0,100.0,100.0,100.0,100.0,100.0,100.0,100.0,100.0,100.0,,,,,,,,,,0
0badfdebad4428ade54a078fc6a15087,1700798520,100.0,100.0,100.0,100.0,100.0,100.0,100.0,100.0,100.0,100.0,100.0,100.0,100.0,100.0,100.0,100.0,100.0,100.0,100.0,100.0,100.0,,,,,,,,,,0
0badfdebad4428ade54a078fc6a15087,1700798640,100.0,100.0,100.0,100.0,100.0,100.0,100.0,100.0,100.0,100.0,100.0,100.0,100.0,100.0,100.0,100.0,100.0,100.0,100.0,100.0,100.0,,,,,,,,,,0
0badfdebad4428ade54a078fc6a15087,1700798760,100.0,100.0,100.0,100.0,100.0,100.0,100.0,100.0,100.0,100.0,100.0,100.0,100.0,100.0,100.0,100.0,100.0,100.0,100.0,100.0,100.0,,,,,,,,,,0
0badfdebad4428ade54a078fc6a15087,1700798880,100.0,100.0,100.0,100.0,100.0,100.0,100.0,100.0,100.0,100.0,100.0,100.0,100.0,100.0,100.0,100.0,100.0,100.0,100.0,100.0,100.0,,,,,,,,,,0
0badfdebad4428ade54a078fc6a15087,1700799000,100.0,100.0,100.0,100.0,100.0,100.0,100.0,100.0,100.0,100.0,100.0,100.0,100.0,100.0,100.0,100.0,100.0,100.0,100.0,100.0,100.0,,,,,,,,,,0
0badfdebad4428ade54a078fc6a15087,1700799120,100.0,100.0,100.0,100.0,100.0,100.0,100.0,100.0,100.0,100.0,100.0,100.0,100.0,100.0,100.0,100.0,100.0,100.0,100.0,100.0,100.0,,,,,,,,,,0
0badfdebad4428ade54a078fc6a15087,1700799240,100.0,100.0,100.0,100.0,100.0,100.0,100.0,100.0,100.0,100.0,100.0,100.0,100.0,100.0,100.0,100.0,100.0,100.0,100.0,100.0,100.0,,,,,,,,,,0
0badfdebad4428ade54a078fc6a15087,1700799360,100.0,100.0,100.0,100.0,100.0,100.0,100.0,100.0,100.0,100.0,100.0,100.0,100.0,100.0,100.0,100.0,100.0,100.0,100.0,100.0,100.0,,,,,,,,,,0
0badfdebad4428ade54a078fc6a15087,1700799480,100.0,100.0,100.0,100.0,100.0,100.0,100.0,100.0,100.0,100.0,100.0,100.0,100.0,100.0,100.0,100.0,100.0,100.0,100.0,100.0,100.0,,,,,,,,,,0
0badfdebad4428ade54a078fc6a15087,1700799600,100.0,100.0,100.0,100.0,100.0,100.0,100.0,100.0,100.0,100.0,100.0,100.0,100.0,100.0,100.0,100.0,100.0,100.0,100.0,100.0,100.0,,,,,,,,,,0
0badfdebad4428ade54a078fc6a15087,1700799720,100.0,100.0,100.0,100.0,100.0,100.0,100.0,100.0,100.0,100.0,100.0,100.0,100.0,100.0,100.0,100.0,100.0,100.0,100.0,100.0,100.0,,,,,,,,,,0
0badfdebad4428ade54a078fc6a15087,1700799840,100.0,100.0,100.0,100.0,100.0,100.0,100.0,100.0,100.0,100.0,100.0,100.0,100.0,100.0,100.0,100.0,100.0,100.0,100.0,100.0,100.0,,,,,,,,,,0
0badfdebad4428ade54a078fc6a15087,1700799960,100.0,100.0,100.0,100.0,100.0,100.0,100.0,100.0,100.0,100.0,100.0,100.0,100.0,100.0,100.0,100.0,100.0,100.0,100.0,100.0,100.0,,,,,,,,,,0
0badfdebad4428ade54a078fc6a15087,1700800080,100.0,100.0,100.0,100.0,100.0,100.0,100.0,100.0,100.0,100.0,100.0,100.0,100.0,100.0,100.0,100.0,100.0,100.0,100.0,100.0,100.0,,,,,,,,,,0
0badfdebad4428ade54a078fc6a15087,1700800200,100.0,100.0,100.0,100.0,100.0,100.0,100.0,100.0,100.0,100.0,100.0,100.0,100.0,100.0,100.0,100.0,100.0,100.0,100.0,100.0,100.0,,,,,,,,,,0
0badfdebad4428ade54a078fc6a15087,1700800320,100.0,100.0,100.0,100.0,100.0,100.0,100.0,100.0,100.0,100.0,100.0,100.0,100.0,100.0,100.0,100.0,100.0,100.0,100.0,100.0,100.0,,,,,,,,,,0
0badfdebad4428ade54a078fc6a15087,1700800440,100.0,100.0,100.0,100.0,100.0,100.0,100.0,100.0,100.0,100.0,100.0,100.0,100.0,100.0,100.0,100.0,100.0,100.0,100.0,100.0,100.0,,,,,,,,,,0
0badfdebad4428ade54a078fc6a15087,1700800560,100.0,100.0,100.0,100.0,100.0,100.0,100.0,100.0,100.0,100.0,100.0,100.0,100.0,100.0,100.0,100.0,100.0,100.0,100.0,100.0,100.0,,,,,,,,,,0
0badfdebad4428ade54a078fc6a15087,1700800680,100.0,100.0,100.0,100.0,100.0,100.0,100.0,100.0,100.0,100.0,100.0,100.0,100.0,100.0,100.0,100.0,100.0,100.0,100.0,100.0,100.0,,,,,,,,,,0
0badfdebad4428ade54a078fc6a15087,1700800800,100.0,100.0,100.0,100.0,100.0,100.0,100.0,100.0,100.0,100.0,100.0,100.0,100.0,100.0,100.0,100.0,100.0,100.0,100.0,100.0,100.0,,,,,,,,,,0
