parseDataReportFlag ok,infra.grpc.invoker,get metadata from header,parse metadata,DeleteFieldValues <:REQ:>,<:staticStrategies:>,rego exec input:<:MAP:>,computeDeptMembersObjectIDs end,computeOwnObjectIDs end,build <:*:> [trace.id=<:SEQ:> <:transactionID:> <:spanID:>,no need or no have tags [trace.id=<:SEQ:> <:transactionID:> <:spanID:>,getDept success,getBackupEmp success,Depts only have yunzhanghu,funName=concurrentNoPaging run task end,<:REQ:>,AuthListByName <:<:ChineseInfo:>:>,getPermTagsAndValues success,curpkg+name: code.yunzhanghu.com/be/yid/server/grpc/v1/CheckDelay [trace.id=<:SEQ:> <:transactionID:> <:spanID:>,funName=DataCompose,no need or no have tags,parent node is not exist,allNum=<:NUM:>,computeAndCompare same,build <:*:>,build <:*:> <:*:> [trace.id=<:SEQ:> <:transactionID:> <:spanID:>,ClientEnvHandler is <:*:>,<:GIN:>,protection for <:*:> have compare <:NUM:>,no page <:*:>,no page <:*:> [trace.id=<:SEQ:> <:transactionID:> <:spanID:>,no <:*:>,msg,Response=<:MAP:>,superiorAndDeputy empty,message,build <:*:> reply,<:ownDeptIDs:>,approve callback start,svc.ApproveCallback failed,approve status error,<:query signature:>,loaded policy count:<:NUM:>,loadRegoMySQLInterval success,<:list modules:>,query ge<:updateFanweiEmployee failed:>,not find dictionary type=<:NUM:>,Dao.GetSession,<:deptLeaderManageDeptIDs:>,<:listManageOrgReq:>,error occurred in <:NewAccessRequest:>,token check failed,protection for <:*:> done,GetSupervisorPosition success,[GetBaseInfoByEmpID] db ge<:updateFanweiEmployee failed:>,GetBaseInfoByEmpID failed,no api page resources,parent deptIDs=[<:SEQ:>],callback status error,sign switch is off [trace.id=<:SEQ:> <:transactionID:> <:spanID:>,<:YID:>,check failed,protection.ComputeAndDiff failed,<:*:> started successfully,ykmsyid <:*:> start kms,[GetAuthorizedDept] getAllDept success,dept inChargeSuperiors is empty,checkCheckPer<:updateFanweiEmployee failed:>,s.getAuthObject objects=[dealer id customer id],checkAndBuildListPermDataReq failed,ListFieldValues failed,p.svc.GetSingleYidSingleFieldPermDat<:updateFanweiEmployee failed:>,<:tagID:>,<:listReq:>,GrpcDataReportInterceptor parse methodSet: <:MAP:>,loadKdConfig success,len(deptYids)=<:NUM:>,len(allDeptMembers)=<:NUM:>,get other dutyCommittee backup employee success,AuthSessionVali<:updateFanweiEmployee failed:>,Dao.NewSession,Login(totp verify) success,"""userID"":""<:SEQ:>""",SendWeChatMarkdownMsg failed,Sending login weChat markdown messag<:updateFanweiEmployee failed:>,ok: true [trace.id=<:SEQ:> <:transactionID:> <:spanID:>,[GetAuthorizedEmp] getAllEmp success count=<:NUM:> [trace.id=<:SEQ:> <:transactionID:> <:spanID:>,version,ykms addr: ykms://yid@ykms:<:NUM:>,ykmsyid DefaultDEK.Error rpc error: code = Unknown desc = <:NUM:>-the kek(name:yid:<:id:>xx,captcha is using redis store,NewRedisStore use GoRediStore,Init noeq success,yos init success,ymsg init success,cuid init success,s.cfg.Prometheus.Interval=<:NUM:>,yid grpc ListFieldValues failed,timestamp
4543,4543,4543,4543,1628,79,208,79,79,182,79,156,156,155,0,1628,27,79,0,1,79,0,0,0,208,26,26,26,0,0,0,0,0,2,0,2,0,0,2,2,2,0,2,2,2,0,0,0,0,0,0,0,0,0,0,0,0,0,0,0,0,0,0,0,0,0,0,0,0,0,0,0,0,0,0,0,0,0,0,0,0,0,0,0,0,0,0,0,0,0,0,0,0,0,0,0,0,0,2023-11-21 16:30:00
5013,5013,5013,5013,1781,89,223,89,89,201,89,174,174,171,0,1781,23,89,0,1,89,0,0,0,223,22,27,27,0,0,0,0,0,3,1,3,0,0,3,3,3,0,2,2,2,0,0,0,0,0,0,0,0,2,0,0,0,0,0,0,0,0,0,0,0,0,0,0,0,0,0,0,0,0,0,0,0,0,0,0,0,0,0,0,0,0,0,0,0,0,0,0,0,0,0,0,0,0,2023-11-21 16:32:00
5049,5049,5049,5049,1776,87,236,87,87,210,87,188,188,186,0,1776,26,87,0,0,87,0,0,0,236,26,26,26,0,0,0,0,0,2,1,2,0,0,2,2,2,0,2,2,2,0,0,0,0,0,0,0,0,1,0,0,0,0,0,0,0,0,0,0,0,0,0,0,0,0,0,0,0,0,0,0,0,0,0,0,0,0,0,0,0,0,0,0,0,0,0,0,0,0,0,0,0,0,2023-11-21 16:34:00
4963,4963,4963,4964,1749,82,227,82,82,205,82,184,184,183,0,1749,22,82,0,0,82,0,0,0,227,22,29,29,0,0,0,0,0,5,1,5,0,0,5,5,5,0,2,2,2,0,0,0,0,0,0,0,0,0,0,0,0,0,0,0,0,0,0,0,0,0,0,0,0,0,0,0,0,0,0,0,0,0,0,0,0,0,0,0,0,0,0,0,0,0,0,0,0,0,0,0,0,0,2023-11-21 16:36:00
5038,5038,5038,5037,1773,93,234,93,93,210,93,178,178,177,0,1773,24,93,0,0,93,0,0,0,234,24,27,27,0,0,0,0,0,3,0,3,0,0,3,3,3,0,2,2,2,0,0,0,0,0,0,0,0,1,0,0,0,0,0,0,0,0,0,0,0,0,0,0,0,0,0,0,0,0,0,0,0,0,0,0,0,0,0,0,0,0,0,0,0,0,0,0,0,0,0,0,0,0,2023-11-21 16:38:00
4951,4951,4951,4951,1751,94,226,94,94,201,94,173,173,172,0,1751,25,94,0,0,94,0,0,0,226,25,26,26,0,0,0,0,0,2,1,2,0,0,2,2,2,0,2,2,2,0,0,0,0,0,0,0,0,0,0,0,0,0,0,0,0,0,0,0,0,0,0,0,0,0,0,0,0,0,0,0,0,0,0,0,0,0,0,0,0,0,0,0,0,0,0,0,0,0,0,0,0,0,2023-11-21 16:40:00
4943,4944,4943,4944,1744,90,223,90,90,199,90,180,180,180,0,1744,25,90,0,1,90,0,0,0,223,24,29,29,0,0,0,0,5,5,0,5,0,0,5,5,4,0,2,2,2,0,0,0,0,0,0,0,0,0,0,0,0,0,1,0,0,0,0,0,0,0,0,0,0,0,0,0,0,0,0,0,0,0,0,0,0,0,0,0,0,0,0,0,0,0,0,0,0,0,0,0,0,0,2023-11-21 16:42:00
4986,4986,4986,4985,1766,102,220,102,102,206,102,171,171,171,0,1766,14,102,0,0,102,0,0,0,220,14,27,27,0,0,0,0,0,3,0,3,0,0,3,3,3,0,2,2,2,0,0,0,0,0,0,0,0,0,0,0,0,0,0,0,0,0,0,0,0,0,0,0,0,0,0,0,0,0,0,0,0,0,0,0,0,0,0,0,0,0,0,0,0,0,0,0,0,0,0,0,0,0,2023-11-21 16:44:00
5027,5027,5027,5027,1773,83,239,83,83,221,83,177,177,177,0,1773,19,83,0,1,83,0,0,0,239,18,26,26,0,0,0,0,0,2,0,2,0,0,2,2,2,0,2,2,2,0,0,0,0,0,0,0,0,0,0,0,0,0,0,0,0,0,0,0,0,0,0,0,0,0,0,0,0,0,0,0,0,0,0,0,0,0,0,0,0,0,0,0,0,0,0,0,0,0,0,0,0,0,2023-11-21 16:46:00
5008,5009,5008,5008,1767,92,229,92,92,212,92,180,180,180,0,1767,17,92,0,0,92,0,0,0,229,17,27,27,0,0,0,0,3,3,0,3,0,0,3,3,2,0,2,2,2,0,0,0,0,0,0,0,0,0,0,0,0,0,1,0,0,0,0,0,0,0,0,0,0,0,0,0,0,0,0,0,0,0,0,0,0,0,0,0,0,0,0,0,0,0,0,0,0,0,0,0,0,0,2023-11-21 16:48:00
5035,5035,5035,5035,1789,87,222,87,87,205,87,189,189,188,0,1789,17,87,0,0,87,0,0,0,222,17,29,29,0,0,0,0,1,5,1,5,0,0,5,5,5,0,2,2,2,0,0,0,0,0,0,0,0,0,0,0,0,0,0,0,0,0,0,0,0,0,0,0,0,0,0,0,0,0,0,0,0,0,0,0,0,0,0,0,0,0,0,0,0,0,0,0,0,0,0,0,0,0,2023-11-21 16:50:00
5051,5051,5051,5052,1792,98,224,98,98,208,98,181,181,180,0,1792,16,98,0,0,98,0,0,0,224,16,27,27,0,0,0,0,0,3,0,3,0,0,3,3,3,0,2,2,2,0,0,0,0,0,0,0,0,1,0,0,0,0,0,0,0,0,0,0,0,0,0,0,0,0,0,0,0,0,0,0,0,0,0,0,0,0,0,0,0,0,0,0,0,0,0,0,0,0,0,0,0,0,2023-11-21 16:52:00
5060,5060,5060,5060,1795,91,240,91,91,215,91,177,177,177,0,1795,25,91,0,0,91,0,0,0,240,25,27,27,0,0,0,0,0,3,0,3,0,0,3,3,3,0,2,2,2,0,0,0,0,0,0,0,0,0,0,0,0,0,0,0,0,0,0,0,0,0,0,0,0,0,0,0,0,0,0,0,0,0,0,0,0,0,0,0,0,0,0,0,0,0,0,0,0,0,0,0,0,0,2023-11-21 16:54:00
5055,5055,5055,5054,1804,89,224,89,89,208,89,180,180,180,0,1804,16,89,0,0,89,0,0,0,224,16,26,26,0,0,0,0,1,2,0,2,0,0,2,2,2,0,2,2,2,0,0,0,0,0,0,0,0,0,1,1,0,0,0,0,0,0,0,0,0,0,0,0,0,0,0,0,0,0,0,0,0,0,0,0,0,0,0,0,0,0,0,0,0,0,0,0,0,0,0,0,0,0,2023-11-21 16:56:00
5108,5108,5108,5108,1808,90,237,90,90,201,90,191,191,191,0,1808,38,90,0,2,90,0,0,0,237,36,30,30,0,0,0,0,3,6,0,6,0,0,6,6,6,0,2,2,2,0,0,0,0,0,0,0,0,0,0,0,0,0,0,0,0,0,0,0,0,0,0,0,0,0,0,0,0,0,0,0,0,0,0,0,0,0,0,0,0,0,0,0,0,0,0,0,0,0,0,0,0,0,2023-11-21 16:58:00
5066,5066,5066,5066,1789,94,232,94,94,215,94,188,188,185,0,1789,17,94,0,0,94,0,0,0,232,17,26,26,0,0,0,0,0,2,3,2,0,0,2,2,2,0,2,2,2,0,0,0,0,0,0,0,0,0,0,0,0,0,0,0,0,0,0,0,0,0,0,0,0,0,0,0,0,0,0,0,0,0,0,0,0,0,0,0,0,0,0,0,0,0,0,0,0,0,0,0,0,0,2023-11-21 17:00:00
5086,5084,5086,5086,1796,94,235,94,94,212,94,188,188,188,0,1796,23,94,0,0,94,0,0,0,235,23,27,27,0,0,0,0,0,3,0,3,0,0,3,3,2,0,2,2,2,0,0,0,0,0,0,0,0,0,1,1,0,0,1,0,0,0,0,0,0,0,0,0,0,0,0,0,0,0,0,0,0,0,0,0,0,0,0,0,0,0,0,0,0,0,0,0,0,0,0,0,0,0,2023-11-21 17:02:00
4916,4917,4916,4917,1726,100,237,100,100,213,100,178,178,177,0,1726,24,100,0,0,100,0,0,0,237,24,28,28,0,0,0,0,0,4,1,4,0,0,4,4,4,0,2,2,2,0,0,0,0,0,0,0,0,0,0,0,0,0,0,0,0,0,0,0,0,0,0,0,0,0,0,0,0,0,0,0,0,0,0,0,0,0,0,0,0,0,0,0,0,0,0,0,0,0,0,0,0,0,2023-11-21 17:04:00
5047,5047,5047,5046,1793,79,224,79,79,204,79,188,188,188,0,1793,20,79,0,0,79,0,0,0,224,20,27,27,0,0,0,0,0,3,0,3,0,0,3,3,2,0,2,2,2,0,0,0,0,0,0,0,0,0,0,0,0,0,1,0,0,0,0,0,0,0,0,0,0,0,0,0,0,0,0,0,0,0,0,0,0,0,0,0,0,0,0,0,0,0,0,0,0,0,0,0,0,0,2023-11-21 17:06:00
1282,1283,1282,1282,452,24,84,24,24,68,24,45,45,44,0,452,16,24,0,0,24,0,0,0,84,16,26,26,0,0,0,0,0,2,1,2,0,0,2,2,2,0,2,2,2,0,0,0,0,0,0,0,0,0,0,0,0,0,0,0,0,0,0,0,0,0,0,0,0,0,0,0,0,0,0,0,0,0,0,0,0,0,0,0,0,0,0,0,0,0,0,0,0,0,0,0,0,0,2023-11-21 17:08:00
17,17,17,17,0,0,43,0,0,27,0,1,1,0,0,0,16,0,0,0,0,0,0,0,43,16,27,27,0,0,0,0,4,3,1,3,0,0,3,3,3,0,2,2,2,0,0,0,0,0,0,0,0,0,0,0,0,0,0,0,0,0,0,0,0,0,0,0,0,0,0,0,0,0,0,0,0,0,0,0,0,0,0,0,0,0,0,0,0,0,0,0,0,0,0,0,0,0,2023-11-21 17:10:00
55,55,55,55,7,0,49,0,0,33,0,5,5,4,0,7,16,0,0,0,0,0,0,0,49,16,29,29,0,0,0,0,0,5,1,5,0,0,5,5,5,0,2,2,2,0,0,0,0,0,0,0,0,0,0,0,0,0,0,0,0,0,0,0,0,0,0,0,0,0,0,0,0,0,0,0,0,0,0,0,0,0,0,0,0,0,0,0,0,0,0,0,0,0,0,0,0,0,2023-11-21 17:12:00
28,28,28,28,0,0,54,0,0,26,0,0,0,0,0,0,28,0,0,0,0,0,0,0,54,28,26,26,0,0,0,0,0,2,0,2,0,0,2,2,2,0,2,2,2,0,0,0,0,0,0,0,0,0,0,0,0,0,0,0,0,0,0,0,0,0,0,0,0,0,0,0,0,0,0,0,0,0,0,0,0,0,0,0,0,0,0,0,0,0,0,0,0,0,0,0,0,0,2023-11-21 17:14:00
25,25,25,25,0,0,52,0,0,27,0,0,0,0,0,0,25,0,0,0,0,0,0,0,52,25,27,27,0,0,0,0,0,3,0,3,0,0,3,3,3,0,2,2,2,0,0,0,0,0,0,0,0,0,0,0,0,0,0,0,0,0,0,0,0,0,0,0,0,0,0,0,0,0,0,0,0,0,0,0,0,0,0,0,0,0,0,0,0,0,0,0,0,0,0,0,0,0,2023-11-21 17:16:00
27,27,27,27,0,0,54,0,0,29,0,1,1,0,0,0,25,0,0,0,0,0,0,0,54,25,29,29,0,0,0,0,0,5,1,5,0,0,5,5,5,0,2,2,2,0,0,0,0,0,0,0,0,0,1,1,0,0,0,0,0,0,0,0,0,0,0,0,0,0,0,0,0,0,0,0,0,0,0,0,0,0,0,0,0,0,0,0,0,0,0,0,0,0,0,0,0,0,2023-11-21 17:18:00
27,27,27,27,0,0,50,0,0,26,0,3,3,1,0,0,24,0,0,0,0,0,0,0,50,24,26,26,0,0,0,0,0,2,1,2,0,0,2,2,2,0,2,2,2,0,0,0,0,0,0,0,0,1,0,0,0,0,0,0,0,0,0,0,0,0,0,0,0,0,0,0,0,0,0,0,0,0,0,0,0,0,0,0,0,0,0,0,0,0,0,0,0,0,0,0,0,0,2023-11-21 17:20:00
1839,1839,1839,1846,348,33,116,33,33,102,33,83,83,82,0,348,15,33,0,1,33,0,0,0,116,14,27,27,0,0,0,0,0,3,0,3,0,0,3,3,3,0,2,2,2,0,0,0,0,0,0,0,0,1,0,0,0,0,0,0,0,0,0,0,0,0,0,0,0,0,0,0,0,0,0,0,0,0,0,0,0,0,0,0,0,0,0,0,0,0,0,0,0,0,0,0,0,0,2023-11-21 17:22:00
2960,2960,2960,2960,7,87,231,87,87,203,87,172,172,172,0,7,28,87,0,0,87,0,0,0,231,28,26,26,0,0,0,0,0,2,0,2,0,0,2,2,2,0,2,2,2,0,0,0,0,0,0,0,0,0,0,0,0,0,0,0,0,0,0,0,0,0,0,0,0,0,0,0,0,0,0,0,0,0,0,0,0,0,0,0,0,0,0,0,0,0,0,0,0,0,0,0,0,0,2023-11-21 17:24:00
3009,3009,3009,3010,0,101,233,100,100,212,100,180,180,179,0,0,21,100,0,0,100,0,0,0,233,21,29,29,0,0,0,0,0,5,0,5,0,0,5,5,4,0,2,2,2,0,0,0,0,0,0,0,0,1,0,0,0,0,1,0,0,0,0,0,0,0,0,0,0,0,0,0,0,0,0,0,0,0,0,0,0,0,0,0,0,0,0,0,0,0,0,0,0,0,0,0,0,0,2023-11-21 17:26:00
2983,2983,2983,2982,7,86,234,87,87,216,87,181,181,180,0,7,18,87,0,0,87,0,0,0,234,18,26,26,0,0,0,0,0,2,0,2,0,0,2,2,2,0,2,2,2,0,0,0,0,0,0,0,0,1,0,0,0,0,0,0,0,0,0,0,0,0,0,0,0,0,0,0,0,0,0,0,0,0,0,0,0,0,0,0,0,0,0,0,0,0,0,0,0,0,0,0,0,0,2023-11-21 17:28:00
3001,3001,3001,3001,7,84,229,84,84,204,84,171,171,170,0,7,25,84,0,0,84,0,0,0,229,25,27,27,0,0,0,0,0,3,1,3,0,0,3,3,2,0,2,2,2,0,0,0,0,0,0,0,0,0,1,1,0,0,1,0,0,0,0,0,0,0,0,0,0,0,0,0,0,0,0,0,0,0,0,0,0,0,0,0,0,0,0,0,0,0,0,0,0,0,0,0,0,0,2023-11-21 17:30:00
2998,2998,2998,2999,13,94,217,94,94,194,94,177,177,174,0,13,23,94,0,0,94,0,0,0,217,23,26,26,0,0,0,0,0,2,1,2,0,0,2,2,2,0,2,2,2,0,0,0,0,0,0,0,0,0,0,0,0,0,0,0,0,0,0,0,0,0,0,0,0,0,0,0,0,0,0,0,0,0,0,0,0,0,0,0,0,0,0,0,0,0,0,0,0,0,0,0,0,0,2023-11-21 17:32:00
3008,3008,3008,3007,1,99,218,99,99,200,99,194,194,192,0,1,18,99,0,0,99,0,0,0,218,18,29,29,0,0,0,0,0,5,0,5,0,0,5,5,5,0,2,2,2,0,0,0,0,0,0,0,0,0,0,0,0,0,0,0,0,0,0,0,0,0,0,0,0,0,0,0,0,0,0,0,0,0,0,0,0,0,0,0,0,0,0,0,0,0,0,0,0,0,0,0,0,0,2023-11-21 17:34:00
2984,2984,2984,2984,5,98,215,98,98,200,98,165,165,163,0,5,15,98,0,0,98,0,0,0,215,15,27,27,0,0,0,0,0,3,2,3,0,0,3,3,3,0,2,2,2,0,0,0,0,0,0,0,0,0,0,0,0,0,0,0,0,0,0,0,0,0,0,0,0,0,0,0,0,0,0,0,0,0,0,0,0,0,0,0,0,0,0,0,0,0,0,0,0,0,0,0,0,0,2023-11-21 17:36:00
3008,3008,3008,3010,7,84,219,84,84,202,84,180,180,180,0,7,17,84,0,0,84,0,0,0,219,17,26,26,0,0,0,0,0,2,0,2,0,0,2,2,2,0,2,2,2,0,0,0,0,0,0,0,0,0,1,1,0,0,0,0,0,0,0,0,0,0,0,0,0,0,0,0,0,0,0,0,0,0,0,0,0,0,0,0,0,0,0,0,0,0,0,0,0,0,0,0,0,0,2023-11-21 17:38:00
3029,3029,3029,3027,7,101,227,101,101,200,101,186,186,185,0,7,27,101,0,0,101,0,0,0,227,27,29,29,0,0,0,0,0,5,1,5,0,0,5,5,5,0,2,2,2,0,0,0,0,0,0,0,0,0,0,0,0,0,0,0,0,0,0,0,0,0,0,0,0,0,0,0,0,0,0,0,0,0,0,0,0,0,0,0,0,0,0,0,0,0,0,0,0,0,0,0,0,0,2023-11-21 17:40:00
2984,2984,2984,2986,0,97,212,97,97,192,97,177,177,176,0,0,20,97,0,0,97,0,0,0,212,20,27,27,0,0,0,0,0,3,1,3,0,0,3,3,3,0,2,2,2,0,0,0,0,0,0,0,0,0,0,0,0,0,0,0,0,0,0,0,0,0,0,0,0,0,0,0,0,0,0,0,0,0,0,0,0,0,0,0,0,0,0,0,0,0,0,0,0,0,0,0,0,0,2023-11-21 17:42:00
2980,2980,2980,2978,8,90,213,90,90,198,90,180,180,178,0,8,15,90,0,0,90,0,0,0,213,15,26,26,0,0,0,0,0,2,2,2,0,0,2,2,2,0,2,2,2,0,0,0,0,0,0,0,0,0,0,0,0,0,0,0,0,0,0,0,0,0,0,0,0,0,0,0,0,0,0,0,0,0,0,0,0,0,0,0,0,0,0,0,0,0,0,0,0,0,0,0,0,0,2023-11-21 17:44:00
2982,2982,2982,2983,6,95,218,95,95,194,95,176,176,174,0,6,24,95,0,0,95,0,0,0,218,24,27,27,0,0,0,0,0,3,2,3,0,0,3,3,3,0,2,2,2,0,0,0,0,0,0,0,0,0,0,0,0,0,0,0,0,0,0,0,0,0,0,0,0,0,0,0,0,0,0,0,0,0,0,0,0,0,0,0,0,0,0,0,0,0,0,0,0,0,0,0,0,0,2023-11-21 17:46:00
2982,2982,2982,2981,7,92,217,92,92,197,92,172,172,170,0,7,20,92,0,0,92,0,0,0,217,20,28,28,0,0,0,0,0,4,1,4,0,0,4,4,4,0,2,2,2,0,0,0,0,0,0,0,0,1,0,0,0,0,0,0,0,0,0,0,0,0,0,0,0,0,0,0,0,0,0,0,0,0,0,0,0,0,0,0,0,0,0,0,0,0,0,0,0,0,0,0,0,0,2023-11-21 17:48:00
3003,3003,3003,3004,1,95,228,94,94,203,94,173,173,171,0,1,25,94,0,0,94,0,0,0,228,25,27,27,0,0,0,0,0,3,1,3,0,0,3,3,2,0,2,2,2,0,0,0,0,0,0,0,0,1,1,1,0,0,1,0,0,0,0,0,0,0,0,0,0,0,0,0,0,0,0,0,0,0,0,0,0,0,0,0,0,0,0,0,0,0,0,0,0,0,0,0,0,0,2023-11-21 17:50:00
2998,2998,2998,2997,7,86,223,87,87,203,87,175,175,173,0,7,20,87,0,0,87,0,0,0,223,20,27,27,0,0,0,0,13,3,2,3,0,0,3,3,2,0,2,2,2,0,0,0,0,0,0,0,0,0,0,0,0,0,1,0,0,0,0,0,0,0,0,0,0,0,0,0,0,0,0,0,0,0,0,0,0,0,0,0,0,0,0,0,0,0,0,0,0,0,0,0,0,0,2023-11-21 17:52:00
2994,2994,2994,2994,7,102,214,102,102,192,102,179,179,178,0,7,22,102,0,0,102,0,0,0,214,22,26,26,0,0,0,0,4,2,1,2,0,0,2,2,2,0,2,2,2,0,0,0,0,0,0,0,0,0,0,0,0,0,0,0,0,0,0,0,0,0,0,0,0,0,0,0,0,0,0,0,0,0,0,0,0,0,0,0,0,0,0,0,0,0,0,0,0,0,0,0,0,0,2023-11-21 17:54:00
3003,3003,3003,3003,6,88,227,88,88,198,88,185,185,183,0,6,29,88,0,0,88,0,0,0,227,29,29,29,0,0,0,0,0,5,2,5,0,0,5,5,5,0,2,2,2,0,0,0,0,0,0,0,0,0,0,0,0,0,0,0,0,0,0,0,0,0,0,0,0,0,0,0,0,0,0,0,0,0,0,0,0,0,0,0,0,0,0,0,0,0,0,0,0,0,0,0,0,0,2023-11-21 17:56:00
3034,3034,3034,3035,6,95,232,95,95,206,95,173,173,171,0,6,26,95,0,0,95,0,0,0,232,26,26,26,0,0,0,0,0,2,2,2,0,0,2,2,2,0,2,2,2,0,0,0,0,0,0,0,0,0,1,1,0,0,0,0,0,0,0,0,0,0,0,0,0,0,0,0,0,0,0,0,0,0,0,0,0,0,0,0,0,0,0,0,0,0,0,0,0,0,0,0,0,0,2023-11-21 17:58:00
3005,3005,3005,3005,6,85,229,85,85,206,85,170,170,169,0,6,23,85,0,1,85,0,0,0,229,23,27,27,0,0,0,0,0,3,1,3,0,0,3,3,3,0,2,2,2,0,0,0,0,0,0,0,0,0,0,0,0,0,0,0,0,0,0,0,0,0,0,0,0,0,0,0,0,0,0,0,0,0,0,0,0,0,0,0,0,0,0,0,0,0,0,0,0,0,0,0,0,0,2023-11-21 18:00:00
3011,3011,3011,3011,6,88,224,88,88,204,88,180,180,177,0,6,20,88,0,0,88,0,0,0,224,20,29,29,0,0,0,0,0,5,2,5,0,0,5,5,5,0,2,2,2,0,0,0,0,0,0,0,0,0,0,0,0,0,0,0,0,0,0,0,0,0,0,0,0,0,0,0,0,0,0,0,0,0,0,0,0,0,0,0,0,0,0,0,0,0,0,0,0,0,0,0,0,0,2023-11-21 18:02:00
2933,2934,2933,2932,7,78,217,78,78,194,78,175,175,174,0,7,23,78,0,0,78,0,0,0,217,23,26,26,0,0,0,0,0,2,1,2,0,0,2,2,2,0,2,2,2,0,0,0,0,0,0,0,0,0,0,0,0,0,0,0,0,0,0,0,0,0,0,0,0,0,0,0,0,0,0,0,0,0,0,0,0,0,0,0,0,0,0,0,0,0,0,0,0,0,0,0,0,0,2023-11-21 18:04:00
3034,3034,3034,3035,12,91,231,91,91,209,91,186,186,184,0,12,22,91,0,0,91,0,0,0,231,22,27,27,0,0,0,0,0,3,1,3,0,0,3,3,3,0,2,2,2,0,0,0,0,0,0,0,0,0,0,0,0,0,0,0,0,0,0,0,0,0,0,0,0,0,0,0,0,0,0,0,0,0,0,0,0,0,0,0,0,0,0,0,0,0,0,0,0,0,0,0,0,0,2023-11-21 18:06:00
3013,3013,3013,3012,2,97,217,97,97,197,97,181,181,180,0,2,20,97,0,0,97,0,0,0,217,20,26,26,0,0,0,0,4,2,0,2,0,0,2,2,2,0,2,2,2,0,0,0,0,0,0,0,0,0,0,0,0,0,0,0,0,0,0,0,0,0,0,0,0,0,0,0,0,0,0,0,0,0,0,0,0,0,0,0,0,0,0,0,0,0,0,0,0,0,0,0,0,0,2023-11-21 18:08:00
3000,3000,3000,3001,6,80,214,80,80,200,80,181,181,180,0,6,14,80,0,0,80,0,0,0,214,14,29,29,0,0,0,0,0,5,1,5,0,0,5,5,5,0,2,2,2,0,0,0,0,0,0,0,0,0,0,0,0,0,0,0,0,0,0,0,0,0,0,0,0,0,0,0,0,0,0,0,0,0,0,0,0,0,0,0,0,0,0,0,0,0,0,0,0,0,0,0,0,0,2023-11-21 18:10:00
3012,3012,3012,3011,7,80,262,80,80,196,80,176,176,175,0,7,66,80,0,0,80,0,0,0,262,15,27,27,0,0,0,0,0,3,0,3,51,0,2,2,2,0,2,2,2,0,0,0,0,0,0,0,0,0,0,0,0,0,0,1,0,0,0,0,0,0,0,0,0,0,0,0,0,0,0,0,0,0,0,0,0,0,0,0,0,0,0,0,0,0,0,0,0,0,0,0,0,0,2023-11-21 18:12:00
2981,2982,2981,2981,6,106,226,106,106,205,106,176,176,176,0,6,21,106,0,0,106,0,0,0,226,21,27,27,0,0,0,0,5,3,0,3,0,0,3,3,2,0,2,2,2,0,0,0,0,0,0,0,0,0,0,0,0,0,1,0,0,0,0,0,0,0,0,0,0,0,0,0,0,0,0,0,0,0,0,0,0,0,0,0,0,0,0,0,0,0,0,0,0,0,0,0,0,0,2023-11-21 18:14:00
3023,3023,3023,3024,11,91,206,91,91,190,91,194,194,189,0,11,16,91,0,0,91,0,0,0,206,16,29,29,0,0,0,0,0,5,5,5,0,0,5,5,4,0,2,2,2,0,0,0,0,0,0,0,0,0,0,0,0,0,1,0,0,0,0,0,0,0,0,0,0,0,0,0,0,0,0,0,0,0,0,0,0,0,0,0,0,0,0,0,0,0,0,0,0,0,0,0,0,0,2023-11-21 18:16:00
2981,2981,2981,2981,4,88,217,88,88,204,88,174,174,174,0,4,13,88,0,0,88,0,0,0,217,13,26,26,0,0,0,0,0,2,0,2,0,0,2,2,2,0,2,2,2,0,0,0,0,0,0,0,0,0,0,0,0,0,0,0,0,0,0,0,0,0,0,0,0,0,0,0,0,0,0,0,0,0,0,0,0,0,0,0,0,0,0,0,0,0,0,0,0,0,0,0,0,0,2023-11-21 18:18:00
3002,3002,3002,3002,6,80,233,80,80,206,80,173,173,171,0,6,27,80,0,0,80,0,0,0,233,27,27,27,0,0,0,0,0,3,2,3,0,0,3,3,3,0,2,2,2,0,0,0,0,0,0,0,0,0,0,0,0,0,0,0,0,0,0,0,0,0,0,0,0,0,0,0,0,0,0,0,0,0,0,0,0,0,0,0,0,0,0,0,0,0,0,0,0,0,0,0,0,0,2023-11-21 18:20:00
2965,2965,2965,2964,4,100,218,100,100,196,100,173,173,172,0,4,22,100,0,0,100,0,0,0,218,22,26,26,0,0,0,0,0,2,0,2,0,0,2,2,2,0,2,2,2,0,0,0,0,0,0,0,0,0,0,0,0,0,0,0,0,0,0,0,0,0,0,0,0,0,0,0,0,0,0,0,0,0,0,0,0,0,0,0,0,0,0,0,0,0,0,0,0,0,0,0,0,0,2023-11-21 18:22:00
3020,3020,3020,3020,6,93,218,93,93,202,93,181,181,179,0,6,16,93,0,0,93,0,0,0,218,16,29,29,0,0,0,0,0,5,1,5,0,0,5,5,5,0,2,2,2,0,0,0,0,0,0,0,0,1,1,1,0,0,0,0,0,0,0,0,0,0,0,0,0,0,0,0,0,0,0,0,0,0,0,0,0,0,0,0,0,0,0,0,0,0,0,0,0,0,0,0,0,0,2023-11-21 18:24:00
3037,3037,3037,3037,6,98,225,98,98,192,98,172,172,169,0,6,33,98,0,0,98,0,0,0,225,33,27,27,0,0,0,0,0,3,3,3,0,0,3,3,3,0,2,2,2,0,0,0,0,0,0,0,0,0,0,0,0,0,0,0,0,0,0,0,0,0,0,0,0,0,0,0,0,0,0,0,0,0,0,0,0,0,0,0,0,0,0,0,0,0,0,0,0,0,0,0,0,0,2023-11-21 18:26:00
3013,3013,3013,3013,5,96,223,96,96,202,96,172,172,172,0,5,21,96,0,0,96,0,0,0,223,21,26,26,0,0,0,0,0,2,0,2,0,0,2,2,2,0,2,2,2,0,0,0,0,0,0,0,0,0,0,0,0,0,0,0,0,0,0,0,0,0,0,0,0,0,0,0,0,0,0,0,0,0,0,0,0,0,0,0,0,0,0,0,0,0,0,0,0,0,0,0,0,0,2023-11-21 18:28:00
3039,3039,3039,3039,5,89,215,89,89,198,89,194,194,191,0,5,17,89,0,0,89,0,0,0,215,17,27,27,0,0,0,0,0,3,3,3,0,0,3,3,3,0,2,2,2,0,0,0,0,0,0,0,0,0,0,0,0,0,0,0,0,0,0,0,0,0,0,0,0,0,0,0,0,0,0,0,0,0,0,0,0,0,0,0,0,0,0,0,0,0,0,0,0,0,0,0,0,0,2023-11-21 18:30:00
