get metadata from header,parseDataReportFlag ok,parse metadata,infra.grpc.invoker,DeleteFieldValues <:REQ:>,<:staticStrategies:>,rego exec input:<:MAP:>,build <:*:> [trace.id=<:SEQ:> <:transactionID:> <:spanID:>,computeDeptMembersObjectIDs end,computeOwnObjectIDs end,getDept success,getBackupEmp success,no need or no have tags [trace.id=<:SEQ:> <:transactionID:> <:spanID:>,Depts only have yunzhanghu,funName=concurrentNoPaging run task end,getPermTagsAndValues success,curpkg+name: code.yunzhanghu.com/be/yid/server/grpc/v1/CheckDelay [trace.id=<:SEQ:> <:transactionID:> <:spanID:>,AuthListByName <:<:ChineseInfo:>:>,<:REQ:>,funName=DataCompose,parent node is not exist,no need or no have tags,computeAndCompare same,build <:*:>,build <:*:> <:*:> [trace.id=<:SEQ:> <:transactionID:> <:spanID:>,allNum=<:NUM:>,ClientEnvHandler is <:*:>,<:GIN:>,protection for <:*:> have compare <:NUM:>,no <:*:>,no page <:*:>,superiorAndDeputy empty,no page <:*:> [trace.id=<:SEQ:> <:transactionID:> <:spanID:>,<:ownDeptIDs:>,approve callback start,approve status error,svc.ApproveCallback failed,Response=<:MAP:>,message,loaded policy count:<:NUM:>,<:list modules:>,loadRegoMySQLInterval success,msg,<:deptLeaderManageDeptIDs:>,<:listManageOrgReq:>,<:query signature:>,[GetBaseInfoByEmpID] db ge<:updateFanweiEmployee failed:>,GetBaseInfoByEmpID failed,protection for <:*:> done,query ge<:updateFanweiEmployee failed:>,build <:*:> reply,GetSupervisorPosition success,no api page resources,check failed,protection.ComputeAndDiff failed,error occurred in <:NewAccessRequest:>,callback status error,sign switch is off [trace.id=<:SEQ:> <:transactionID:> <:spanID:>,<:YID:>,[GetAuthorizedDept] getAllDept success,dept inChargeSuperiors is empty,checkCheckPer<:updateFanweiEmployee failed:>,s.getAuthObject objects=[dealer id customer id],checkAndBuildListPermDataReq failed,ListFieldValues failed,p.svc.GetSingleYidSingleFieldPermDat<:updateFanweiEmployee failed:>,<:tagID:>,token check failed,timestamp
630,630,638,633,14,59,224,196,59,59,59,59,59,57,0,59,0,28,14,0,0,59,0,224,28,0,26,26,0,0,0,2,0,0,2,2,2,2,2,2,2,2,0,0,0,0,0,0,0,0,0,0,0,0,0,0,0,0,0,0,0,0,0,0,0,0,0,0,2023-11-08 15:00:00
679,679,670,679,14,66,246,208,66,66,61,61,66,54,0,66,0,38,14,0,0,66,0,246,38,0,26,26,0,0,0,7,0,0,2,2,2,2,2,2,2,2,0,0,0,0,0,0,0,0,0,0,0,0,0,0,0,0,0,0,0,0,0,0,0,0,0,0,2023-11-08 15:02:00
664,664,664,664,14,69,250,218,69,69,59,59,69,50,0,69,0,32,14,0,0,69,0,250,32,0,28,28,0,0,0,9,0,0,4,4,4,4,4,2,2,2,0,0,0,0,0,0,0,0,0,0,0,0,0,0,0,0,0,0,0,0,0,0,0,0,0,0,2023-11-08 15:04:00
663,663,675,663,14,57,266,214,57,57,60,60,57,51,0,57,0,52,14,0,0,57,0,266,52,0,26,26,0,0,0,8,0,0,2,2,2,2,2,2,2,2,2,0,0,0,0,0,0,0,0,1,0,0,0,0,0,0,0,0,0,0,0,0,0,0,0,0,2023-11-08 15:06:00
696,696,689,697,14,63,236,207,63,63,58,58,63,54,0,63,0,29,14,0,0,63,0,236,29,0,26,26,0,0,0,4,0,0,2,2,2,2,2,2,2,2,8,0,0,0,0,0,0,0,0,0,0,0,0,0,0,0,0,0,0,0,0,0,0,0,0,0,2023-11-08 15:08:00
649,649,650,649,14,58,234,203,58,58,72,72,58,66,0,58,0,31,14,0,0,58,0,234,31,0,26,26,0,0,0,6,0,0,2,2,2,2,2,2,2,2,4,0,0,0,0,0,0,0,0,0,0,0,0,0,0,0,0,0,0,0,0,0,0,0,0,0,2023-11-08 15:10:00
658,658,656,658,14,61,249,207,61,61,69,69,61,61,0,61,0,42,14,0,0,61,0,249,42,0,27,27,0,0,0,8,0,0,3,3,3,3,3,2,2,2,0,0,0,0,0,0,0,0,0,0,0,0,0,0,0,0,0,0,0,0,0,0,0,0,0,0,2023-11-08 15:12:00
716,716,721,716,14,52,253,219,52,52,63,63,52,57,0,52,0,34,14,0,0,52,0,253,34,0,26,26,0,0,0,5,0,0,2,1,2,2,2,2,2,2,3,0,0,0,0,0,0,0,0,1,0,0,0,0,1,0,0,0,0,0,0,0,0,0,0,0,2023-11-08 15:14:00
731,731,727,731,14,55,255,202,55,55,73,73,55,66,0,55,0,53,14,0,0,55,0,255,53,0,26,26,0,0,0,6,0,0,2,1,2,2,2,2,2,2,1,0,0,0,0,0,0,0,0,1,0,0,0,0,1,0,0,0,0,0,0,0,0,0,0,0,2023-11-08 15:16:00
683,683,667,684,7,56,243,198,56,56,74,74,56,65,0,56,0,45,7,0,0,56,0,243,45,0,26,26,0,0,0,9,0,0,2,2,2,2,2,2,2,2,0,0,0,0,0,0,0,0,0,0,0,0,0,0,0,0,0,0,0,0,0,0,0,0,0,0,2023-11-08 15:18:00
668,668,675,668,14,70,245,209,70,70,86,86,70,72,0,70,0,36,14,0,0,70,0,245,36,0,28,28,0,0,0,14,0,0,4,4,4,4,4,2,2,2,0,0,0,0,0,0,0,0,0,0,0,0,0,0,0,0,0,0,0,0,0,0,0,0,0,0,2023-11-08 15:20:00
652,652,661,652,14,64,239,196,64,64,76,76,64,66,0,63,0,43,14,0,0,64,0,239,43,0,26,26,0,0,0,9,0,0,2,2,2,2,2,2,2,2,0,0,0,0,0,0,0,0,0,1,0,0,0,0,0,0,0,0,0,0,0,0,0,0,0,0,2023-11-08 15:22:00
696,696,692,696,14,69,255,208,69,69,78,78,69,67,0,70,0,47,14,0,0,69,0,255,47,0,26,26,0,0,0,11,0,0,2,2,2,2,2,2,2,2,4,0,0,0,0,0,0,0,0,0,0,0,0,0,0,0,0,0,0,0,0,0,0,0,0,0,2023-11-08 15:24:00
694,694,696,696,14,64,251,206,64,64,66,66,64,60,0,64,0,45,14,0,0,64,0,251,45,0,26,26,0,0,0,5,0,0,2,2,2,2,2,2,2,2,6,0,0,0,0,0,0,0,0,1,0,0,0,0,0,0,0,0,0,0,0,0,0,0,0,0,2023-11-08 15:26:00
679,679,684,679,14,55,365,216,55,55,64,64,55,55,0,55,0,149,14,0,0,55,0,365,149,0,28,28,0,0,0,9,0,0,4,4,4,4,4,2,2,2,0,0,0,0,0,0,0,0,0,0,0,0,0,0,0,0,0,0,0,0,0,0,0,0,0,0,2023-11-08 15:28:00
671,671,658,671,14,56,244,210,56,56,53,53,56,50,0,56,0,34,14,0,0,56,0,244,34,0,26,26,0,0,0,3,0,0,2,2,2,2,2,2,2,2,4,0,0,0,0,0,0,0,0,0,0,0,0,0,0,0,0,0,0,0,0,0,0,0,0,0,2023-11-08 15:30:00
