parse metadata,infra.grpc.invoker,get metadata from header,parseDataReportFlag ok,DeleteFieldValues <:REQ:>,<:staticStrategies:>,rego exec input:<:MAP:>,computeDeptMembersObjectIDs end,computeOwnObjectIDs end,build <:*:> [trace.id=<:SEQ:> <:transactionID:> <:spanID:>,AuthListByName <:<:ChineseInfo:>:>,no need or no have tags [trace.id=<:SEQ:> <:transactionID:> <:spanID:>,<:REQ:>,funName=DataCompose,funName=concurrentNoPaging run task end,getDept success,getBackupEmp success,Depts only have yunzhanghu,parent node is not exist,getPermTagsAndValues <:*:>,curpkg+name: code.yunzhanghu.com/be/yid/server/grpc/v1/CheckDelay [trace.id=<:SEQ:> <:transactionID:> <:spanID:>,no need or no have tags,build <:*:>,computeAndCompare same,allNum=<:NUM:>,protection for <:*:> have compare <:NUM:>,build <:*:> <:*:> [trace.id=<:SEQ:> <:transactionID:> <:spanID:>,no page <:*:>,ClientEnvHandler is <:*:>,<:GIN:>,no page <:*:> [trace.id=<:SEQ:> <:transactionID:> <:spanID:>,GetPublicKey API delay for 1s [trace.id=<:SEQ:> <:transactionID:> <:spanID:>,no <:*:>,msg,Response=<:MAP:>,message,superiorAndDeputy empty,approve callback start,svc.ApproveCallback failed,approve status error,build <:*:> reply,<:ownDeptIDs:>,<:query signature:>,loaded policy count:<:NUM:>,loadRegoMySQLInterval success,<:list modules:>,query ge<:updateFanweiEmployee failed:>,not find dictionary type=<:NUM:>,Dao.GetSession,<:deptLeaderManageDeptIDs:>,<:listManageOrgReq:>,error occurred in <:NewAccessRequest:>,token check failed,protection for <:*:> done,exMail sendReques<:updateFanweiEmployee failed:>,<:tagID:>,callback status error,GetSupervisorPosition success,[GetBaseInfoByEmpID] db ge<:updateFanweiEmployee failed:>,GetBaseInfoByEmpID failed,<:YID:>,no api page resources,check failed,protection.ComputeAndDiff failed,parent deptIDs=[<:SEQ:>],sign switch is off [trace.id=<:SEQ:> <:transactionID:> <:spanID:>,<:*:> started successfully,ykmsyid <:*:> start kms,<:*:> API delay for 10m0s [trace.id=<:SEQ:> <:transactionID:> <:spanID:>,[GetAuthorizedDept] getAllDept success,dept inChargeSuperiors is empty,checkCheckPer<:updateFanweiEmployee failed:>,s.getAuthObject objects=[dealer id customer id],checkAndBuildListPermDataReq failed,ListFieldValues failed,p.svc.GetSingleYidSingleFieldPermDat<:updateFanweiEmployee failed:>,<:listReq:>,GrpcDataReportInterceptor parse methodSet: <:MAP:>,loadKdConfig success,len(deptYids)=<:NUM:>,len(allDeptMembers)=<:NUM:>,get other dutyCommittee backup employee success,AuthSessionVali<:updateFanweiEmployee failed:>,Dao.NewSession,Login(totp verify) success,"""userID"":""<:SEQ:>""",SendWeChatMarkdownMsg failed,Sending login weChat markdown messag<:updateFanweiEmployee failed:>,ok: true [trace.id=<:SEQ:> <:transactionID:> <:spanID:>,[GetAuthorizedEmp] getAllEmp success count=<:NUM:> [trace.id=<:SEQ:> <:transactionID:> <:spanID:>,version,ykms addr: ykms://yid@ykms:<:NUM:>,ykmsyid DefaultDEK.Error rpc error: code = Unknown desc = <:NUM:>-the kek(name:yid:<:id:>xx,captcha is using redis store,NewRedisStore use GoRediStore,Init noeq success,yos init success,ymsg init success,cuid init success,s.cfg.Prometheus.Interval=<:NUM:>,yid grpc ListFieldValues failed,initGlobalDelayDuration delayStr is nil,ListDealerPermResources API delay for 10m0s [trace.id=<:SEQ:> <:transactionID:> <:spanID:>,permClient.Check failed,FindRoleStrategyRelations failed,FindEmpSubjectsAuths failed,GetOwnAndDeptMembersPer<:updateFanweiEmployee failed:>,<:result:>,dept is empty,[initToken] getToke<:updateFanweiEmployee failed:>,[checkDeleteFieldValuesReq] GetFieldByAppAndNam<:updateFanweiEmployee failed:>,[DeleteFieldValues] checkDeleteFieldValuesReq failed:<:REQ:>,success: <:YID:>,GetAuthorizedDept success,timestamp
13566,13566,13565,13565,4841,239,518,239,239,513,5,239,4841,0,0,201,201,201,0,239,0,239,518,0,0,0,5,0,25,25,0,0,0,0,2,2,0,2,2,2,0,0,0,2,2,2,0,0,0,0,0,0,0,0,0,0,0,0,0,0,0,0,0,0,0,0,0,0,0,0,0,0,0,0,0,0,0,0,0,0,0,0,0,0,0,0,0,0,0,0,0,0,0,0,0,0,0,0,0,0,0,0,0,0,0,0,0,0,0,0,0,0,0,0,2023-11-29 02:00:00
12782,12780,12780,12780,4369,261,513,260,260,507,6,260,4369,0,0,217,217,217,0,261,0,260,513,0,0,0,6,0,26,26,0,0,0,0,2,2,0,2,2,2,0,0,0,2,2,2,0,0,0,0,0,0,0,0,0,0,0,0,0,0,0,0,0,0,0,0,0,0,0,0,0,0,0,0,0,0,0,0,0,0,0,0,0,0,0,0,0,0,0,0,0,0,0,0,0,0,0,0,0,0,0,0,0,0,0,0,1,0,0,0,0,0,0,0,2023-11-29 02:02:00
13874,13879,13879,13879,4930,272,528,271,271,523,5,271,4930,0,0,201,201,201,0,271,0,271,528,0,0,0,5,0,28,28,0,0,0,0,4,4,0,4,4,4,0,0,0,2,2,2,0,0,0,0,0,0,0,0,0,0,0,0,0,0,0,0,0,0,0,0,0,0,0,0,0,0,0,0,0,0,0,0,0,0,0,0,0,0,0,0,0,0,0,0,0,0,0,0,0,0,0,0,0,0,0,0,0,0,0,0,0,0,0,0,0,0,0,0,2023-11-29 02:04:00
13921,13920,13921,13921,5000,256,533,257,257,525,8,257,5000,0,0,214,214,213,0,257,0,257,533,0,0,0,8,0,27,27,0,0,0,0,3,3,1,3,3,2,0,0,0,2,2,2,0,0,0,0,0,0,0,0,0,0,1,0,0,0,0,0,0,0,0,0,0,0,0,0,0,0,0,0,0,0,0,0,0,0,0,0,0,0,0,0,0,0,0,0,0,0,0,0,0,0,0,0,0,0,0,0,0,0,0,0,0,0,0,0,0,0,0,0,2023-11-29 02:06:00
13714,13705,13707,13707,4892,264,527,262,262,516,11,262,4892,0,0,192,192,192,0,262,0,262,527,0,0,0,11,0,26,26,0,0,0,0,2,2,0,2,2,2,0,0,0,2,2,2,0,0,0,0,0,0,0,0,0,0,0,0,0,0,0,0,0,0,0,0,0,0,0,0,0,0,0,0,0,0,0,0,0,0,0,0,0,0,0,0,0,0,0,0,0,0,0,0,0,0,0,0,0,0,0,0,0,0,0,0,0,0,0,0,0,0,0,0,2023-11-29 02:08:00
13545,13545,13545,13545,4840,261,529,262,262,521,8,262,4840,0,0,170,170,169,0,262,0,262,529,0,0,0,8,0,26,26,0,0,0,0,2,2,1,2,2,2,0,0,0,2,2,2,0,0,0,0,0,0,0,0,0,0,0,0,0,0,0,0,0,0,0,0,0,0,0,0,0,0,0,0,0,0,0,0,0,0,0,0,0,0,0,0,0,0,0,0,0,0,0,0,0,0,0,0,0,0,0,0,0,0,0,0,0,0,0,0,0,0,0,0,2023-11-29 02:10:00
13586,13587,13587,13587,4841,251,544,252,252,534,10,252,4841,0,0,221,221,220,0,252,0,252,544,0,0,0,10,0,28,28,0,0,0,0,4,4,0,4,4,4,0,0,0,2,2,2,0,0,0,0,0,0,0,0,0,0,0,1,0,0,0,0,0,0,0,0,0,0,0,0,0,0,0,0,0,0,0,0,0,0,0,0,0,0,0,0,0,0,0,0,0,0,0,0,0,0,0,0,0,0,0,0,0,0,0,0,0,0,0,0,0,0,0,0,2023-11-29 02:12:00
13309,13319,13319,13319,4740,272,515,272,272,509,6,272,4740,0,0,218,218,218,0,272,0,272,515,0,0,0,6,0,26,26,0,0,0,0,2,2,0,2,2,2,0,0,0,2,2,2,0,0,0,0,0,0,0,0,0,0,0,0,0,0,0,0,0,0,0,0,0,0,0,0,0,0,0,0,0,0,0,0,0,0,0,0,0,0,0,0,0,0,0,0,0,0,0,0,0,0,0,0,0,0,0,0,0,0,0,0,0,0,0,0,0,0,0,0,2023-11-29 02:14:00
13282,13279,13279,13279,4669,261,562,261,261,506,56,261,4669,0,0,191,191,190,0,261,0,261,562,0,0,0,5,0,28,28,0,0,0,0,4,4,1,3,3,2,51,0,0,2,2,2,0,0,0,0,0,0,0,0,0,0,1,0,0,0,0,0,0,0,0,1,0,0,0,0,0,0,0,0,0,0,0,0,0,0,0,0,0,0,0,0,0,0,0,0,0,0,0,0,0,0,0,0,0,0,0,0,0,0,0,0,0,0,0,0,0,0,0,0,2023-11-29 02:16:00
13288,13278,13279,13278,4728,269,520,269,269,513,7,268,4728,0,0,204,204,204,0,267,0,268,520,0,0,0,7,0,28,28,0,0,0,0,4,4,0,4,4,4,0,0,0,2,2,2,0,0,0,0,0,0,0,0,0,0,0,0,0,0,0,0,0,0,0,0,0,0,0,0,0,0,0,0,0,0,0,0,0,0,0,0,0,0,0,0,0,0,0,0,0,0,0,0,0,0,0,0,0,0,0,0,0,0,0,0,0,0,0,0,0,0,0,0,2023-11-29 02:18:00
14031,14037,14036,14037,5072,230,527,228,228,519,8,229,5072,0,0,220,220,219,0,230,0,229,527,0,0,0,8,0,25,25,0,0,0,2,2,2,1,2,2,2,0,0,0,2,2,2,0,0,0,0,0,0,0,0,0,0,0,0,0,0,0,0,0,0,0,0,0,0,0,0,0,0,0,0,0,0,0,0,0,0,0,0,0,0,0,0,0,0,0,0,0,0,0,0,0,0,0,0,0,0,0,0,0,0,0,0,0,0,0,0,0,0,0,0,2023-11-29 02:20:00
13365,13367,13367,13367,4616,270,532,272,272,524,8,272,4616,0,0,210,210,210,0,272,0,272,532,0,0,0,8,0,26,26,0,0,0,0,2,2,0,2,2,2,0,0,0,2,2,2,0,0,0,0,0,0,0,0,0,0,0,0,0,0,0,0,0,0,0,0,0,0,0,0,0,0,0,0,0,0,0,0,0,0,0,0,0,0,0,0,0,0,0,0,0,0,0,0,0,0,0,0,0,0,0,0,0,0,0,0,0,0,0,0,0,0,0,0,2023-11-29 02:22:00
13162,13159,13159,13159,4685,252,517,251,251,506,11,251,4685,0,0,219,219,218,0,251,0,251,517,0,0,0,11,0,30,30,0,0,0,0,6,6,1,6,6,5,0,0,0,2,2,2,0,0,0,0,0,0,0,0,0,0,1,0,0,0,0,0,0,0,0,0,0,0,0,0,0,0,0,0,0,0,0,0,0,0,0,0,0,0,0,0,0,0,0,0,0,0,0,0,0,0,0,0,0,0,0,0,0,0,0,0,0,0,0,0,0,0,0,0,2023-11-29 02:24:00
13390,13391,13391,13391,4737,269,526,270,270,521,5,270,4737,0,0,205,205,205,0,270,0,270,526,0,0,0,5,0,26,26,0,0,0,0,2,2,0,2,2,2,0,0,0,2,2,2,0,0,0,0,0,0,0,0,0,0,0,0,0,0,0,0,0,0,0,0,0,0,0,0,0,0,0,0,0,0,0,0,0,0,0,0,0,0,0,0,0,0,0,0,0,0,0,0,0,0,0,0,0,0,0,0,0,0,0,0,0,0,0,0,0,0,0,0,2023-11-29 02:26:00
13385,13373,13373,13373,4705,277,523,277,277,512,11,277,4705,0,0,208,208,208,0,277,0,277,523,0,0,0,11,0,26,26,0,0,0,0,2,2,0,2,2,2,0,0,0,2,2,2,0,0,0,0,0,0,0,0,0,0,0,0,0,0,0,0,0,0,0,0,0,0,0,0,0,0,0,0,0,0,0,0,0,0,0,0,0,0,0,0,0,0,0,0,0,0,0,0,0,0,0,0,0,0,0,0,0,0,0,0,0,0,0,0,0,0,0,0,2023-11-29 02:28:00
12852,12858,12858,12858,4694,201,461,201,201,449,12,201,4694,0,0,177,177,176,0,201,0,201,461,0,0,0,12,0,28,27,0,0,0,0,3,3,1,4,3,3,0,0,0,2,2,2,0,0,0,0,0,0,0,0,0,0,0,0,0,0,0,0,0,0,0,0,0,0,0,0,0,0,0,0,0,0,0,0,0,0,0,0,0,0,0,0,0,0,0,0,0,0,0,0,0,0,0,0,0,0,0,0,0,0,0,0,0,0,0,0,0,0,0,0,2023-11-29 02:30:00
12639,12647,12647,12647,4472,256,514,255,255,505,9,255,4472,0,0,203,203,203,0,255,0,255,514,0,0,0,9,0,27,28,0,0,0,0,4,4,0,3,4,4,0,0,0,2,2,2,0,0,0,0,0,0,0,0,0,0,0,0,0,0,0,0,0,0,0,0,0,0,0,0,0,0,0,0,0,0,0,0,0,0,0,0,0,0,0,0,0,0,0,0,0,0,0,0,0,0,0,0,0,0,0,0,0,0,0,0,0,0,0,0,0,0,0,0,2023-11-29 02:32:00
13756,13752,13752,13752,4848,278,536,279,279,533,3,279,4848,0,0,203,203,203,0,279,0,279,536,0,0,0,3,0,26,26,0,0,0,0,2,2,0,2,2,2,0,0,0,2,2,2,0,0,0,0,0,0,0,0,0,0,0,0,0,0,0,0,0,0,0,0,0,0,0,0,0,0,0,0,0,0,0,0,0,0,0,0,0,0,0,0,0,0,0,0,0,0,0,0,0,0,0,0,0,0,0,0,0,0,0,0,0,0,0,0,0,0,0,0,2023-11-29 02:34:00
14043,14021,14027,14027,4959,285,547,285,285,543,4,285,4959,0,0,218,218,218,0,285,0,285,547,0,0,0,4,0,26,26,0,0,0,0,2,2,0,2,2,2,0,0,0,2,2,2,0,0,0,0,0,0,0,0,0,0,0,0,0,0,0,0,0,0,0,0,0,0,0,0,0,0,0,0,0,0,0,0,0,0,0,0,0,0,0,0,0,0,0,0,0,0,0,0,0,0,0,0,0,0,0,0,0,0,0,0,0,0,0,0,0,0,0,0,2023-11-29 02:36:00
13847,13863,13863,13863,4876,270,560,270,270,551,9,270,4876,0,0,215,215,215,0,270,0,270,560,0,0,0,9,0,28,28,0,0,0,0,4,4,0,4,4,4,0,0,0,2,2,2,0,0,0,0,0,0,0,0,0,0,0,0,0,0,0,0,0,0,0,0,0,0,0,0,0,0,0,0,0,0,0,0,0,0,0,0,0,0,0,0,0,0,0,0,0,0,0,0,0,0,0,0,0,0,0,0,0,0,0,0,0,0,0,0,0,0,0,0,2023-11-29 02:38:00
13635,13634,13634,13634,4936,231,497,230,230,488,9,230,4936,0,0,167,167,165,0,230,0,230,497,0,0,0,9,0,26,26,0,0,0,0,2,2,2,2,2,2,0,0,0,2,2,2,0,0,0,0,0,0,0,0,0,0,0,0,0,0,0,0,0,0,0,0,0,0,0,0,0,0,0,0,0,0,0,0,0,0,0,0,0,0,0,0,0,0,0,0,0,0,0,0,0,0,0,0,0,0,0,0,0,0,0,0,0,0,0,0,0,0,0,0,2023-11-29 02:40:00
12703,12703,12703,12703,4457,258,501,259,259,497,4,259,4457,0,0,207,207,206,0,259,0,259,501,0,0,0,4,0,26,26,0,0,0,0,3,3,1,3,3,2,0,0,0,2,2,2,0,0,0,0,0,0,0,0,0,0,1,0,0,0,0,0,0,0,0,0,0,0,0,0,0,0,0,0,0,0,0,0,0,0,0,0,0,0,0,0,0,0,0,0,0,0,0,0,0,0,0,0,0,0,0,0,0,0,0,0,0,0,0,0,0,0,0,0,2023-11-29 02:42:00
13703,13705,13705,13705,4890,255,529,255,255,523,6,255,4890,0,0,204,204,203,0,255,0,255,529,0,0,0,6,0,28,28,0,0,0,0,4,4,1,4,4,4,0,0,0,2,2,2,0,0,0,0,0,0,0,0,0,0,0,0,0,0,0,0,0,0,0,0,0,0,0,0,0,0,0,0,0,0,0,0,0,0,0,0,0,0,0,0,0,0,0,0,0,0,0,0,0,0,0,0,0,0,0,0,0,0,0,0,0,0,0,0,0,0,0,0,2023-11-29 02:44:00
12868,12873,12873,12873,4522,260,507,259,259,498,9,259,4522,0,0,196,196,195,0,259,0,259,507,0,0,0,9,0,26,26,0,0,0,0,2,2,1,2,2,2,0,0,0,2,2,2,0,0,0,0,0,0,0,0,0,0,0,0,0,0,0,0,0,0,0,0,0,0,0,0,0,0,0,0,0,0,0,0,0,0,0,0,0,0,0,0,0,0,0,0,0,0,0,0,0,0,0,0,0,0,0,0,0,0,0,0,0,0,0,0,0,0,0,0,2023-11-29 02:46:00
13985,13975,13975,13975,5053,258,543,258,258,527,16,258,5053,0,0,185,185,185,0,258,0,258,543,0,0,0,16,0,26,26,0,0,0,0,2,2,0,2,2,2,0,0,0,2,2,2,0,0,0,0,0,0,0,0,0,0,0,0,0,0,0,0,0,0,0,0,0,0,0,0,0,0,0,0,0,0,0,0,0,0,0,0,0,0,0,0,0,0,0,0,0,0,0,0,0,0,0,0,0,0,0,0,0,0,0,0,0,0,0,0,0,0,0,0,2023-11-29 02:48:00
13696,13696,13696,13696,4907,252,531,252,252,524,7,252,4907,0,0,189,189,189,0,252,0,252,531,0,0,0,7,0,29,29,0,0,0,0,5,5,0,5,5,4,0,0,0,2,2,2,0,0,0,0,0,0,0,0,0,0,1,0,0,0,0,0,0,0,0,0,0,0,0,0,0,0,0,0,0,0,0,0,0,0,0,0,0,0,0,0,0,0,0,0,0,0,0,0,0,0,0,0,0,0,0,0,0,0,0,0,0,0,0,0,0,0,0,0,2023-11-29 02:50:00
12746,12746,12746,12746,4493,245,501,246,246,491,10,246,4493,0,0,195,195,195,0,246,0,246,501,0,0,0,10,0,26,26,0,0,0,0,2,2,0,2,2,2,0,0,0,2,2,2,0,0,0,0,0,0,0,0,0,0,0,0,0,0,0,0,0,0,0,0,0,0,0,0,0,0,0,0,0,0,0,0,0,0,0,0,0,0,0,0,0,0,0,0,0,0,0,0,0,0,0,0,0,0,0,0,0,0,0,0,0,0,0,0,0,0,0,0,2023-11-29 02:52:00
13187,13196,13194,13194,4691,257,521,257,257,513,8,257,4691,0,0,209,209,209,0,257,0,257,521,0,0,0,8,0,26,26,0,0,0,0,2,2,0,2,2,2,0,0,0,2,2,2,0,0,0,0,0,0,0,0,0,0,0,0,0,0,0,0,0,0,0,0,0,0,0,0,0,0,0,0,0,0,0,0,0,0,0,0,0,0,0,0,0,0,0,0,0,0,0,0,0,0,0,0,0,0,0,0,0,0,0,0,0,0,0,0,0,0,0,0,2023-11-29 02:54:00
14061,14064,14064,14064,5025,266,508,265,265,502,6,265,5025,0,0,203,203,203,0,265,0,265,508,0,0,0,6,0,26,26,0,0,0,0,2,2,0,2,2,2,0,0,0,2,2,2,0,0,0,0,0,0,0,0,0,0,0,0,0,0,0,0,0,0,0,0,0,0,0,0,0,0,0,0,0,0,0,0,0,0,0,0,0,0,0,0,0,0,0,0,0,0,0,0,0,0,0,0,0,0,0,0,0,0,0,0,0,0,0,0,0,0,0,0,2023-11-29 02:56:00
13906,13892,13892,13892,4907,282,544,283,283,539,5,283,4907,0,0,234,234,234,0,283,0,283,544,0,0,0,5,0,29,29,0,0,0,0,5,5,0,5,5,5,0,0,0,2,2,2,0,0,0,0,0,0,0,0,0,0,0,0,0,0,0,0,0,0,0,0,0,0,0,0,0,0,0,0,0,0,0,0,0,0,0,0,0,0,0,0,0,0,0,0,0,0,0,0,0,0,0,0,0,0,0,0,0,0,0,0,0,0,0,0,0,0,0,0,2023-11-29 02:58:00
10815,10829,10829,10829,3881,195,413,195,195,408,5,195,3881,0,0,165,165,164,0,195,0,195,413,0,0,0,5,0,26,26,0,0,0,0,2,2,1,2,2,2,0,0,0,2,2,2,0,0,0,0,0,0,0,0,0,0,0,0,0,0,0,0,0,0,0,0,0,0,0,0,0,0,0,0,0,0,0,0,0,0,0,0,0,0,0,0,0,0,0,0,0,0,0,0,0,0,0,0,0,0,0,0,0,0,0,0,0,0,0,0,0,0,0,0,2023-11-29 03:00:00
