"@[DumpDayBillsV2] <*> failed, <*> <*> no such file or directory, <*> <*> <*>",timestamp,unknown
0,2024-06-15 18:29:13,0
0,2024-06-15 18:31:13,0
0,2024-06-15 18:33:13,0
0,2024-06-15 18:35:13,0
0,2024-06-15 18:37:13,0
0,2024-06-15 18:39:13,0
0,2024-06-15 18:41:13,0
0,2024-06-15 18:43:13,0
0,2024-06-15 18:45:13,0
0,2024-06-15 18:47:13,0
0,2024-06-15 18:49:13,0
0,2024-06-15 18:51:13,0
0,2024-06-15 18:53:13,0
0,2024-06-15 18:55:13,0
0,2024-06-15 18:57:13,0
0,2024-06-15 18:59:13,0
0,2024-06-15 19:01:13,0
0,2024-06-15 19:03:13,0
0,2024-06-15 19:05:13,0
0,2024-06-15 19:07:13,0
0,2024-06-15 19:09:13,0
0,2024-06-15 19:11:13,0
0,2024-06-15 19:13:13,0
0,2024-06-15 19:15:13,0
0,2024-06-15 19:17:13,0
0,2024-06-15 19:19:13,0
0,2024-06-15 19:21:13,0
0,2024-06-15 19:23:13,0
0,2024-06-15 19:25:13,0
0,2024-06-15 19:27:13,0
0,2024-06-15 19:29:13,0
0,2024-06-15 19:31:13,0
0,2024-06-15 19:33:13,0
0,2024-06-15 19:35:13,0
0,2024-06-15 19:37:13,0
0,2024-06-15 19:39:13,0
0,2024-06-15 19:41:13,0
0,2024-06-15 19:43:13,0
0,2024-06-15 19:45:13,0
0,2024-06-15 19:47:13,0
0,2024-06-15 19:49:13,0
0,2024-06-15 19:51:13,0
0,2024-06-15 19:53:13,0
0,2024-06-15 19:55:13,0
0,2024-06-15 19:57:13,0
0,2024-06-15 19:59:13,0
0,2024-06-15 20:01:13,0
0,2024-06-15 20:03:13,0
0,2024-06-15 20:05:13,0
0,2024-06-15 20:07:13,0
0,2024-06-15 20:09:13,0
0,2024-06-15 20:11:13,0
0,2024-06-15 20:13:13,0
0,2024-06-15 20:15:13,0
0,2024-06-15 20:17:13,0
0,2024-06-15 20:19:13,0
0,2024-06-15 20:21:13,0
0,2024-06-15 20:23:13,0
0,2024-06-15 20:25:13,0
0,2024-06-15 20:27:13,0
0,2024-06-15 20:29:13,0
0,2024-06-15 20:31:13,0
0,2024-06-15 20:33:13,0
0,2024-06-15 20:35:13,0
0,2024-06-15 20:37:13,0
0,2024-06-15 20:39:13,0
0,2024-06-15 20:41:13,0
0,2024-06-15 20:43:13,0
0,2024-06-15 20:45:13,0
0,2024-06-15 20:47:13,0
0,2024-06-15 20:49:13,0
0,2024-06-15 20:51:13,0
0,2024-06-15 20:53:13,0
0,2024-06-15 20:55:13,0
0,2024-06-15 20:57:13,0
0,2024-06-15 20:59:13,0
0,2024-06-15 21:01:13,0
0,2024-06-15 21:03:13,0
0,2024-06-15 21:05:13,0
0,2024-06-15 21:07:13,0
0,2024-06-15 21:09:13,0
0,2024-06-15 21:11:13,0
0,2024-06-15 21:13:13,0
0,2024-06-15 21:15:13,0
0,2024-06-15 21:17:13,0
0,2024-06-15 21:19:13,0
0,2024-06-15 21:21:13,0
0,2024-06-15 21:23:13,0
0,2024-06-15 21:25:13,0
0,2024-06-15 21:27:13,0
0,2024-06-15 21:29:13,0
0,2024-06-15 21:31:13,0
0,2024-06-15 21:33:13,0
0,2024-06-15 21:35:13,0
0,2024-06-15 21:37:13,0
0,2024-06-15 21:39:13,0
0,2024-06-15 21:41:13,0
0,2024-06-15 21:43:13,0
0,2024-06-15 21:45:13,0
0,2024-06-15 21:47:13,0
0,2024-06-15 21:49:13,0
0,2024-06-15 21:51:13,0
0,2024-06-15 21:53:13,0
0,2024-06-15 21:55:13,0
0,2024-06-15 21:57:13,0
0,2024-06-15 21:59:13,0
0,2024-06-15 22:01:13,0
0,2024-06-15 22:03:13,0
0,2024-06-15 22:05:13,0
0,2024-06-15 22:07:13,0
0,2024-06-15 22:09:13,0
0,2024-06-15 22:11:13,0
0,2024-06-15 22:13:13,0
0,2024-06-15 22:15:13,0
0,2024-06-15 22:17:13,0
0,2024-06-15 22:19:13,0
0,2024-06-15 22:21:13,0
0,2024-06-15 22:23:13,0
0,2024-06-15 22:25:13,0
0,2024-06-15 22:27:13,0
0,2024-06-15 22:29:13,0
0,2024-06-15 22:31:13,0
0,2024-06-15 22:33:13,0
0,2024-06-15 22:35:13,0
0,2024-06-15 22:37:13,0
0,2024-06-15 22:39:13,0
0,2024-06-15 22:41:13,0
0,2024-06-15 22:43:13,0
0,2024-06-15 22:45:13,0
0,2024-06-15 22:47:13,0
0,2024-06-15 22:49:13,0
0,2024-06-15 22:51:13,0
0,2024-06-15 22:53:13,0
0,2024-06-15 22:55:13,0
0,2024-06-15 22:57:13,0
0,2024-06-15 22:59:13,0
0,2024-06-15 23:01:13,0
0,2024-06-15 23:03:13,0
0,2024-06-15 23:05:13,0
0,2024-06-15 23:07:13,0
0,2024-06-15 23:09:13,0
0,2024-06-15 23:11:13,0
0,2024-06-15 23:13:13,0
0,2024-06-15 23:15:13,0
0,2024-06-15 23:17:13,0
0,2024-06-15 23:19:13,0
0,2024-06-15 23:21:13,0
0,2024-06-15 23:23:13,0
0,2024-06-15 23:25:13,0
0,2024-06-15 23:27:13,0
0,2024-06-15 23:29:13,0
0,2024-06-15 23:31:13,0
0,2024-06-15 23:33:13,0
0,2024-06-15 23:35:13,0
0,2024-06-15 23:37:13,0
0,2024-06-15 23:39:13,0
0,2024-06-15 23:41:13,0
0,2024-06-15 23:43:13,0
0,2024-06-15 23:45:13,0
0,2024-06-15 23:47:13,0
0,2024-06-15 23:49:13,0
0,2024-06-15 23:51:13,0
0,2024-06-15 23:53:13,0
0,2024-06-15 23:55:13,0
0,2024-06-15 23:57:13,0
0,2024-06-15 23:59:13,0
0,2024-06-16 00:01:13,0
0,2024-06-16 00:03:13,0
0,2024-06-16 00:05:13,0
0,2024-06-16 00:07:13,0
0,2024-06-16 00:09:13,0
0,2024-06-16 00:11:13,0
0,2024-06-16 00:13:13,0
0,2024-06-16 00:15:13,0
0,2024-06-16 00:17:13,0
0,2024-06-16 00:19:13,0
0,2024-06-16 00:21:13,0
0,2024-06-16 00:23:13,0
0,2024-06-16 00:25:13,0
0,2024-06-16 00:27:13,0
0,2024-06-16 00:29:13,0
3,2024-06-16 00:31:13,6
0,2024-06-16 00:33:13,0
0,2024-06-16 00:35:13,0
0,2024-06-16 00:37:13,0
0,2024-06-16 00:39:13,0
0,2024-06-16 00:41:13,2
0,2024-06-16 00:43:13,0
0,2024-06-16 00:45:13,0
0,2024-06-16 00:47:13,0
0,2024-06-16 00:49:13,0
0,2024-06-16 00:51:13,0
0,2024-06-16 00:53:13,0
0,2024-06-16 00:55:13,0
0,2024-06-16 00:57:13,0
0,2024-06-16 00:59:13,0
0,2024-06-16 01:01:13,2
0,2024-06-16 01:03:13,0
0,2024-06-16 01:05:13,0
0,2024-06-16 01:07:13,0
0,2024-06-16 01:09:13,0
0,2024-06-16 01:11:13,0
0,2024-06-16 01:13:13,0
0,2024-06-16 01:15:13,0
0,2024-06-16 01:17:13,0
0,2024-06-16 01:19:13,0
0,2024-06-16 01:21:13,0
0,2024-06-16 01:23:13,0
0,2024-06-16 01:25:13,0
0,2024-06-16 01:27:13,0
0,2024-06-16 01:29:13,0
0,2024-06-16 01:31:13,0
0,2024-06-16 01:33:13,0
0,2024-06-16 01:35:13,0
0,2024-06-16 01:37:13,0
0,2024-06-16 01:39:13,0
0,2024-06-16 01:41:13,6
0,2024-06-16 01:43:13,0
0,2024-06-16 01:45:13,0
0,2024-06-16 01:47:13,0
0,2024-06-16 01:49:13,0
0,2024-06-16 01:51:13,0
0,2024-06-16 01:53:13,0
0,2024-06-16 01:55:13,0
0,2024-06-16 01:57:13,0
0,2024-06-16 01:59:13,0
0,2024-06-16 02:01:13,0
0,2024-06-16 02:03:13,0
0,2024-06-16 02:05:13,0
0,2024-06-16 02:07:13,0
0,2024-06-16 02:09:13,0
0,2024-06-16 02:11:13,0
0,2024-06-16 02:13:13,0
0,2024-06-16 02:15:13,0
0,2024-06-16 02:17:13,0
0,2024-06-16 02:19:13,0
0,2024-06-16 02:21:13,0
0,2024-06-16 02:23:13,0
0,2024-06-16 02:25:13,0
0,2024-06-16 02:27:13,2
0,2024-06-16 02:29:13,0
0,2024-06-16 02:31:13,0
0,2024-06-16 02:33:13,0
0,2024-06-16 02:35:13,0
0,2024-06-16 02:37:13,0
0,2024-06-16 02:39:13,0
0,2024-06-16 02:41:13,0
0,2024-06-16 02:43:13,0
0,2024-06-16 02:45:13,1
0,2024-06-16 02:47:13,1
0,2024-06-16 02:49:13,0
0,2024-06-16 02:51:13,0
0,2024-06-16 02:53:13,0
0,2024-06-16 02:55:13,0
0,2024-06-16 02:57:13,0
0,2024-06-16 02:59:13,0
0,2024-06-16 03:01:13,1
0,2024-06-16 03:03:13,0
0,2024-06-16 03:05:13,0
0,2024-06-16 03:07:13,0
0,2024-06-16 03:09:13,0
0,2024-06-16 03:11:13,0
0,2024-06-16 03:13:13,0
0,2024-06-16 03:15:13,0
0,2024-06-16 03:17:13,0
0,2024-06-16 03:19:13,0
0,2024-06-16 03:21:13,0
0,2024-06-16 03:23:13,0
0,2024-06-16 03:25:13,0
0,2024-06-16 03:27:13,0
0,2024-06-16 03:29:13,0
0,2024-06-16 03:31:13,0
0,2024-06-16 03:33:13,0
0,2024-06-16 03:35:13,0
0,2024-06-16 03:37:13,0
0,2024-06-16 03:39:13,0
0,2024-06-16 03:41:13,0
0,2024-06-16 03:43:13,0
0,2024-06-16 03:45:13,0
0,2024-06-16 03:47:13,0
0,2024-06-16 03:49:13,0
0,2024-06-16 03:51:13,0
0,2024-06-16 03:53:13,0
0,2024-06-16 03:55:13,0
0,2024-06-16 03:57:13,0
0,2024-06-16 03:59:13,0
0,2024-06-16 04:01:13,0
0,2024-06-16 04:03:13,0
0,2024-06-16 04:05:13,0
0,2024-06-16 04:07:13,0
0,2024-06-16 04:09:13,0
0,2024-06-16 04:11:13,0
0,2024-06-16 04:13:13,0
0,2024-06-16 04:15:13,0
0,2024-06-16 04:17:13,0
0,2024-06-16 04:19:13,0
0,2024-06-16 04:21:13,0
0,2024-06-16 04:23:13,0
0,2024-06-16 04:25:13,0
0,2024-06-16 04:27:13,0
0,2024-06-16 04:29:13,0
0,2024-06-16 04:31:13,0
0,2024-06-16 04:33:13,0
0,2024-06-16 04:35:13,0
0,2024-06-16 04:37:13,0
0,2024-06-16 04:39:13,0
0,2024-06-16 04:41:13,0
0,2024-06-16 04:43:13,0
0,2024-06-16 04:45:13,0
0,2024-06-16 04:47:13,0
0,2024-06-16 04:49:13,0
0,2024-06-16 04:51:13,0
0,2024-06-16 04:53:13,0
0,2024-06-16 04:55:13,0
0,2024-06-16 04:57:13,0
0,2024-06-16 04:59:13,0
0,2024-06-16 05:01:13,1
0,2024-06-16 05:03:13,0
0,2024-06-16 05:05:13,0
0,2024-06-16 05:07:13,0
0,2024-06-16 05:09:13,0
0,2024-06-16 05:11:13,0
0,2024-06-16 05:13:13,0
0,2024-06-16 05:15:13,0
0,2024-06-16 05:17:13,0
0,2024-06-16 05:19:13,0
0,2024-06-16 05:21:13,0
0,2024-06-16 05:23:13,0
0,2024-06-16 05:25:13,0
0,2024-06-16 05:27:13,0
0,2024-06-16 05:29:13,0
0,2024-06-16 05:31:13,0
0,2024-06-16 05:33:13,0
0,2024-06-16 05:35:13,0
0,2024-06-16 05:37:13,0
0,2024-06-16 05:39:13,0
0,2024-06-16 05:41:13,0
0,2024-06-16 05:43:13,0
0,2024-06-16 05:45:13,0
0,2024-06-16 05:47:13,0
0,2024-06-16 05:49:13,0
0,2024-06-16 05:51:13,0
0,2024-06-16 05:53:13,0
0,2024-06-16 05:55:13,0
0,2024-06-16 05:57:13,0
0,2024-06-16 05:59:13,0
0,2024-06-16 06:01:13,0
0,2024-06-16 06:03:13,0
0,2024-06-16 06:05:13,0
0,2024-06-16 06:07:13,0
0,2024-06-16 06:09:13,0
0,2024-06-16 06:11:13,0
0,2024-06-16 06:13:13,0
0,2024-06-16 06:15:13,0
0,2024-06-16 06:17:13,0
0,2024-06-16 06:19:13,0
0,2024-06-16 06:21:13,0
0,2024-06-16 06:23:13,0
0,2024-06-16 06:25:13,0
0,2024-06-16 06:27:13,0
0,2024-06-16 06:29:13,0
0,2024-06-16 06:31:13,0
0,2024-06-16 06:33:13,0
0,2024-06-16 06:35:13,0
0,2024-06-16 06:37:13,0
0,2024-06-16 06:39:13,0
0,2024-06-16 06:41:13,0
0,2024-06-16 06:43:13,0
0,2024-06-16 06:45:13,0
0,2024-06-16 06:47:13,0
0,2024-06-16 06:49:13,0
0,2024-06-16 06:51:13,0
0,2024-06-16 06:53:13,0
0,2024-06-16 06:55:13,0
0,2024-06-16 06:57:13,0
0,2024-06-16 06:59:13,0
0,2024-06-16 07:01:13,0
0,2024-06-16 07:03:13,0
0,2024-06-16 07:05:13,0
0,2024-06-16 07:07:13,0
0,2024-06-16 07:09:13,0
0,2024-06-16 07:11:13,0
0,2024-06-16 07:13:13,0
0,2024-06-16 07:15:13,0
0,2024-06-16 07:17:13,0
0,2024-06-16 07:19:13,0
0,2024-06-16 07:21:13,0
0,2024-06-16 07:23:13,0
0,2024-06-16 07:25:13,0
0,2024-06-16 07:27:13,0
0,2024-06-16 07:29:13,0
0,2024-06-16 07:31:13,0
0,2024-06-16 07:33:13,0
0,2024-06-16 07:35:13,0
0,2024-06-16 07:37:13,0
0,2024-06-16 07:39:13,0
0,2024-06-16 07:41:13,0
0,2024-06-16 07:43:13,0
0,2024-06-16 07:45:13,0
0,2024-06-16 07:47:13,0
0,2024-06-16 07:49:13,0
0,2024-06-16 07:51:13,0
0,2024-06-16 07:53:13,0
0,2024-06-16 07:55:13,0
0,2024-06-16 07:57:13,0
0,2024-06-16 07:59:13,0
0,2024-06-16 08:01:13,0
0,2024-06-16 08:03:13,0
0,2024-06-16 08:05:13,0
0,2024-06-16 08:07:13,0
0,2024-06-16 08:09:13,0
0,2024-06-16 08:11:13,0
0,2024-06-16 08:13:13,0
0,2024-06-16 08:15:13,0
0,2024-06-16 08:17:13,0
0,2024-06-16 08:19:13,0
0,2024-06-16 08:21:13,0
0,2024-06-16 08:23:13,0
0,2024-06-16 08:25:13,0
0,2024-06-16 08:27:13,0
0,2024-06-16 08:29:13,0
0,2024-06-16 08:31:13,0
0,2024-06-16 08:33:13,0
0,2024-06-16 08:35:13,0
0,2024-06-16 08:37:13,0
0,2024-06-16 08:39:13,0
0,2024-06-16 08:41:13,2
0,2024-06-16 08:43:13,0
0,2024-06-16 08:45:13,0
0,2024-06-16 08:47:13,0
0,2024-06-16 08:49:13,0
0,2024-06-16 08:51:13,0
0,2024-06-16 08:53:13,0
0,2024-06-16 08:55:13,0
0,2024-06-16 08:57:13,0
0,2024-06-16 08:59:13,0
0,2024-06-16 09:01:13,4
0,2024-06-16 09:03:13,0
0,2024-06-16 09:05:13,0
0,2024-06-16 09:07:13,0
0,2024-06-16 09:09:13,0
0,2024-06-16 09:11:13,0
0,2024-06-16 09:13:13,0
0,2024-06-16 09:15:13,0
0,2024-06-16 09:17:13,0
0,2024-06-16 09:19:13,0
0,2024-06-16 09:21:13,0
0,2024-06-16 09:23:13,0
0,2024-06-16 09:25:13,0
0,2024-06-16 09:27:13,0
0,2024-06-16 09:29:13,0
0,2024-06-16 09:31:13,0
0,2024-06-16 09:33:13,0
0,2024-06-16 09:35:13,0
0,2024-06-16 09:37:13,0
0,2024-06-16 09:39:13,0
0,2024-06-16 09:41:13,0
0,2024-06-16 09:43:13,2
0,2024-06-16 09:45:13,0
0,2024-06-16 09:47:13,0
0,2024-06-16 09:49:13,0
0,2024-06-16 09:51:13,0
0,2024-06-16 09:53:13,0
0,2024-06-16 09:55:13,0
0,2024-06-16 09:57:13,0
0,2024-06-16 09:59:13,0
0,2024-06-16 10:01:13,0
0,2024-06-16 10:03:13,0
0,2024-06-16 10:05:13,0
0,2024-06-16 10:07:13,0
0,2024-06-16 10:09:13,0
0,2024-06-16 10:11:13,0
0,2024-06-16 10:13:13,0
0,2024-06-16 10:15:13,0
0,2024-06-16 10:17:13,0
0,2024-06-16 10:19:13,0
0,2024-06-16 10:21:13,0
0,2024-06-16 10:23:13,0
0,2024-06-16 10:25:13,0
0,2024-06-16 10:27:13,6
0,2024-06-16 10:29:13,0
0,2024-06-16 10:31:13,0
0,2024-06-16 10:33:13,0
0,2024-06-16 10:35:13,0
0,2024-06-16 10:37:13,0
0,2024-06-16 10:39:13,0
0,2024-06-16 10:41:13,2
0,2024-06-16 10:43:13,0
0,2024-06-16 10:45:13,0
0,2024-06-16 10:47:13,0
0,2024-06-16 10:49:13,0
0,2024-06-16 10:51:13,0
0,2024-06-16 10:53:13,0
0,2024-06-16 10:55:13,0
0,2024-06-16 10:57:13,0
0,2024-06-16 10:59:13,0
0,2024-06-16 11:01:13,0
0,2024-06-16 11:03:13,0
0,2024-06-16 11:05:13,0
0,2024-06-16 11:07:13,0
0,2024-06-16 11:09:13,0
0,2024-06-16 11:11:13,0
0,2024-06-16 11:13:13,0
0,2024-06-16 11:15:13,0
0,2024-06-16 11:17:13,0
0,2024-06-16 11:19:13,0
0,2024-06-16 11:21:13,0
0,2024-06-16 11:23:13,0
0,2024-06-16 11:25:13,0
0,2024-06-16 11:27:13,0
0,2024-06-16 11:29:13,0
0,2024-06-16 11:31:13,0
0,2024-06-16 11:33:13,0
0,2024-06-16 11:35:13,0
0,2024-06-16 11:37:13,0
0,2024-06-16 11:39:13,0
0,2024-06-16 11:41:13,0
0,2024-06-16 11:43:13,1
0,2024-06-16 11:45:13,0
0,2024-06-16 11:47:13,0
0,2024-06-16 11:49:13,0
0,2024-06-16 11:51:13,0
0,2024-06-16 11:53:13,0
0,2024-06-16 11:55:13,0
0,2024-06-16 11:57:13,0
0,2024-06-16 11:59:13,0
0,2024-06-16 12:01:13,0
0,2024-06-16 12:03:13,0
0,2024-06-16 12:05:13,0
0,2024-06-16 12:07:13,0
0,2024-06-16 12:09:13,0
0,2024-06-16 12:11:13,0
0,2024-06-16 12:13:13,0
0,2024-06-16 12:15:13,0
0,2024-06-16 12:17:13,0
0,2024-06-16 12:19:13,0
0,2024-06-16 12:21:13,0
0,2024-06-16 12:23:13,0
0,2024-06-16 12:25:13,0
0,2024-06-16 12:27:13,0
0,2024-06-16 12:29:13,0
0,2024-06-16 12:31:13,0
0,2024-06-16 12:33:13,0
0,2024-06-16 12:35:13,0
0,2024-06-16 12:37:13,0
0,2024-06-16 12:39:13,0
0,2024-06-16 12:41:13,0
0,2024-06-16 12:43:13,0
0,2024-06-16 12:45:13,0
0,2024-06-16 12:47:13,0
0,2024-06-16 12:49:13,0
0,2024-06-16 12:51:13,0
0,2024-06-16 12:53:13,0
0,2024-06-16 12:55:13,0
0,2024-06-16 12:57:13,0
0,2024-06-16 12:59:13,0
0,2024-06-16 13:01:13,0
0,2024-06-16 13:03:13,0
0,2024-06-16 13:05:13,0
0,2024-06-16 13:07:13,0
0,2024-06-16 13:09:13,0
0,2024-06-16 13:11:13,0
0,2024-06-16 13:13:13,0
0,2024-06-16 13:15:13,0
0,2024-06-16 13:17:13,0
0,2024-06-16 13:19:13,0
0,2024-06-16 13:21:13,0
0,2024-06-16 13:23:13,0
0,2024-06-16 13:25:13,0
0,2024-06-16 13:27:13,0
0,2024-06-16 13:29:13,0
0,2024-06-16 13:31:13,0
0,2024-06-16 13:33:13,0
0,2024-06-16 13:35:13,0
0,2024-06-16 13:37:13,0
0,2024-06-16 13:39:13,0
0,2024-06-16 13:41:13,0
0,2024-06-16 13:43:13,0
0,2024-06-16 13:45:13,0
0,2024-06-16 13:47:13,0
0,2024-06-16 13:49:13,0
0,2024-06-16 13:51:13,0
0,2024-06-16 13:53:13,0
0,2024-06-16 13:55:13,0
0,2024-06-16 13:57:13,0
0,2024-06-16 13:59:13,0
0,2024-06-16 14:01:13,4
0,2024-06-16 14:03:13,0
0,2024-06-16 14:05:13,0
0,2024-06-16 14:07:13,0
0,2024-06-16 14:09:13,0
0,2024-06-16 14:11:13,0
0,2024-06-16 14:13:13,0
0,2024-06-16 14:15:13,0
0,2024-06-16 14:17:13,0
0,2024-06-16 14:19:13,0
0,2024-06-16 14:21:13,0
0,2024-06-16 14:23:13,0
0,2024-06-16 14:25:13,0
0,2024-06-16 14:27:13,0
0,2024-06-16 14:29:13,0
0,2024-06-16 14:31:13,0
0,2024-06-16 14:33:13,0
0,2024-06-16 14:35:13,0
0,2024-06-16 14:37:13,0
0,2024-06-16 14:39:13,0
0,2024-06-16 14:41:13,0
0,2024-06-16 14:43:13,0
0,2024-06-16 14:45:13,0
0,2024-06-16 14:47:13,0
0,2024-06-16 14:49:13,0
0,2024-06-16 14:51:13,0
0,2024-06-16 14:53:13,0
0,2024-06-16 14:55:13,0
0,2024-06-16 14:57:13,0
0,2024-06-16 14:59:13,0
0,2024-06-16 15:01:13,0
0,2024-06-16 15:03:13,0
0,2024-06-16 15:05:13,0
0,2024-06-16 15:07:13,0
0,2024-06-16 15:09:13,0
0,2024-06-16 15:11:13,0
0,2024-06-16 15:13:13,0
0,2024-06-16 15:15:13,0
0,2024-06-16 15:17:13,0
0,2024-06-16 15:19:13,0
0,2024-06-16 15:21:13,0
0,2024-06-16 15:23:13,0
0,2024-06-16 15:25:13,2
0,2024-06-16 15:27:13,0
0,2024-06-16 15:29:13,0
0,2024-06-16 15:31:13,0
0,2024-06-16 15:33:13,0
0,2024-06-16 15:35:13,0
0,2024-06-16 15:37:13,0
0,2024-06-16 15:39:13,0
0,2024-06-16 15:41:13,2
0,2024-06-16 15:43:13,0
0,2024-06-16 15:45:13,0
0,2024-06-16 15:47:13,0
0,2024-06-16 15:49:13,0
0,2024-06-16 15:51:13,0
0,2024-06-16 15:53:13,0
0,2024-06-16 15:55:13,0
0,2024-06-16 15:57:13,0
0,2024-06-16 15:59:13,0
0,2024-06-16 16:01:13,0
0,2024-06-16 16:03:13,0
0,2024-06-16 16:05:13,0
0,2024-06-16 16:07:13,0
0,2024-06-16 16:09:13,0
0,2024-06-16 16:11:13,0
0,2024-06-16 16:13:13,0
0,2024-06-16 16:15:13,0
0,2024-06-16 16:17:13,0
0,2024-06-16 16:19:13,0
0,2024-06-16 16:21:13,0
0,2024-06-16 16:23:13,0
0,2024-06-16 16:25:13,0
0,2024-06-16 16:27:13,0
0,2024-06-16 16:29:13,0
0,2024-06-16 16:31:13,0
0,2024-06-16 16:33:13,0
0,2024-06-16 16:35:13,0
0,2024-06-16 16:37:13,0
0,2024-06-16 16:39:13,0
0,2024-06-16 16:41:13,4
0,2024-06-16 16:43:13,0
0,2024-06-16 16:45:13,0
0,2024-06-16 16:47:13,0
0,2024-06-16 16:49:13,0
0,2024-06-16 16:51:13,0
0,2024-06-16 16:53:13,0
0,2024-06-16 16:55:13,0
0,2024-06-16 16:57:13,0
0,2024-06-16 16:59:13,0
0,2024-06-16 17:01:13,0
0,2024-06-16 17:03:13,0
0,2024-06-16 17:05:13,0
0,2024-06-16 17:07:13,0
0,2024-06-16 17:09:13,0
0,2024-06-16 17:11:13,0
0,2024-06-16 17:13:13,0
0,2024-06-16 17:15:13,0
0,2024-06-16 17:17:13,0
0,2024-06-16 17:19:13,0
0,2024-06-16 17:21:13,0
0,2024-06-16 17:23:13,0
0,2024-06-16 17:25:13,0
0,2024-06-16 17:27:13,0
0,2024-06-16 17:29:13,0
0,2024-06-16 17:31:13,0
0,2024-06-16 17:33:13,0
0,2024-06-16 17:35:13,0
0,2024-06-16 17:37:13,0
0,2024-06-16 17:39:13,0
0,2024-06-16 17:41:13,0
0,2024-06-16 17:43:13,4
0,2024-06-16 17:45:13,0
0,2024-06-16 17:47:13,0
0,2024-06-16 17:49:13,0
0,2024-06-16 17:51:13,0
0,2024-06-16 17:53:13,0
0,2024-06-16 17:55:13,0
0,2024-06-16 17:57:13,0
0,2024-06-16 17:59:13,0
0,2024-06-16 18:01:13,0
0,2024-06-16 18:03:13,0
0,2024-06-16 18:05:13,0
0,2024-06-16 18:07:13,0
0,2024-06-16 18:09:13,0
0,2024-06-16 18:11:13,0
0,2024-06-16 18:13:13,0
0,2024-06-16 18:15:13,0
0,2024-06-16 18:17:13,0
0,2024-06-16 18:19:13,0
0,2024-06-16 18:21:13,0
0,2024-06-16 18:23:13,0
0,2024-06-16 18:25:13,0
0,2024-06-16 18:27:13,0
0,2024-06-16 18:29:13,0
0,2024-06-16 18:31:13,0
0,2024-06-16 18:33:13,0
0,2024-06-16 18:35:13,0
0,2024-06-16 18:37:13,0
0,2024-06-16 18:39:13,0
0,2024-06-16 18:41:13,0
0,2024-06-16 18:43:13,0
0,2024-06-16 18:45:13,0
0,2024-06-16 18:47:13,0
0,2024-06-16 18:49:13,0
0,2024-06-16 18:51:13,0
0,2024-06-16 18:53:13,0
0,2024-06-16 18:55:13,0
0,2024-06-16 18:57:13,0
0,2024-06-16 18:59:13,0
0,2024-06-16 19:01:13,0
0,2024-06-16 19:03:13,0
0,2024-06-16 19:05:13,0
0,2024-06-16 19:07:13,0
0,2024-06-16 19:09:13,0
0,2024-06-16 19:11:13,0
0,2024-06-16 19:13:13,0
0,2024-06-16 19:15:13,0
0,2024-06-16 19:17:13,0
0,2024-06-16 19:19:13,0
0,2024-06-16 19:21:13,0
0,2024-06-16 19:23:13,0
0,2024-06-16 19:25:13,0
0,2024-06-16 19:27:13,0
0,2024-06-16 19:29:13,0
0,2024-06-16 19:31:13,0
0,2024-06-16 19:33:13,0
0,2024-06-16 19:35:13,0
0,2024-06-16 19:37:13,0
0,2024-06-16 19:39:13,0
0,2024-06-16 19:41:13,0
0,2024-06-16 19:43:13,0
0,2024-06-16 19:45:13,0
0,2024-06-16 19:47:13,0
0,2024-06-16 19:49:13,0
0,2024-06-16 19:51:13,0
0,2024-06-16 19:53:13,0
0,2024-06-16 19:55:13,0
0,2024-06-16 19:57:13,0
0,2024-06-16 19:59:13,0
0,2024-06-16 20:01:13,0
0,2024-06-16 20:03:13,0
0,2024-06-16 20:05:13,0
0,2024-06-16 20:07:13,0
0,2024-06-16 20:09:13,0
0,2024-06-16 20:11:13,0
0,2024-06-16 20:13:13,0
0,2024-06-16 20:15:13,0
0,2024-06-16 20:17:13,0
0,2024-06-16 20:19:13,0
0,2024-06-16 20:21:13,0
0,2024-06-16 20:23:13,0
0,2024-06-16 20:25:13,0
0,2024-06-16 20:27:13,0
0,2024-06-16 20:29:13,0
0,2024-06-16 20:31:13,0
0,2024-06-16 20:33:13,0
0,2024-06-16 20:35:13,0
0,2024-06-16 20:37:13,0
0,2024-06-16 20:39:13,0
0,2024-06-16 20:41:13,0
0,2024-06-16 20:43:13,0
0,2024-06-16 20:45:13,0
0,2024-06-16 20:47:13,0
0,2024-06-16 20:49:13,0
0,2024-06-16 20:51:13,0
0,2024-06-16 20:53:13,0
0,2024-06-16 20:55:13,0
0,2024-06-16 20:57:13,0
0,2024-06-16 20:59:13,0
0,2024-06-16 21:01:13,0
0,2024-06-16 21:03:13,0
0,2024-06-16 21:05:13,0
0,2024-06-16 21:07:13,0
0,2024-06-16 21:09:13,0
0,2024-06-16 21:11:13,0
0,2024-06-16 21:13:13,0
0,2024-06-16 21:15:13,0
0,2024-06-16 21:17:13,0
0,2024-06-16 21:19:13,0
0,2024-06-16 21:21:13,0
0,2024-06-16 21:23:13,0
0,2024-06-16 21:25:13,0
0,2024-06-16 21:27:13,0
0,2024-06-16 21:29:13,0
0,2024-06-16 21:31:13,0
0,2024-06-16 21:33:13,0
0,2024-06-16 21:35:13,0
0,2024-06-16 21:37:13,0
0,2024-06-16 21:39:13,0
0,2024-06-16 21:41:13,0
0,2024-06-16 21:43:13,0
0,2024-06-16 21:45:13,0
0,2024-06-16 21:47:13,0
0,2024-06-16 21:49:13,0
0,2024-06-16 21:51:13,0
0,2024-06-16 21:53:13,0
0,2024-06-16 21:55:13,0
0,2024-06-16 21:57:13,0
0,2024-06-16 21:59:13,0
0,2024-06-16 22:01:13,0
0,2024-06-16 22:03:13,0
0,2024-06-16 22:05:13,0
0,2024-06-16 22:07:13,0
0,2024-06-16 22:09:13,0
0,2024-06-16 22:11:13,0
0,2024-06-16 22:13:13,0
0,2024-06-16 22:15:13,0
0,2024-06-16 22:17:13,0
0,2024-06-16 22:19:13,0
0,2024-06-16 22:21:13,0
0,2024-06-16 22:23:13,0
0,2024-06-16 22:25:13,0
0,2024-06-16 22:27:13,0
0,2024-06-16 22:29:13,0
0,2024-06-16 22:31:13,0
0,2024-06-16 22:33:13,0
0,2024-06-16 22:35:13,0
0,2024-06-16 22:37:13,0
0,2024-06-16 22:39:13,0
0,2024-06-16 22:41:13,0
0,2024-06-16 22:43:13,0
0,2024-06-16 22:45:13,0
0,2024-06-16 22:47:13,0
0,2024-06-16 22:49:13,0
0,2024-06-16 22:51:13,0
0,2024-06-16 22:53:13,0
0,2024-06-16 22:55:13,0
0,2024-06-16 22:57:13,0
0,2024-06-16 22:59:13,0
0,2024-06-16 23:01:13,0
0,2024-06-16 23:03:13,0
0,2024-06-16 23:05:13,0
0,2024-06-16 23:07:13,0
0,2024-06-16 23:09:13,0
0,2024-06-16 23:11:13,0
0,2024-06-16 23:13:13,0
0,2024-06-16 23:15:13,0
0,2024-06-16 23:17:13,0
0,2024-06-16 23:19:13,0
0,2024-06-16 23:21:13,0
0,2024-06-16 23:23:13,0
0,2024-06-16 23:25:13,0
0,2024-06-16 23:27:13,0
0,2024-06-16 23:29:13,0
0,2024-06-16 23:31:13,0
0,2024-06-16 23:33:13,0
0,2024-06-16 23:35:13,0
0,2024-06-16 23:37:13,0
0,2024-06-16 23:39:13,0
0,2024-06-16 23:41:13,0
0,2024-06-16 23:43:13,0
0,2024-06-16 23:45:13,0
0,2024-06-16 23:47:13,0
0,2024-06-16 23:49:13,0
0,2024-06-16 23:51:13,0
0,2024-06-16 23:53:13,0
0,2024-06-16 23:55:13,0
0,2024-06-16 23:57:13,0
0,2024-06-16 23:59:13,0
0,2024-06-17 00:01:13,0
0,2024-06-17 00:03:13,0
0,2024-06-17 00:05:13,0
0,2024-06-17 00:07:13,0
0,2024-06-17 00:09:13,0
0,2024-06-17 00:11:13,0
0,2024-06-17 00:13:13,0
0,2024-06-17 00:15:13,0
0,2024-06-17 00:17:13,0
0,2024-06-17 00:19:13,0
0,2024-06-17 00:21:13,0
0,2024-06-17 00:23:13,0
0,2024-06-17 00:25:13,0
0,2024-06-17 00:27:13,0
0,2024-06-17 00:29:13,0
3,2024-06-17 00:31:13,3
0,2024-06-17 00:33:13,0
0,2024-06-17 00:35:13,0
0,2024-06-17 00:37:13,0
0,2024-06-17 00:39:13,0
0,2024-06-17 00:41:13,4
0,2024-06-17 00:43:13,0
0,2024-06-17 00:45:13,0
0,2024-06-17 00:47:13,0
0,2024-06-17 00:49:13,0
0,2024-06-17 00:51:13,0
0,2024-06-17 00:53:13,0
0,2024-06-17 00:55:13,0
0,2024-06-17 00:57:13,0
0,2024-06-17 00:59:13,0
0,2024-06-17 01:01:13,4
0,2024-06-17 01:03:13,0
0,2024-06-17 01:05:13,0
0,2024-06-17 01:07:13,0
0,2024-06-17 01:09:13,0
0,2024-06-17 01:11:13,0
0,2024-06-17 01:13:13,0
0,2024-06-17 01:15:13,0
0,2024-06-17 01:17:13,0
0,2024-06-17 01:19:13,0
0,2024-06-17 01:21:13,0
0,2024-06-17 01:23:13,0
0,2024-06-17 01:25:13,0
0,2024-06-17 01:27:13,0
0,2024-06-17 01:29:13,0
0,2024-06-17 01:31:13,0
0,2024-06-17 01:33:13,0
0,2024-06-17 01:35:13,0
0,2024-06-17 01:37:13,0
0,2024-06-17 01:39:13,0
0,2024-06-17 01:41:13,4
0,2024-06-17 01:43:13,0
0,2024-06-17 01:45:13,0
0,2024-06-17 01:47:13,0
0,2024-06-17 01:49:13,0
0,2024-06-17 01:51:13,0
0,2024-06-17 01:53:13,0
0,2024-06-17 01:55:13,0
0,2024-06-17 01:57:13,0
0,2024-06-17 01:59:13,0
0,2024-06-17 02:01:13,0
0,2024-06-17 02:03:13,0
0,2024-06-17 02:05:13,0
0,2024-06-17 02:07:13,0
0,2024-06-17 02:09:13,0
0,2024-06-17 02:11:13,0
0,2024-06-17 02:13:13,0
0,2024-06-17 02:15:13,0
0,2024-06-17 02:17:13,0
0,2024-06-17 02:19:13,0
0,2024-06-17 02:21:13,0
0,2024-06-17 02:23:13,0
0,2024-06-17 02:25:13,2
0,2024-06-17 02:27:13,2
0,2024-06-17 02:29:13,0
0,2024-06-17 02:31:13,0
0,2024-06-17 02:33:13,0
0,2024-06-17 02:35:13,0
0,2024-06-17 02:37:13,0
0,2024-06-17 02:39:13,0
0,2024-06-17 02:41:13,0
0,2024-06-17 02:43:13,0
0,2024-06-17 02:45:13,2
0,2024-06-17 02:47:13,0
0,2024-06-17 02:49:13,0
0,2024-06-17 02:51:13,0
0,2024-06-17 02:53:13,0
0,2024-06-17 02:55:13,0
0,2024-06-17 02:57:13,0
0,2024-06-17 02:59:13,0
0,2024-06-17 03:01:13,1
0,2024-06-17 03:03:13,0
0,2024-06-17 03:05:13,0
0,2024-06-17 03:07:13,0
0,2024-06-17 03:09:13,0
0,2024-06-17 03:11:13,0
0,2024-06-17 03:13:13,0
0,2024-06-17 03:15:13,0
0,2024-06-17 03:17:13,0
0,2024-06-17 03:19:13,0
0,2024-06-17 03:21:13,0
0,2024-06-17 03:23:13,0
0,2024-06-17 03:25:13,0
0,2024-06-17 03:27:13,0
0,2024-06-17 03:29:13,0
0,2024-06-17 03:31:13,0
0,2024-06-17 03:33:13,0
0,2024-06-17 03:35:13,0
0,2024-06-17 03:37:13,0
0,2024-06-17 03:39:13,0
0,2024-06-17 03:41:13,0
0,2024-06-17 03:43:13,0
0,2024-06-17 03:45:13,0
0,2024-06-17 03:47:13,0
0,2024-06-17 03:49:13,0
0,2024-06-17 03:51:13,0
0,2024-06-17 03:53:13,0
0,2024-06-17 03:55:13,0
0,2024-06-17 03:57:13,0
0,2024-06-17 03:59:13,0
0,2024-06-17 04:01:13,0
0,2024-06-17 04:03:13,0
0,2024-06-17 04:05:13,0
0,2024-06-17 04:07:13,0
0,2024-06-17 04:09:13,0
0,2024-06-17 04:11:13,0
0,2024-06-17 04:13:13,0
0,2024-06-17 04:15:13,0
0,2024-06-17 04:17:13,0
0,2024-06-17 04:19:13,0
0,2024-06-17 04:21:13,0
0,2024-06-17 04:23:13,0
0,2024-06-17 04:25:13,0
0,2024-06-17 04:27:13,0
0,2024-06-17 04:29:13,0
0,2024-06-17 04:31:13,0
0,2024-06-17 04:33:13,0
0,2024-06-17 04:35:13,0
0,2024-06-17 04:37:13,0
0,2024-06-17 04:39:13,0
0,2024-06-17 04:41:13,0
0,2024-06-17 04:43:13,0
0,2024-06-17 04:45:13,0
0,2024-06-17 04:47:13,0
0,2024-06-17 04:49:13,0
0,2024-06-17 04:51:13,0
0,2024-06-17 04:53:13,0
0,2024-06-17 04:55:13,0
0,2024-06-17 04:57:13,0
0,2024-06-17 04:59:13,0
0,2024-06-17 05:01:13,1
0,2024-06-17 05:03:13,0
0,2024-06-17 05:05:13,0
0,2024-06-17 05:07:13,0
0,2024-06-17 05:09:13,0
0,2024-06-17 05:11:13,0
0,2024-06-17 05:13:13,0
0,2024-06-17 05:15:13,0
0,2024-06-17 05:17:13,0
0,2024-06-17 05:19:13,0
0,2024-06-17 05:21:13,0
0,2024-06-17 05:23:13,0
0,2024-06-17 05:25:13,0
0,2024-06-17 05:27:13,0
0,2024-06-17 05:29:13,0
0,2024-06-17 05:31:13,0
0,2024-06-17 05:33:13,0
0,2024-06-17 05:35:13,0
0,2024-06-17 05:37:13,0
0,2024-06-17 05:39:13,0
0,2024-06-17 05:41:13,0
0,2024-06-17 05:43:13,0
0,2024-06-17 05:45:13,0
0,2024-06-17 05:47:13,0
0,2024-06-17 05:49:13,0
0,2024-06-17 05:51:13,0
0,2024-06-17 05:53:13,0
0,2024-06-17 05:55:13,0
0,2024-06-17 05:57:13,0
0,2024-06-17 05:59:13,0
0,2024-06-17 06:01:13,0
0,2024-06-17 06:03:13,0
0,2024-06-17 06:05:13,0
0,2024-06-17 06:07:13,0
0,2024-06-17 06:09:13,0
0,2024-06-17 06:11:13,0
0,2024-06-17 06:13:13,0
0,2024-06-17 06:15:13,0
0,2024-06-17 06:17:13,0
0,2024-06-17 06:19:13,0
0,2024-06-17 06:21:13,0
0,2024-06-17 06:23:13,0
0,2024-06-17 06:25:13,0
0,2024-06-17 06:27:13,0
0,2024-06-17 06:29:13,0
0,2024-06-17 06:31:13,0
0,2024-06-17 06:33:13,0
0,2024-06-17 06:35:13,0
0,2024-06-17 06:37:13,0
0,2024-06-17 06:39:13,0
0,2024-06-17 06:41:13,0
0,2024-06-17 06:43:13,0
0,2024-06-17 06:45:13,0
0,2024-06-17 06:47:13,0
0,2024-06-17 06:49:13,0
0,2024-06-17 06:51:13,0
0,2024-06-17 06:53:13,0
0,2024-06-17 06:55:13,0
0,2024-06-17 06:57:13,0
0,2024-06-17 06:59:13,0
0,2024-06-17 07:01:13,0
0,2024-06-17 07:03:13,0
0,2024-06-17 07:05:13,0
0,2024-06-17 07:07:13,0
0,2024-06-17 07:09:13,0
0,2024-06-17 07:11:13,0
0,2024-06-17 07:13:13,0
0,2024-06-17 07:15:13,0
0,2024-06-17 07:17:13,0
0,2024-06-17 07:19:13,0
0,2024-06-17 07:21:13,0
0,2024-06-17 07:23:13,0
0,2024-06-17 07:25:13,0
0,2024-06-17 07:27:13,0
0,2024-06-17 07:29:13,0
0,2024-06-17 07:31:13,0
0,2024-06-17 07:33:13,0
0,2024-06-17 07:35:13,0
0,2024-06-17 07:37:13,0
0,2024-06-17 07:39:13,0
0,2024-06-17 07:41:13,0
0,2024-06-17 07:43:13,0
0,2024-06-17 07:45:13,0
0,2024-06-17 07:47:13,0
0,2024-06-17 07:49:13,0
0,2024-06-17 07:51:13,0
0,2024-06-17 07:53:13,0
0,2024-06-17 07:55:13,0
0,2024-06-17 07:57:13,0
0,2024-06-17 07:59:13,0
0,2024-06-17 08:01:13,0
0,2024-06-17 08:03:13,0
0,2024-06-17 08:05:13,0
0,2024-06-17 08:07:13,0
0,2024-06-17 08:09:13,0
0,2024-06-17 08:11:13,0
0,2024-06-17 08:13:13,0
0,2024-06-17 08:15:13,0
0,2024-06-17 08:17:13,0
0,2024-06-17 08:19:13,0
0,2024-06-17 08:21:13,0
0,2024-06-17 08:23:13,0
0,2024-06-17 08:25:13,0
0,2024-06-17 08:27:13,0
0,2024-06-17 08:29:13,0
0,2024-06-17 08:31:13,0
0,2024-06-17 08:33:13,0
0,2024-06-17 08:35:13,0
0,2024-06-17 08:37:13,0
0,2024-06-17 08:39:13,0
0,2024-06-17 08:41:13,2
0,2024-06-17 08:43:13,0
0,2024-06-17 08:45:13,0
0,2024-06-17 08:47:13,0
0,2024-06-17 08:49:13,0
0,2024-06-17 08:51:13,0
0,2024-06-17 08:53:13,0
0,2024-06-17 08:55:13,0
0,2024-06-17 08:57:13,0
0,2024-06-17 08:59:13,0
0,2024-06-17 09:01:13,4
0,2024-06-17 09:03:13,0
0,2024-06-17 09:05:13,0
0,2024-06-17 09:07:13,0
0,2024-06-17 09:09:13,0
0,2024-06-17 09:11:13,0
0,2024-06-17 09:13:13,0
0,2024-06-17 09:15:13,0
0,2024-06-17 09:17:13,0
0,2024-06-17 09:19:13,0
0,2024-06-17 09:21:13,0
0,2024-06-17 09:23:13,0
0,2024-06-17 09:25:13,0
0,2024-06-17 09:27:13,0
0,2024-06-17 09:29:13,0
0,2024-06-17 09:31:13,0
0,2024-06-17 09:33:13,0
0,2024-06-17 09:35:13,0
0,2024-06-17 09:37:13,0
0,2024-06-17 09:39:13,0
0,2024-06-17 09:41:13,0
0,2024-06-17 09:43:13,2
0,2024-06-17 09:45:13,0
0,2024-06-17 09:47:13,0
0,2024-06-17 09:49:13,0
0,2024-06-17 09:51:13,0
0,2024-06-17 09:53:13,0
0,2024-06-17 09:55:13,0
0,2024-06-17 09:57:13,0
0,2024-06-17 09:59:13,0
0,2024-06-17 10:01:13,0
0,2024-06-17 10:03:13,0
0,2024-06-17 10:05:13,0
0,2024-06-17 10:07:13,0
0,2024-06-17 10:09:13,0
0,2024-06-17 10:11:13,0
0,2024-06-17 10:13:13,0
0,2024-06-17 10:15:13,0
0,2024-06-17 10:17:13,0
0,2024-06-17 10:19:13,0
0,2024-06-17 10:21:13,0
0,2024-06-17 10:23:13,0
0,2024-06-17 10:25:13,0
0,2024-06-17 10:27:13,4
0,2024-06-17 10:29:13,0
0,2024-06-17 10:31:13,0
0,2024-06-17 10:33:13,0
0,2024-06-17 10:35:13,0
0,2024-06-17 10:37:13,0
0,2024-06-17 10:39:13,0
0,2024-06-17 10:41:13,9
0,2024-06-17 10:43:13,0
0,2024-06-17 10:45:13,0
0,2024-06-17 10:47:13,0
0,2024-06-17 10:49:13,0
0,2024-06-17 10:51:13,0
0,2024-06-17 10:53:13,0
0,2024-06-17 10:55:13,0
0,2024-06-17 10:57:13,0
0,2024-06-17 10:59:13,0
0,2024-06-17 11:01:13,0
0,2024-06-17 11:03:13,0
0,2024-06-17 11:05:13,0
0,2024-06-17 11:07:13,0
0,2024-06-17 11:09:13,0
0,2024-06-17 11:11:13,0
0,2024-06-17 11:13:13,0
0,2024-06-17 11:15:13,0
0,2024-06-17 11:17:13,0
0,2024-06-17 11:19:13,0
0,2024-06-17 11:21:13,0
0,2024-06-17 11:23:13,0
0,2024-06-17 11:25:13,0
0,2024-06-17 11:27:13,0
0,2024-06-17 11:29:13,0
0,2024-06-17 11:31:13,0
0,2024-06-17 11:33:13,0
0,2024-06-17 11:35:13,0
0,2024-06-17 11:37:13,0
0,2024-06-17 11:39:13,0
0,2024-06-17 11:41:13,0
0,2024-06-17 11:43:13,2
0,2024-06-17 11:45:13,0
0,2024-06-17 11:47:13,0
0,2024-06-17 11:49:13,0
0,2024-06-17 11:51:13,0
0,2024-06-17 11:53:13,0
0,2024-06-17 11:55:13,0
0,2024-06-17 11:57:13,0
0,2024-06-17 11:59:13,0
0,2024-06-17 12:01:13,0
0,2024-06-17 12:03:13,0
0,2024-06-17 12:05:13,0
0,2024-06-17 12:07:13,0
0,2024-06-17 12:09:13,0
0,2024-06-17 12:11:13,0
0,2024-06-17 12:13:13,0
0,2024-06-17 12:15:13,0
0,2024-06-17 12:17:13,0
0,2024-06-17 12:19:13,0
0,2024-06-17 12:21:13,0
0,2024-06-17 12:23:13,0
0,2024-06-17 12:25:13,0
0,2024-06-17 12:27:13,0
0,2024-06-17 12:29:13,0
0,2024-06-17 12:31:13,0
0,2024-06-17 12:33:13,0
0,2024-06-17 12:35:13,0
0,2024-06-17 12:37:13,0
0,2024-06-17 12:39:13,0
0,2024-06-17 12:41:13,0
0,2024-06-17 12:43:13,0
0,2024-06-17 12:45:13,0
0,2024-06-17 12:47:13,0
0,2024-06-17 12:49:13,0
0,2024-06-17 12:51:13,0
0,2024-06-17 12:53:13,0
0,2024-06-17 12:55:13,0
0,2024-06-17 12:57:13,0
0,2024-06-17 12:59:13,0
0,2024-06-17 13:01:13,0
0,2024-06-17 13:03:13,0
0,2024-06-17 13:05:13,0
0,2024-06-17 13:07:13,0
0,2024-06-17 13:09:13,0
0,2024-06-17 13:11:13,0
0,2024-06-17 13:13:13,0
0,2024-06-17 13:15:13,0
0,2024-06-17 13:17:13,0
0,2024-06-17 13:19:13,0
0,2024-06-17 13:21:13,0
0,2024-06-17 13:23:13,0
0,2024-06-17 13:25:13,0
0,2024-06-17 13:27:13,0
0,2024-06-17 13:29:13,0
0,2024-06-17 13:31:13,0
0,2024-06-17 13:33:13,0
0,2024-06-17 13:35:13,0
0,2024-06-17 13:37:13,0
0,2024-06-17 13:39:13,0
0,2024-06-17 13:41:13,0
0,2024-06-17 13:43:13,0
0,2024-06-17 13:45:13,0
0,2024-06-17 13:47:13,0
0,2024-06-17 13:49:13,0
0,2024-06-17 13:51:13,0
0,2024-06-17 13:53:13,0
0,2024-06-17 13:55:13,0
0,2024-06-17 13:57:13,0
0,2024-06-17 13:59:13,0
0,2024-06-17 14:01:13,2
0,2024-06-17 14:03:13,0
0,2024-06-17 14:05:13,0
0,2024-06-17 14:07:13,0
0,2024-06-17 14:09:13,0
0,2024-06-17 14:11:13,0
0,2024-06-17 14:13:13,0
0,2024-06-17 14:15:13,0
0,2024-06-17 14:17:13,0
0,2024-06-17 14:19:13,0
0,2024-06-17 14:21:13,0
0,2024-06-17 14:23:13,0
0,2024-06-17 14:25:13,0
0,2024-06-17 14:27:13,0
0,2024-06-17 14:29:13,0
0,2024-06-17 14:31:13,0
0,2024-06-17 14:33:13,0
0,2024-06-17 14:35:13,0
0,2024-06-17 14:37:13,0
0,2024-06-17 14:39:13,0
0,2024-06-17 14:41:13,0
0,2024-06-17 14:43:13,0
0,2024-06-17 14:45:13,0
0,2024-06-17 14:47:13,0
0,2024-06-17 14:49:13,0
0,2024-06-17 14:51:13,0
0,2024-06-17 14:53:13,0
0,2024-06-17 14:55:13,0
0,2024-06-17 14:57:13,0
0,2024-06-17 14:59:13,0
0,2024-06-17 15:01:13,0
0,2024-06-17 15:03:13,0
0,2024-06-17 15:05:13,0
0,2024-06-17 15:07:13,0
0,2024-06-17 15:09:13,0
0,2024-06-17 15:11:13,0
0,2024-06-17 15:13:13,0
0,2024-06-17 15:15:13,0
0,2024-06-17 15:17:13,0
0,2024-06-17 15:19:13,0
0,2024-06-17 15:21:13,0
0,2024-06-17 15:23:13,0
0,2024-06-17 15:25:13,2
0,2024-06-17 15:27:13,0
0,2024-06-17 15:29:13,0
0,2024-06-17 15:31:13,0
0,2024-06-17 15:33:13,0
0,2024-06-17 15:35:13,0
0,2024-06-17 15:37:13,0
0,2024-06-17 15:39:13,0
0,2024-06-17 15:41:13,9
0,2024-06-17 15:43:13,0
0,2024-06-17 15:45:13,0
0,2024-06-17 15:47:13,0
0,2024-06-17 15:49:13,0
0,2024-06-17 15:51:13,0
0,2024-06-17 15:53:13,0
0,2024-06-17 15:55:13,0
0,2024-06-17 15:57:13,0
0,2024-06-17 15:59:13,0
0,2024-06-17 16:01:13,0
0,2024-06-17 16:03:13,0
0,2024-06-17 16:05:13,0
0,2024-06-17 16:07:13,0
0,2024-06-17 16:09:13,0
0,2024-06-17 16:11:13,0
0,2024-06-17 16:13:13,0
0,2024-06-17 16:15:13,0
0,2024-06-17 16:17:13,0
0,2024-06-17 16:19:13,0
0,2024-06-17 16:21:13,0
0,2024-06-17 16:23:13,0
0,2024-06-17 16:25:13,0
0,2024-06-17 16:27:13,0
0,2024-06-17 16:29:13,0
0,2024-06-17 16:31:13,0
0,2024-06-17 16:33:13,0
0,2024-06-17 16:35:13,0
0,2024-06-17 16:37:13,0
0,2024-06-17 16:39:13,0
0,2024-06-17 16:41:13,4
0,2024-06-17 16:43:13,0
0,2024-06-17 16:45:13,0
0,2024-06-17 16:47:13,0
0,2024-06-17 16:49:13,0
0,2024-06-17 16:51:13,0
0,2024-06-17 16:53:13,0
0,2024-06-17 16:55:13,0
0,2024-06-17 16:57:13,0
0,2024-06-17 16:59:13,0
0,2024-06-17 17:01:13,0
0,2024-06-17 17:03:13,0
0,2024-06-17 17:05:13,0
0,2024-06-17 17:07:13,0
0,2024-06-17 17:09:13,0
0,2024-06-17 17:11:13,0
0,2024-06-17 17:13:13,0
0,2024-06-17 17:15:13,0
0,2024-06-17 17:17:13,0
0,2024-06-17 17:19:13,0
0,2024-06-17 17:21:13,0
0,2024-06-17 17:23:13,0
0,2024-06-17 17:25:13,0
0,2024-06-17 17:27:13,0
0,2024-06-17 17:29:13,0
0,2024-06-17 17:31:13,0
0,2024-06-17 17:33:13,0
0,2024-06-17 17:35:13,0
0,2024-06-17 17:37:13,0
0,2024-06-17 17:39:13,0
0,2024-06-17 17:41:13,0
0,2024-06-17 17:43:13,0
0,2024-06-17 17:45:13,1
0,2024-06-17 17:47:13,0
0,2024-06-17 17:49:13,0
0,2024-06-17 17:51:13,0
0,2024-06-17 17:53:13,0
0,2024-06-17 17:55:13,0
0,2024-06-17 17:57:13,0
0,2024-06-17 17:59:13,0
0,2024-06-17 18:01:13,0
0,2024-06-17 18:03:13,0
0,2024-06-17 18:05:13,0
0,2024-06-17 18:07:13,0
0,2024-06-17 18:09:13,0
0,2024-06-17 18:11:13,0
0,2024-06-17 18:13:13,0
0,2024-06-17 18:15:13,0
0,2024-06-17 18:17:13,0
0,2024-06-17 18:19:13,0
0,2024-06-17 18:21:13,0
0,2024-06-17 18:23:13,0
0,2024-06-17 18:25:13,0
0,2024-06-17 18:27:13,0
0,2024-06-17 18:29:13,0
0,2024-06-17 18:31:13,0
0,2024-06-17 18:33:13,0
0,2024-06-17 18:35:13,0
0,2024-06-17 18:37:13,0
0,2024-06-17 18:39:13,0
0,2024-06-17 18:41:13,0
0,2024-06-17 18:43:13,0
0,2024-06-17 18:45:13,0
0,2024-06-17 18:47:13,0
0,2024-06-17 18:49:13,0
0,2024-06-17 18:51:13,0
0,2024-06-17 18:53:13,0
0,2024-06-17 18:55:13,0
0,2024-06-17 18:57:13,0
0,2024-06-17 18:59:13,0
0,2024-06-17 19:01:13,0
0,2024-06-17 19:03:13,0
0,2024-06-17 19:05:13,0
0,2024-06-17 19:07:13,0
0,2024-06-17 19:09:13,0
0,2024-06-17 19:11:13,0
0,2024-06-17 19:13:13,0
0,2024-06-17 19:15:13,0
0,2024-06-17 19:17:13,0
0,2024-06-17 19:19:13,0
0,2024-06-17 19:21:13,0
0,2024-06-17 19:23:13,0
0,2024-06-17 19:25:13,0
0,2024-06-17 19:27:13,0
0,2024-06-17 19:29:13,0
0,2024-06-17 19:31:13,0
0,2024-06-17 19:33:13,0
0,2024-06-17 19:35:13,0
0,2024-06-17 19:37:13,0
0,2024-06-17 19:39:13,0
0,2024-06-17 19:41:13,0
0,2024-06-17 19:43:13,0
0,2024-06-17 19:45:13,0
0,2024-06-17 19:47:13,0
0,2024-06-17 19:49:13,0
0,2024-06-17 19:51:13,0
0,2024-06-17 19:53:13,0
0,2024-06-17 19:55:13,0
0,2024-06-17 19:57:13,0
0,2024-06-17 19:59:13,0
0,2024-06-17 20:01:13,0
0,2024-06-17 20:03:13,0
0,2024-06-17 20:05:13,0
0,2024-06-17 20:07:13,0
0,2024-06-17 20:09:13,0
0,2024-06-17 20:11:13,0
0,2024-06-17 20:13:13,0
0,2024-06-17 20:15:13,0
0,2024-06-17 20:17:13,0
0,2024-06-17 20:19:13,0
0,2024-06-17 20:21:13,0
0,2024-06-17 20:23:13,0
0,2024-06-17 20:25:13,0
0,2024-06-17 20:27:13,0
0,2024-06-17 20:29:13,0
0,2024-06-17 20:31:13,0
0,2024-06-17 20:33:13,0
0,2024-06-17 20:35:13,0
0,2024-06-17 20:37:13,0
0,2024-06-17 20:39:13,0
0,2024-06-17 20:41:13,0
0,2024-06-17 20:43:13,0
0,2024-06-17 20:45:13,0
0,2024-06-17 20:47:13,0
0,2024-06-17 20:49:13,0
0,2024-06-17 20:51:13,0
0,2024-06-17 20:53:13,0
0,2024-06-17 20:55:13,0
0,2024-06-17 20:57:13,0
0,2024-06-17 20:59:13,0
0,2024-06-17 21:01:13,0
0,2024-06-17 21:03:13,0
0,2024-06-17 21:05:13,0
0,2024-06-17 21:07:13,0
0,2024-06-17 21:09:13,0
0,2024-06-17 21:11:13,0
0,2024-06-17 21:13:13,0
0,2024-06-17 21:15:13,0
0,2024-06-17 21:17:13,0
0,2024-06-17 21:19:13,0
0,2024-06-17 21:21:13,0
0,2024-06-17 21:23:13,0
0,2024-06-17 21:25:13,0
0,2024-06-17 21:27:13,0
0,2024-06-17 21:29:13,0
0,2024-06-17 21:31:13,0
0,2024-06-17 21:33:13,0
0,2024-06-17 21:35:13,0
0,2024-06-17 21:37:13,0
0,2024-06-17 21:39:13,0
0,2024-06-17 21:41:13,0
0,2024-06-17 21:43:13,0
0,2024-06-17 21:45:13,0
0,2024-06-17 21:47:13,0
0,2024-06-17 21:49:13,0
0,2024-06-17 21:51:13,0
0,2024-06-17 21:53:13,0
0,2024-06-17 21:55:13,0
0,2024-06-17 21:57:13,0
0,2024-06-17 21:59:13,0
0,2024-06-17 22:01:13,0
0,2024-06-17 22:03:13,0
0,2024-06-17 22:05:13,0
0,2024-06-17 22:07:13,0
0,2024-06-17 22:09:13,0
0,2024-06-17 22:11:13,0
0,2024-06-17 22:13:13,0
0,2024-06-17 22:15:13,0
0,2024-06-17 22:17:13,0
0,2024-06-17 22:19:13,0
0,2024-06-17 22:21:13,0
0,2024-06-17 22:23:13,0
0,2024-06-17 22:25:13,0
0,2024-06-17 22:27:13,0
0,2024-06-17 22:29:13,0
0,2024-06-17 22:31:13,0
0,2024-06-17 22:33:13,0
0,2024-06-17 22:35:13,0
0,2024-06-17 22:37:13,0
0,2024-06-17 22:39:13,0
0,2024-06-17 22:41:13,0
0,2024-06-17 22:43:13,0
0,2024-06-17 22:45:13,0
0,2024-06-17 22:47:13,0
0,2024-06-17 22:49:13,0
0,2024-06-17 22:51:13,0
0,2024-06-17 22:53:13,0
0,2024-06-17 22:55:13,0
0,2024-06-17 22:57:13,0
0,2024-06-17 22:59:13,0
0,2024-06-17 23:01:13,0
0,2024-06-17 23:03:13,0
0,2024-06-17 23:05:13,0
0,2024-06-17 23:07:13,0
0,2024-06-17 23:09:13,0
0,2024-06-17 23:11:13,0
0,2024-06-17 23:13:13,0
0,2024-06-17 23:15:13,0
0,2024-06-17 23:17:13,0
0,2024-06-17 23:19:13,0
0,2024-06-17 23:21:13,0
0,2024-06-17 23:23:13,0
0,2024-06-17 23:25:13,0
0,2024-06-17 23:27:13,0
0,2024-06-17 23:29:13,0
0,2024-06-17 23:31:13,0
0,2024-06-17 23:33:13,0
0,2024-06-17 23:35:13,0
0,2024-06-17 23:37:13,0
0,2024-06-17 23:39:13,0
0,2024-06-17 23:41:13,0
0,2024-06-17 23:43:13,0
0,2024-06-17 23:45:13,0
0,2024-06-17 23:47:13,0
0,2024-06-17 23:49:13,0
0,2024-06-17 23:51:13,0
0,2024-06-17 23:53:13,0
0,2024-06-17 23:55:13,0
0,2024-06-17 23:57:13,0
0,2024-06-17 23:59:13,0
0,2024-06-18 00:01:13,0
0,2024-06-18 00:03:13,0
0,2024-06-18 00:05:13,0
0,2024-06-18 00:07:13,0
0,2024-06-18 00:09:13,0
0,2024-06-18 00:11:13,0
0,2024-06-18 00:13:13,0
0,2024-06-18 00:15:13,0
0,2024-06-18 00:17:13,0
0,2024-06-18 00:19:13,0
0,2024-06-18 00:21:13,0
0,2024-06-18 00:23:13,0
0,2024-06-18 00:25:13,0
0,2024-06-18 00:27:13,0
0,2024-06-18 00:29:13,0
3,2024-06-18 00:31:13,3
0,2024-06-18 00:33:13,0
0,2024-06-18 00:35:13,0
0,2024-06-18 00:37:13,0
0,2024-06-18 00:39:13,0
0,2024-06-18 00:41:13,2
0,2024-06-18 00:43:13,0
0,2024-06-18 00:45:13,0
0,2024-06-18 00:47:13,0
0,2024-06-18 00:49:13,0
0,2024-06-18 00:51:13,0
0,2024-06-18 00:53:13,0
0,2024-06-18 00:55:13,0
0,2024-06-18 00:57:13,0
0,2024-06-18 00:59:13,0
0,2024-06-18 01:01:13,7
0,2024-06-18 01:03:13,0
0,2024-06-18 01:05:13,0
0,2024-06-18 01:07:13,0
0,2024-06-18 01:09:13,0
0,2024-06-18 01:11:13,0
0,2024-06-18 01:13:13,0
0,2024-06-18 01:15:13,0
0,2024-06-18 01:17:13,0
0,2024-06-18 01:19:13,0
0,2024-06-18 01:21:13,0
0,2024-06-18 01:23:13,0
0,2024-06-18 01:25:13,0
0,2024-06-18 01:27:13,0
0,2024-06-18 01:29:13,0
0,2024-06-18 01:31:13,0
0,2024-06-18 01:33:13,0
0,2024-06-18 01:35:13,0
0,2024-06-18 01:37:13,0
0,2024-06-18 01:39:13,0
0,2024-06-18 01:41:13,11
0,2024-06-18 01:43:13,0
0,2024-06-18 01:45:13,0
0,2024-06-18 01:47:13,0
0,2024-06-18 01:49:13,0
0,2024-06-18 01:51:13,0
0,2024-06-18 01:53:13,0
0,2024-06-18 01:55:13,0
0,2024-06-18 01:57:13,0
0,2024-06-18 01:59:13,0
0,2024-06-18 02:01:13,0
0,2024-06-18 02:03:13,0
0,2024-06-18 02:05:13,0
0,2024-06-18 02:07:13,0
0,2024-06-18 02:09:13,0
0,2024-06-18 02:11:13,0
0,2024-06-18 02:13:13,0
0,2024-06-18 02:15:13,0
0,2024-06-18 02:17:13,0
0,2024-06-18 02:19:13,0
0,2024-06-18 02:21:13,0
0,2024-06-18 02:23:13,0
0,2024-06-18 02:25:13,2
0,2024-06-18 02:27:13,0
0,2024-06-18 02:29:13,0
0,2024-06-18 02:31:13,0
0,2024-06-18 02:33:13,0
0,2024-06-18 02:35:13,0
0,2024-06-18 02:37:13,0
0,2024-06-18 02:39:13,0
0,2024-06-18 02:41:13,0
0,2024-06-18 02:43:13,0
0,2024-06-18 02:45:13,2
0,2024-06-18 02:47:13,0
0,2024-06-18 02:49:13,0
0,2024-06-18 02:51:13,0
0,2024-06-18 02:53:13,0
0,2024-06-18 02:55:13,0
0,2024-06-18 02:57:13,0
0,2024-06-18 02:59:13,0
0,2024-06-18 03:01:13,1
0,2024-06-18 03:03:13,0
0,2024-06-18 03:05:13,0
0,2024-06-18 03:07:13,0
0,2024-06-18 03:09:13,0
0,2024-06-18 03:11:13,0
0,2024-06-18 03:13:13,0
0,2024-06-18 03:15:13,0
0,2024-06-18 03:17:13,0
0,2024-06-18 03:19:13,0
0,2024-06-18 03:21:13,0
0,2024-06-18 03:23:13,0
0,2024-06-18 03:25:13,0
0,2024-06-18 03:27:13,0
0,2024-06-18 03:29:13,0
0,2024-06-18 03:31:13,0
0,2024-06-18 03:33:13,0
0,2024-06-18 03:35:13,0
0,2024-06-18 03:37:13,0
0,2024-06-18 03:39:13,0
0,2024-06-18 03:41:13,0
0,2024-06-18 03:43:13,0
0,2024-06-18 03:45:13,0
0,2024-06-18 03:47:13,0
0,2024-06-18 03:49:13,0
0,2024-06-18 03:51:13,0
0,2024-06-18 03:53:13,0
0,2024-06-18 03:55:13,0
0,2024-06-18 03:57:13,0
0,2024-06-18 03:59:13,0
0,2024-06-18 04:01:13,0
0,2024-06-18 04:03:13,0
0,2024-06-18 04:05:13,0
0,2024-06-18 04:07:13,0
0,2024-06-18 04:09:13,0
0,2024-06-18 04:11:13,0
0,2024-06-18 04:13:13,0
0,2024-06-18 04:15:13,0
0,2024-06-18 04:17:13,0
0,2024-06-18 04:19:13,0
0,2024-06-18 04:21:13,0
0,2024-06-18 04:23:13,0
0,2024-06-18 04:25:13,0
0,2024-06-18 04:27:13,0
0,2024-06-18 04:29:13,0
0,2024-06-18 04:31:13,0
0,2024-06-18 04:33:13,0
0,2024-06-18 04:35:13,0
0,2024-06-18 04:37:13,0
0,2024-06-18 04:39:13,0
0,2024-06-18 04:41:13,0
0,2024-06-18 04:43:13,0
0,2024-06-18 04:45:13,0
0,2024-06-18 04:47:13,0
0,2024-06-18 04:49:13,0
0,2024-06-18 04:51:13,0
0,2024-06-18 04:53:13,0
0,2024-06-18 04:55:13,0
0,2024-06-18 04:57:13,0
0,2024-06-18 04:59:13,0
0,2024-06-18 05:01:13,1
0,2024-06-18 05:03:13,0
0,2024-06-18 05:05:13,0
0,2024-06-18 05:07:13,0
0,2024-06-18 05:09:13,0
0,2024-06-18 05:11:13,0
0,2024-06-18 05:13:13,0
0,2024-06-18 05:15:13,0
0,2024-06-18 05:17:13,0
0,2024-06-18 05:19:13,0
0,2024-06-18 05:21:13,0
0,2024-06-18 05:23:13,0
0,2024-06-18 05:25:13,0
0,2024-06-18 05:27:13,0
0,2024-06-18 05:29:13,0
0,2024-06-18 05:31:13,0
0,2024-06-18 05:33:13,0
0,2024-06-18 05:35:13,0
0,2024-06-18 05:37:13,0
0,2024-06-18 05:39:13,0
0,2024-06-18 05:41:13,0
0,2024-06-18 05:43:13,0
0,2024-06-18 05:45:13,0
0,2024-06-18 05:47:13,0
0,2024-06-18 05:49:13,0
0,2024-06-18 05:51:13,0
0,2024-06-18 05:53:13,0
0,2024-06-18 05:55:13,0
0,2024-06-18 05:57:13,0
0,2024-06-18 05:59:13,0
0,2024-06-18 06:01:13,0
0,2024-06-18 06:03:13,0
0,2024-06-18 06:05:13,0
0,2024-06-18 06:07:13,0
0,2024-06-18 06:09:13,0
0,2024-06-18 06:11:13,0
0,2024-06-18 06:13:13,0
0,2024-06-18 06:15:13,0
0,2024-06-18 06:17:13,0
0,2024-06-18 06:19:13,0
0,2024-06-18 06:21:13,0
0,2024-06-18 06:23:13,0
0,2024-06-18 06:25:13,0
0,2024-06-18 06:27:13,0
0,2024-06-18 06:29:13,0
0,2024-06-18 06:31:13,0
0,2024-06-18 06:33:13,0
0,2024-06-18 06:35:13,0
0,2024-06-18 06:37:13,0
0,2024-06-18 06:39:13,0
0,2024-06-18 06:41:13,0
0,2024-06-18 06:43:13,0
0,2024-06-18 06:45:13,0
0,2024-06-18 06:47:13,0
0,2024-06-18 06:49:13,0
0,2024-06-18 06:51:13,0
0,2024-06-18 06:53:13,0
0,2024-06-18 06:55:13,0
0,2024-06-18 06:57:13,0
0,2024-06-18 06:59:13,0
0,2024-06-18 07:01:13,0
0,2024-06-18 07:03:13,0
0,2024-06-18 07:05:13,0
0,2024-06-18 07:07:13,0
0,2024-06-18 07:09:13,0
0,2024-06-18 07:11:13,0
0,2024-06-18 07:13:13,0
0,2024-06-18 07:15:13,0
0,2024-06-18 07:17:13,0
0,2024-06-18 07:19:13,0
0,2024-06-18 07:21:13,0
0,2024-06-18 07:23:13,0
0,2024-06-18 07:25:13,0
0,2024-06-18 07:27:13,0
0,2024-06-18 07:29:13,0
0,2024-06-18 07:31:13,0
0,2024-06-18 07:33:13,0
0,2024-06-18 07:35:13,0
0,2024-06-18 07:37:13,0
0,2024-06-18 07:39:13,0
0,2024-06-18 07:41:13,0
0,2024-06-18 07:43:13,0
0,2024-06-18 07:45:13,0
0,2024-06-18 07:47:13,0
0,2024-06-18 07:49:13,0
0,2024-06-18 07:51:13,0
0,2024-06-18 07:53:13,0
0,2024-06-18 07:55:13,0
0,2024-06-18 07:57:13,0
0,2024-06-18 07:59:13,0
0,2024-06-18 08:01:13,0
0,2024-06-18 08:03:13,0
0,2024-06-18 08:05:13,0
0,2024-06-18 08:07:13,0
0,2024-06-18 08:09:13,0
0,2024-06-18 08:11:13,0
0,2024-06-18 08:13:13,0
0,2024-06-18 08:15:13,0
0,2024-06-18 08:17:13,0
0,2024-06-18 08:19:13,0
0,2024-06-18 08:21:13,0
0,2024-06-18 08:23:13,0
0,2024-06-18 08:25:13,0
0,2024-06-18 08:27:13,0
0,2024-06-18 08:29:13,0
0,2024-06-18 08:31:13,0
0,2024-06-18 08:33:13,0
0,2024-06-18 08:35:13,0
0,2024-06-18 08:37:13,0
0,2024-06-18 08:39:13,0
0,2024-06-18 08:41:13,2
0,2024-06-18 08:43:13,0
0,2024-06-18 08:45:13,0
0,2024-06-18 08:47:13,0
0,2024-06-18 08:49:13,0
0,2024-06-18 08:51:13,0
0,2024-06-18 08:53:13,0
0,2024-06-18 08:55:13,0
0,2024-06-18 08:57:13,0
0,2024-06-18 08:59:13,0
0,2024-06-18 09:01:13,2
0,2024-06-18 09:03:13,0
0,2024-06-18 09:05:13,0
0,2024-06-18 09:07:13,0
0,2024-06-18 09:09:13,0
0,2024-06-18 09:11:13,0
0,2024-06-18 09:13:13,0
0,2024-06-18 09:15:13,0
0,2024-06-18 09:17:13,0
0,2024-06-18 09:19:13,0
0,2024-06-18 09:21:13,0
0,2024-06-18 09:23:13,0
0,2024-06-18 09:25:13,0
0,2024-06-18 09:27:13,0
0,2024-06-18 09:29:13,0
0,2024-06-18 09:31:13,0
0,2024-06-18 09:33:13,0
0,2024-06-18 09:35:13,0
0,2024-06-18 09:37:13,0
0,2024-06-18 09:39:13,0
0,2024-06-18 09:41:13,2
0,2024-06-18 09:43:13,0
0,2024-06-18 09:45:13,0
0,2024-06-18 09:47:13,0
0,2024-06-18 09:49:13,0
0,2024-06-18 09:51:13,0
0,2024-06-18 09:53:13,0
0,2024-06-18 09:55:13,0
0,2024-06-18 09:57:13,0
0,2024-06-18 09:59:13,0
0,2024-06-18 10:01:13,0
0,2024-06-18 10:03:13,0
0,2024-06-18 10:05:13,0
0,2024-06-18 10:07:13,0
0,2024-06-18 10:09:13,0
0,2024-06-18 10:11:13,0
0,2024-06-18 10:13:13,0
0,2024-06-18 10:15:13,0
0,2024-06-18 10:17:13,0
0,2024-06-18 10:19:13,0
0,2024-06-18 10:21:13,0
0,2024-06-18 10:23:13,0
0,2024-06-18 10:25:13,4
0,2024-06-18 10:27:13,0
0,2024-06-18 10:29:13,0
0,2024-06-18 10:31:13,0
0,2024-06-18 10:33:13,0
0,2024-06-18 10:35:13,0
0,2024-06-18 10:37:13,0
0,2024-06-18 10:39:13,0
0,2024-06-18 10:41:13,2
0,2024-06-18 10:43:13,0
0,2024-06-18 10:45:13,0
0,2024-06-18 10:47:13,0
0,2024-06-18 10:49:13,0
0,2024-06-18 10:51:13,0
0,2024-06-18 10:53:13,0
0,2024-06-18 10:55:13,0
0,2024-06-18 10:57:13,0
0,2024-06-18 10:59:13,0
0,2024-06-18 11:01:13,0
0,2024-06-18 11:03:13,0
0,2024-06-18 11:05:13,0
0,2024-06-18 11:07:13,0
0,2024-06-18 11:09:13,0
0,2024-06-18 11:11:13,0
0,2024-06-18 11:13:13,0
0,2024-06-18 11:15:13,0
0,2024-06-18 11:17:13,0
0,2024-06-18 11:19:13,0
0,2024-06-18 11:21:13,0
0,2024-06-18 11:23:13,0
0,2024-06-18 11:25:13,0
0,2024-06-18 11:27:13,0
0,2024-06-18 11:29:13,0
0,2024-06-18 11:31:13,0
0,2024-06-18 11:33:13,0
0,2024-06-18 11:35:13,0
0,2024-06-18 11:37:13,0
0,2024-06-18 11:39:13,0
0,2024-06-18 11:41:13,0
0,2024-06-18 11:43:13,2
0,2024-06-18 11:45:13,0
0,2024-06-18 11:47:13,0
0,2024-06-18 11:49:13,0
0,2024-06-18 11:51:13,0
0,2024-06-18 11:53:13,0
0,2024-06-18 11:55:13,0
0,2024-06-18 11:57:13,0
0,2024-06-18 11:59:13,0
0,2024-06-18 12:01:13,0
0,2024-06-18 12:03:13,0
0,2024-06-18 12:05:13,0
0,2024-06-18 12:07:13,0
0,2024-06-18 12:09:13,0
0,2024-06-18 12:11:13,0
0,2024-06-18 12:13:13,0
0,2024-06-18 12:15:13,0
0,2024-06-18 12:17:13,0
0,2024-06-18 12:19:13,0
0,2024-06-18 12:21:13,0
0,2024-06-18 12:23:13,0
0,2024-06-18 12:25:13,0
0,2024-06-18 12:27:13,0
0,2024-06-18 12:29:13,0
0,2024-06-18 12:31:13,0
0,2024-06-18 12:33:13,0
0,2024-06-18 12:35:13,0
0,2024-06-18 12:37:13,0
0,2024-06-18 12:39:13,0
0,2024-06-18 12:41:13,0
0,2024-06-18 12:43:13,0
0,2024-06-18 12:45:13,0
0,2024-06-18 12:47:13,0
0,2024-06-18 12:49:13,0
0,2024-06-18 12:51:13,0
0,2024-06-18 12:53:13,0
0,2024-06-18 12:55:13,0
0,2024-06-18 12:57:13,0
0,2024-06-18 12:59:13,0
0,2024-06-18 13:01:13,0
0,2024-06-18 13:03:13,0
0,2024-06-18 13:05:13,0
0,2024-06-18 13:07:13,0
0,2024-06-18 13:09:13,0
0,2024-06-18 13:11:13,0
0,2024-06-18 13:13:13,0
0,2024-06-18 13:15:13,0
0,2024-06-18 13:17:13,0
0,2024-06-18 13:19:13,0
0,2024-06-18 13:21:13,0
0,2024-06-18 13:23:13,0
0,2024-06-18 13:25:13,0
0,2024-06-18 13:27:13,0
0,2024-06-18 13:29:13,0
0,2024-06-18 13:31:13,0
0,2024-06-18 13:33:13,0
0,2024-06-18 13:35:13,0
0,2024-06-18 13:37:13,0
0,2024-06-18 13:39:13,0
0,2024-06-18 13:41:13,0
0,2024-06-18 13:43:13,0
0,2024-06-18 13:45:13,0
0,2024-06-18 13:47:13,0
0,2024-06-18 13:49:13,0
0,2024-06-18 13:51:13,0
0,2024-06-18 13:53:13,0
0,2024-06-18 13:55:13,0
0,2024-06-18 13:57:13,0
0,2024-06-18 13:59:13,0
0,2024-06-18 14:01:13,13
0,2024-06-18 14:03:13,0
0,2024-06-18 14:05:13,0
0,2024-06-18 14:07:13,0
0,2024-06-18 14:09:13,0
0,2024-06-18 14:11:13,0
0,2024-06-18 14:13:13,0
0,2024-06-18 14:15:13,0
0,2024-06-18 14:17:13,0
0,2024-06-18 14:19:13,0
0,2024-06-18 14:21:13,0
0,2024-06-18 14:23:13,0
0,2024-06-18 14:25:13,0
0,2024-06-18 14:27:13,0
0,2024-06-18 14:29:13,0
0,2024-06-18 14:31:13,0
0,2024-06-18 14:33:13,0
0,2024-06-18 14:35:13,0
0,2024-06-18 14:37:13,0
0,2024-06-18 14:39:13,0
0,2024-06-18 14:41:13,0
0,2024-06-18 14:43:13,0
0,2024-06-18 14:45:13,0
0,2024-06-18 14:47:13,0
0,2024-06-18 14:49:13,0
0,2024-06-18 14:51:13,0
0,2024-06-18 14:53:13,0
0,2024-06-18 14:55:13,0
0,2024-06-18 14:57:13,0
0,2024-06-18 14:59:13,0
0,2024-06-18 15:01:13,0
0,2024-06-18 15:03:13,0
0,2024-06-18 15:05:13,0
0,2024-06-18 15:07:13,0
0,2024-06-18 15:09:13,0
0,2024-06-18 15:11:13,0
0,2024-06-18 15:13:13,0
0,2024-06-18 15:15:13,0
0,2024-06-18 15:17:13,0
0,2024-06-18 15:19:13,0
0,2024-06-18 15:21:13,0
0,2024-06-18 15:23:13,0
0,2024-06-18 15:25:13,4
0,2024-06-18 15:27:13,0
0,2024-06-18 15:29:13,0
0,2024-06-18 15:31:13,0
0,2024-06-18 15:33:13,0
0,2024-06-18 15:35:13,0
0,2024-06-18 15:37:13,0
0,2024-06-18 15:39:13,0
0,2024-06-18 15:41:13,2
0,2024-06-18 15:43:13,0
0,2024-06-18 15:45:13,0
0,2024-06-18 15:47:13,0
0,2024-06-18 15:49:13,0
0,2024-06-18 15:51:13,0
0,2024-06-18 15:53:13,0
0,2024-06-18 15:55:13,0
0,2024-06-18 15:57:13,0
0,2024-06-18 15:59:13,0
0,2024-06-18 16:01:13,0
0,2024-06-18 16:03:13,0
0,2024-06-18 16:05:13,0
0,2024-06-18 16:07:13,0
0,2024-06-18 16:09:13,0
0,2024-06-18 16:11:13,0
0,2024-06-18 16:13:13,0
0,2024-06-18 16:15:13,0
0,2024-06-18 16:17:13,0
0,2024-06-18 16:19:13,0
0,2024-06-18 16:21:13,0
0,2024-06-18 16:23:13,0
0,2024-06-18 16:25:13,0
0,2024-06-18 16:27:13,0
0,2024-06-18 16:29:13,0
0,2024-06-18 16:31:13,0
0,2024-06-18 16:33:13,0
0,2024-06-18 16:35:13,0
0,2024-06-18 16:37:13,0
0,2024-06-18 16:39:13,0
0,2024-06-18 16:41:13,8
0,2024-06-18 16:43:13,0
0,2024-06-18 16:45:13,0
0,2024-06-18 16:47:13,0
0,2024-06-18 16:49:13,0
0,2024-06-18 16:51:13,0
0,2024-06-18 16:53:13,0
0,2024-06-18 16:55:13,0
0,2024-06-18 16:57:13,0
0,2024-06-18 16:59:13,0
0,2024-06-18 17:01:13,0
0,2024-06-18 17:03:13,0
0,2024-06-18 17:05:13,0
0,2024-06-18 17:07:13,0
0,2024-06-18 17:09:13,0
0,2024-06-18 17:11:13,0
0,2024-06-18 17:13:13,0
0,2024-06-18 17:15:13,0
0,2024-06-18 17:17:13,0
0,2024-06-18 17:19:13,0
0,2024-06-18 17:21:13,0
0,2024-06-18 17:23:13,0
0,2024-06-18 17:25:13,0
0,2024-06-18 17:27:13,0
0,2024-06-18 17:29:13,0
0,2024-06-18 17:31:13,0
0,2024-06-18 17:33:13,0
0,2024-06-18 17:35:13,0
0,2024-06-18 17:37:13,0
0,2024-06-18 17:39:13,0
0,2024-06-18 17:41:13,0
0,2024-06-18 17:43:13,0
0,2024-06-18 17:45:13,2
0,2024-06-18 17:47:13,0
0,2024-06-18 17:49:13,0
0,2024-06-18 17:51:13,0
0,2024-06-18 17:53:13,0
0,2024-06-18 17:55:13,0
0,2024-06-18 17:57:13,0
0,2024-06-18 17:59:13,0
0,2024-06-18 18:01:13,0
0,2024-06-18 18:03:13,0
0,2024-06-18 18:05:13,0
0,2024-06-18 18:07:13,0
0,2024-06-18 18:09:13,0
0,2024-06-18 18:11:13,0
0,2024-06-18 18:13:13,0
0,2024-06-18 18:15:13,0
0,2024-06-18 18:17:13,0
0,2024-06-18 18:19:13,0
0,2024-06-18 18:21:13,0
0,2024-06-18 18:23:13,0
0,2024-06-18 18:25:13,0
0,2024-06-18 18:27:13,0
0,2024-06-18 18:29:13,0
0,2024-06-18 18:31:13,0
0,2024-06-18 18:33:13,0
0,2024-06-18 18:35:13,0
0,2024-06-18 18:37:13,0
0,2024-06-18 18:39:13,0
0,2024-06-18 18:41:13,0
0,2024-06-18 18:43:13,0
0,2024-06-18 18:45:13,0
0,2024-06-18 18:47:13,0
0,2024-06-18 18:49:13,0
0,2024-06-18 18:51:13,0
0,2024-06-18 18:53:13,0
0,2024-06-18 18:55:13,0
0,2024-06-18 18:57:13,0
0,2024-06-18 18:59:13,0
0,2024-06-18 19:01:13,0
0,2024-06-18 19:03:13,0
0,2024-06-18 19:05:13,0
0,2024-06-18 19:07:13,0
0,2024-06-18 19:09:13,0
0,2024-06-18 19:11:13,0
0,2024-06-18 19:13:13,0
0,2024-06-18 19:15:13,0
0,2024-06-18 19:17:13,0
0,2024-06-18 19:19:13,0
0,2024-06-18 19:21:13,0
0,2024-06-18 19:23:13,0
0,2024-06-18 19:25:13,0
0,2024-06-18 19:27:13,0
0,2024-06-18 19:29:13,0
0,2024-06-18 19:31:13,0
0,2024-06-18 19:33:13,0
0,2024-06-18 19:35:13,0
0,2024-06-18 19:37:13,0
0,2024-06-18 19:39:13,0
0,2024-06-18 19:41:13,0
0,2024-06-18 19:43:13,0
0,2024-06-18 19:45:13,0
0,2024-06-18 19:47:13,0
0,2024-06-18 19:49:13,0
0,2024-06-18 19:51:13,0
0,2024-06-18 19:53:13,0
0,2024-06-18 19:55:13,0
0,2024-06-18 19:57:13,0
0,2024-06-18 19:59:13,0
0,2024-06-18 20:01:13,0
0,2024-06-18 20:03:13,0
0,2024-06-18 20:05:13,0
0,2024-06-18 20:07:13,0
0,2024-06-18 20:09:13,0
0,2024-06-18 20:11:13,0
0,2024-06-18 20:13:13,0
0,2024-06-18 20:15:13,0
0,2024-06-18 20:17:13,0
0,2024-06-18 20:19:13,0
0,2024-06-18 20:21:13,0
0,2024-06-18 20:23:13,0
0,2024-06-18 20:25:13,0
0,2024-06-18 20:27:13,0
0,2024-06-18 20:29:13,0
0,2024-06-18 20:31:13,0
0,2024-06-18 20:33:13,0
0,2024-06-18 20:35:13,0
0,2024-06-18 20:37:13,0
0,2024-06-18 20:39:13,0
0,2024-06-18 20:41:13,0
0,2024-06-18 20:43:13,0
0,2024-06-18 20:45:13,0
0,2024-06-18 20:47:13,0
0,2024-06-18 20:49:13,0
0,2024-06-18 20:51:13,0
0,2024-06-18 20:53:13,0
0,2024-06-18 20:55:13,0
0,2024-06-18 20:57:13,0
0,2024-06-18 20:59:13,0
0,2024-06-18 21:01:13,0
0,2024-06-18 21:03:13,0
0,2024-06-18 21:05:13,0
0,2024-06-18 21:07:13,0
0,2024-06-18 21:09:13,0
0,2024-06-18 21:11:13,0
0,2024-06-18 21:13:13,0
0,2024-06-18 21:15:13,0
0,2024-06-18 21:17:13,0
0,2024-06-18 21:19:13,0
0,2024-06-18 21:21:13,0
0,2024-06-18 21:23:13,0
0,2024-06-18 21:25:13,0
0,2024-06-18 21:27:13,0
0,2024-06-18 21:29:13,0
0,2024-06-18 21:31:13,0
0,2024-06-18 21:33:13,0
0,2024-06-18 21:35:13,0
0,2024-06-18 21:37:13,0
0,2024-06-18 21:39:13,0
0,2024-06-18 21:41:13,0
0,2024-06-18 21:43:13,0
0,2024-06-18 21:45:13,0
0,2024-06-18 21:47:13,0
0,2024-06-18 21:49:13,0
0,2024-06-18 21:51:13,0
0,2024-06-18 21:53:13,0
0,2024-06-18 21:55:13,0
0,2024-06-18 21:57:13,0
0,2024-06-18 21:59:13,0
0,2024-06-18 22:01:13,0
0,2024-06-18 22:03:13,0
0,2024-06-18 22:05:13,0
0,2024-06-18 22:07:13,0
0,2024-06-18 22:09:13,0
0,2024-06-18 22:11:13,0
0,2024-06-18 22:13:13,0
0,2024-06-18 22:15:13,0
0,2024-06-18 22:17:13,0
0,2024-06-18 22:19:13,0
0,2024-06-18 22:21:13,0
0,2024-06-18 22:23:13,0
0,2024-06-18 22:25:13,0
0,2024-06-18 22:27:13,0
0,2024-06-18 22:29:13,0
0,2024-06-18 22:31:13,0
0,2024-06-18 22:33:13,0
0,2024-06-18 22:35:13,0
0,2024-06-18 22:37:13,0
0,2024-06-18 22:39:13,0
0,2024-06-18 22:41:13,0
0,2024-06-18 22:43:13,0
0,2024-06-18 22:45:13,0
0,2024-06-18 22:47:13,0
0,2024-06-18 22:49:13,0
0,2024-06-18 22:51:13,0
0,2024-06-18 22:53:13,0
0,2024-06-18 22:55:13,0
0,2024-06-18 22:57:13,0
0,2024-06-18 22:59:13,0
0,2024-06-18 23:01:13,0
0,2024-06-18 23:03:13,0
0,2024-06-18 23:05:13,0
0,2024-06-18 23:07:13,0
0,2024-06-18 23:09:13,0
0,2024-06-18 23:11:13,0
0,2024-06-18 23:13:13,0
0,2024-06-18 23:15:13,0
0,2024-06-18 23:17:13,0
0,2024-06-18 23:19:13,0
0,2024-06-18 23:21:13,0
0,2024-06-18 23:23:13,0
0,2024-06-18 23:25:13,0
0,2024-06-18 23:27:13,0
0,2024-06-18 23:29:13,0
0,2024-06-18 23:31:13,0
0,2024-06-18 23:33:13,0
0,2024-06-18 23:35:13,0
0,2024-06-18 23:37:13,0
0,2024-06-18 23:39:13,0
0,2024-06-18 23:41:13,0
0,2024-06-18 23:43:13,0
0,2024-06-18 23:45:13,0
0,2024-06-18 23:47:13,0
0,2024-06-18 23:49:13,0
0,2024-06-18 23:51:13,0
0,2024-06-18 23:53:13,0
0,2024-06-18 23:55:13,0
0,2024-06-18 23:57:13,0
0,2024-06-18 23:59:13,0
0,2024-06-19 00:01:13,0
0,2024-06-19 00:03:13,0
0,2024-06-19 00:05:13,0
0,2024-06-19 00:07:13,0
0,2024-06-19 00:09:13,0
0,2024-06-19 00:11:13,0
0,2024-06-19 00:13:13,0
0,2024-06-19 00:15:13,0
0,2024-06-19 00:17:13,0
0,2024-06-19 00:19:13,0
0,2024-06-19 00:21:13,0
0,2024-06-19 00:23:13,0
0,2024-06-19 00:25:13,0
0,2024-06-19 00:27:13,0
0,2024-06-19 00:29:13,0
3,2024-06-19 00:31:13,0
0,2024-06-19 00:33:13,0
0,2024-06-19 00:35:13,0
0,2024-06-19 00:37:13,0
0,2024-06-19 00:39:13,0
0,2024-06-19 00:41:13,2
0,2024-06-19 00:43:13,0
0,2024-06-19 00:45:13,0
0,2024-06-19 00:47:13,0
0,2024-06-19 00:49:13,0
0,2024-06-19 00:51:13,0
0,2024-06-19 00:53:13,0
0,2024-06-19 00:55:13,0
0,2024-06-19 00:57:13,0
0,2024-06-19 00:59:13,0
0,2024-06-19 01:01:13,7
0,2024-06-19 01:03:13,0
0,2024-06-19 01:05:13,0
0,2024-06-19 01:07:13,0
0,2024-06-19 01:09:13,0
0,2024-06-19 01:11:13,0
0,2024-06-19 01:13:13,0
0,2024-06-19 01:15:13,0
0,2024-06-19 01:17:13,0
0,2024-06-19 01:19:13,0
0,2024-06-19 01:21:13,0
0,2024-06-19 01:23:13,0
0,2024-06-19 01:25:13,0
0,2024-06-19 01:27:13,0
0,2024-06-19 01:29:13,0
0,2024-06-19 01:31:13,0
0,2024-06-19 01:33:13,0
0,2024-06-19 01:35:13,0
0,2024-06-19 01:37:13,0
0,2024-06-19 01:39:13,0
0,2024-06-19 01:41:13,4
0,2024-06-19 01:43:13,0
0,2024-06-19 01:45:13,0
0,2024-06-19 01:47:13,0
0,2024-06-19 01:49:13,0
0,2024-06-19 01:51:13,0
0,2024-06-19 01:53:13,0
0,2024-06-19 01:55:13,0
0,2024-06-19 01:57:13,0
0,2024-06-19 01:59:13,0
0,2024-06-19 02:01:13,0
0,2024-06-19 02:03:13,0
0,2024-06-19 02:05:13,0
0,2024-06-19 02:07:13,0
0,2024-06-19 02:09:13,0
0,2024-06-19 02:11:13,0
0,2024-06-19 02:13:13,0
0,2024-06-19 02:15:13,0
0,2024-06-19 02:17:13,0
0,2024-06-19 02:19:13,0
0,2024-06-19 02:21:13,0
0,2024-06-19 02:23:13,0
0,2024-06-19 02:25:13,5
0,2024-06-19 02:27:13,2
0,2024-06-19 02:29:13,0
0,2024-06-19 02:31:13,0
0,2024-06-19 02:33:13,0
0,2024-06-19 02:35:13,0
0,2024-06-19 02:37:13,0
0,2024-06-19 02:39:13,0
0,2024-06-19 02:41:13,0
0,2024-06-19 02:43:13,0
0,2024-06-19 02:45:13,2
0,2024-06-19 02:47:13,0
0,2024-06-19 02:49:13,0
0,2024-06-19 02:51:13,0
0,2024-06-19 02:53:13,0
0,2024-06-19 02:55:13,0
0,2024-06-19 02:57:13,0
0,2024-06-19 02:59:13,0
0,2024-06-19 03:01:13,1
0,2024-06-19 03:03:13,0
0,2024-06-19 03:05:13,0
0,2024-06-19 03:07:13,0
0,2024-06-19 03:09:13,0
0,2024-06-19 03:11:13,0
0,2024-06-19 03:13:13,0
0,2024-06-19 03:15:13,0
0,2024-06-19 03:17:13,0
0,2024-06-19 03:19:13,0
0,2024-06-19 03:21:13,0
0,2024-06-19 03:23:13,0
0,2024-06-19 03:25:13,0
0,2024-06-19 03:27:13,0
0,2024-06-19 03:29:13,0
0,2024-06-19 03:31:13,0
0,2024-06-19 03:33:13,0
0,2024-06-19 03:35:13,0
0,2024-06-19 03:37:13,0
0,2024-06-19 03:39:13,0
0,2024-06-19 03:41:13,0
0,2024-06-19 03:43:13,0
0,2024-06-19 03:45:13,0
0,2024-06-19 03:47:13,0
0,2024-06-19 03:49:13,0
0,2024-06-19 03:51:13,0
0,2024-06-19 03:53:13,0
0,2024-06-19 03:55:13,0
0,2024-06-19 03:57:13,0
0,2024-06-19 03:59:13,0
0,2024-06-19 04:01:13,0
0,2024-06-19 04:03:13,0
0,2024-06-19 04:05:13,0
0,2024-06-19 04:07:13,0
0,2024-06-19 04:09:13,0
0,2024-06-19 04:11:13,0
0,2024-06-19 04:13:13,0
0,2024-06-19 04:15:13,0
0,2024-06-19 04:17:13,0
0,2024-06-19 04:19:13,0
0,2024-06-19 04:21:13,0
0,2024-06-19 04:23:13,0
0,2024-06-19 04:25:13,0
0,2024-06-19 04:27:13,0
0,2024-06-19 04:29:13,0
0,2024-06-19 04:31:13,0
0,2024-06-19 04:33:13,0
0,2024-06-19 04:35:13,0
0,2024-06-19 04:37:13,0
0,2024-06-19 04:39:13,0
0,2024-06-19 04:41:13,0
0,2024-06-19 04:43:13,0
0,2024-06-19 04:45:13,0
0,2024-06-19 04:47:13,0
0,2024-06-19 04:49:13,0
0,2024-06-19 04:51:13,0
0,2024-06-19 04:53:13,0
0,2024-06-19 04:55:13,0
0,2024-06-19 04:57:13,0
0,2024-06-19 04:59:13,0
0,2024-06-19 05:01:13,1
0,2024-06-19 05:03:13,0
0,2024-06-19 05:05:13,0
0,2024-06-19 05:07:13,0
0,2024-06-19 05:09:13,0
0,2024-06-19 05:11:13,0
0,2024-06-19 05:13:13,0
0,2024-06-19 05:15:13,0
0,2024-06-19 05:17:13,0
0,2024-06-19 05:19:13,0
0,2024-06-19 05:21:13,0
0,2024-06-19 05:23:13,0
0,2024-06-19 05:25:13,0
0,2024-06-19 05:27:13,0
0,2024-06-19 05:29:13,0
0,2024-06-19 05:31:13,0
0,2024-06-19 05:33:13,0
0,2024-06-19 05:35:13,0
0,2024-06-19 05:37:13,0
0,2024-06-19 05:39:13,0
0,2024-06-19 05:41:13,0
0,2024-06-19 05:43:13,0
0,2024-06-19 05:45:13,0
0,2024-06-19 05:47:13,0
0,2024-06-19 05:49:13,0
0,2024-06-19 05:51:13,0
0,2024-06-19 05:53:13,0
0,2024-06-19 05:55:13,0
0,2024-06-19 05:57:13,0
0,2024-06-19 05:59:13,0
0,2024-06-19 06:01:13,0
0,2024-06-19 06:03:13,0
0,2024-06-19 06:05:13,0
0,2024-06-19 06:07:13,0
0,2024-06-19 06:09:13,0
0,2024-06-19 06:11:13,0
0,2024-06-19 06:13:13,0
0,2024-06-19 06:15:13,0
0,2024-06-19 06:17:13,0
0,2024-06-19 06:19:13,0
0,2024-06-19 06:21:13,0
0,2024-06-19 06:23:13,0
0,2024-06-19 06:25:13,0
0,2024-06-19 06:27:13,0
0,2024-06-19 06:29:13,0
0,2024-06-19 06:31:13,0
0,2024-06-19 06:33:13,0
0,2024-06-19 06:35:13,0
0,2024-06-19 06:37:13,0
0,2024-06-19 06:39:13,0
0,2024-06-19 06:41:13,0
0,2024-06-19 06:43:13,0
0,2024-06-19 06:45:13,0
0,2024-06-19 06:47:13,0
0,2024-06-19 06:49:13,0
0,2024-06-19 06:51:13,0
0,2024-06-19 06:53:13,0
0,2024-06-19 06:55:13,0
0,2024-06-19 06:57:13,0
0,2024-06-19 06:59:13,0
0,2024-06-19 07:01:13,0
0,2024-06-19 07:03:13,0
0,2024-06-19 07:05:13,0
0,2024-06-19 07:07:13,0
0,2024-06-19 07:09:13,0
0,2024-06-19 07:11:13,0
0,2024-06-19 07:13:13,0
0,2024-06-19 07:15:13,0
0,2024-06-19 07:17:13,0
0,2024-06-19 07:19:13,0
0,2024-06-19 07:21:13,0
0,2024-06-19 07:23:13,0
0,2024-06-19 07:25:13,0
0,2024-06-19 07:27:13,0
0,2024-06-19 07:29:13,0
0,2024-06-19 07:31:13,0
0,2024-06-19 07:33:13,0
0,2024-06-19 07:35:13,0
0,2024-06-19 07:37:13,0
0,2024-06-19 07:39:13,0
0,2024-06-19 07:41:13,0
0,2024-06-19 07:43:13,0
0,2024-06-19 07:45:13,0
0,2024-06-19 07:47:13,0
0,2024-06-19 07:49:13,0
0,2024-06-19 07:51:13,0
0,2024-06-19 07:53:13,0
0,2024-06-19 07:55:13,0
0,2024-06-19 07:57:13,0
0,2024-06-19 07:59:13,0
0,2024-06-19 08:01:13,0
0,2024-06-19 08:03:13,0
0,2024-06-19 08:05:13,0
0,2024-06-19 08:07:13,0
0,2024-06-19 08:09:13,0
0,2024-06-19 08:11:13,0
0,2024-06-19 08:13:13,0
0,2024-06-19 08:15:13,0
0,2024-06-19 08:17:13,0
0,2024-06-19 08:19:13,0
0,2024-06-19 08:21:13,0
0,2024-06-19 08:23:13,0
0,2024-06-19 08:25:13,0
0,2024-06-19 08:27:13,0
0,2024-06-19 08:29:13,0
0,2024-06-19 08:31:13,0
0,2024-06-19 08:33:13,0
0,2024-06-19 08:35:13,0
0,2024-06-19 08:37:13,0
0,2024-06-19 08:39:13,0
0,2024-06-19 08:41:13,11
0,2024-06-19 08:43:13,0
0,2024-06-19 08:45:13,0
0,2024-06-19 08:47:13,0
0,2024-06-19 08:49:13,0
0,2024-06-19 08:51:13,0
0,2024-06-19 08:53:13,0
0,2024-06-19 08:55:13,0
0,2024-06-19 08:57:13,0
0,2024-06-19 08:59:13,0
0,2024-06-19 09:01:13,2
0,2024-06-19 09:03:13,0
0,2024-06-19 09:05:13,0
0,2024-06-19 09:07:13,0
0,2024-06-19 09:09:13,0
0,2024-06-19 09:11:13,0
0,2024-06-19 09:13:13,0
0,2024-06-19 09:15:13,0
0,2024-06-19 09:17:13,0
0,2024-06-19 09:19:13,0
0,2024-06-19 09:21:13,0
0,2024-06-19 09:23:13,0
0,2024-06-19 09:25:13,0
0,2024-06-19 09:27:13,0
0,2024-06-19 09:29:13,0
0,2024-06-19 09:31:13,0
0,2024-06-19 09:33:13,0
0,2024-06-19 09:35:13,0
0,2024-06-19 09:37:13,0
0,2024-06-19 09:39:13,0
0,2024-06-19 09:41:13,0
0,2024-06-19 09:43:13,2
0,2024-06-19 09:45:13,0
0,2024-06-19 09:47:13,0
0,2024-06-19 09:49:13,0
0,2024-06-19 09:51:13,0
0,2024-06-19 09:53:13,0
0,2024-06-19 09:55:13,0
0,2024-06-19 09:57:13,0
0,2024-06-19 09:59:13,0
0,2024-06-19 10:01:13,0
0,2024-06-19 10:03:13,0
0,2024-06-19 10:05:13,0
0,2024-06-19 10:07:13,0
0,2024-06-19 10:09:13,0
0,2024-06-19 10:11:13,0
0,2024-06-19 10:13:13,0
0,2024-06-19 10:15:13,0
0,2024-06-19 10:17:13,0
0,2024-06-19 10:19:13,0
0,2024-06-19 10:21:13,0
0,2024-06-19 10:23:13,0
0,2024-06-19 10:25:13,0
0,2024-06-19 10:27:13,9
0,2024-06-19 10:29:13,0
0,2024-06-19 10:31:13,0
0,2024-06-19 10:33:13,0
0,2024-06-19 10:35:13,0
0,2024-06-19 10:37:13,0
0,2024-06-19 10:39:13,0
0,2024-06-19 10:41:13,4
0,2024-06-19 10:43:13,0
0,2024-06-19 10:45:13,0
0,2024-06-19 10:47:13,0
0,2024-06-19 10:49:13,0
0,2024-06-19 10:51:13,0
0,2024-06-19 10:53:13,0
0,2024-06-19 10:55:13,0
0,2024-06-19 10:57:13,0
0,2024-06-19 10:59:13,0
0,2024-06-19 11:01:13,0
0,2024-06-19 11:03:13,0
0,2024-06-19 11:05:13,0
0,2024-06-19 11:07:13,0
0,2024-06-19 11:09:13,0
0,2024-06-19 11:11:13,0
0,2024-06-19 11:13:13,0
0,2024-06-19 11:15:13,0
0,2024-06-19 11:17:13,0
0,2024-06-19 11:19:13,0
0,2024-06-19 11:21:13,0
0,2024-06-19 11:23:13,0
0,2024-06-19 11:25:13,0
0,2024-06-19 11:27:13,0
0,2024-06-19 11:29:13,0
0,2024-06-19 11:31:13,0
0,2024-06-19 11:33:13,0
0,2024-06-19 11:35:13,0
0,2024-06-19 11:37:13,0
0,2024-06-19 11:39:13,0
0,2024-06-19 11:41:13,0
0,2024-06-19 11:43:13,4
0,2024-06-19 11:45:13,0
0,2024-06-19 11:47:13,0
0,2024-06-19 11:49:13,0
0,2024-06-19 11:51:13,0
0,2024-06-19 11:53:13,0
0,2024-06-19 11:55:13,0
0,2024-06-19 11:57:13,0
0,2024-06-19 11:59:13,0
0,2024-06-19 12:01:13,0
0,2024-06-19 12:03:13,0
0,2024-06-19 12:05:13,0
0,2024-06-19 12:07:13,0
0,2024-06-19 12:09:13,0
0,2024-06-19 12:11:13,0
0,2024-06-19 12:13:13,0
0,2024-06-19 12:15:13,0
0,2024-06-19 12:17:13,0
0,2024-06-19 12:19:13,0
0,2024-06-19 12:21:13,0
0,2024-06-19 12:23:13,0
0,2024-06-19 12:25:13,0
0,2024-06-19 12:27:13,0
0,2024-06-19 12:29:13,0
0,2024-06-19 12:31:13,0
0,2024-06-19 12:33:13,0
0,2024-06-19 12:35:13,0
0,2024-06-19 12:37:13,0
0,2024-06-19 12:39:13,0
0,2024-06-19 12:41:13,0
0,2024-06-19 12:43:13,0
0,2024-06-19 12:45:13,0
0,2024-06-19 12:47:13,0
0,2024-06-19 12:49:13,0
0,2024-06-19 12:51:13,0
0,2024-06-19 12:53:13,0
0,2024-06-19 12:55:13,0
0,2024-06-19 12:57:13,0
0,2024-06-19 12:59:13,0
0,2024-06-19 13:01:13,0
0,2024-06-19 13:03:13,0
0,2024-06-19 13:05:13,0
0,2024-06-19 13:07:13,0
0,2024-06-19 13:09:13,0
0,2024-06-19 13:11:13,0
0,2024-06-19 13:13:13,0
0,2024-06-19 13:15:13,0
0,2024-06-19 13:17:13,0
0,2024-06-19 13:19:13,0
0,2024-06-19 13:21:13,0
0,2024-06-19 13:23:13,0
0,2024-06-19 13:25:13,0
0,2024-06-19 13:27:13,0
0,2024-06-19 13:29:13,0
0,2024-06-19 13:31:13,0
0,2024-06-19 13:33:13,0
0,2024-06-19 13:35:13,0
0,2024-06-19 13:37:13,0
0,2024-06-19 13:39:13,0
0,2024-06-19 13:41:13,0
0,2024-06-19 13:43:13,0
0,2024-06-19 13:45:13,0
0,2024-06-19 13:47:13,0
0,2024-06-19 13:49:13,0
0,2024-06-19 13:51:13,0
0,2024-06-19 13:53:13,0
0,2024-06-19 13:55:13,0
0,2024-06-19 13:57:13,0
0,2024-06-19 13:59:13,0
0,2024-06-19 14:01:13,4
0,2024-06-19 14:03:13,0
0,2024-06-19 14:05:13,0
0,2024-06-19 14:07:13,0
0,2024-06-19 14:09:13,0
0,2024-06-19 14:11:13,0
0,2024-06-19 14:13:13,0
0,2024-06-19 14:15:13,0
0,2024-06-19 14:17:13,0
0,2024-06-19 14:19:13,0
0,2024-06-19 14:21:13,0
0,2024-06-19 14:23:13,0
0,2024-06-19 14:25:13,0
0,2024-06-19 14:27:13,0
0,2024-06-19 14:29:13,0
0,2024-06-19 14:31:13,0
0,2024-06-19 14:33:13,0
0,2024-06-19 14:35:13,0
0,2024-06-19 14:37:13,0
0,2024-06-19 14:39:13,0
0,2024-06-19 14:41:13,0
0,2024-06-19 14:43:13,0
0,2024-06-19 14:45:13,0
0,2024-06-19 14:47:13,0
0,2024-06-19 14:49:13,0
0,2024-06-19 14:51:13,0
0,2024-06-19 14:53:13,0
0,2024-06-19 14:55:13,0
0,2024-06-19 14:57:13,0
0,2024-06-19 14:59:13,0
0,2024-06-19 15:01:13,0
0,2024-06-19 15:03:13,0
0,2024-06-19 15:05:13,0
0,2024-06-19 15:07:13,0
0,2024-06-19 15:09:13,0
0,2024-06-19 15:11:13,0
0,2024-06-19 15:13:13,0
0,2024-06-19 15:15:13,0
0,2024-06-19 15:17:13,0
0,2024-06-19 15:19:13,0
0,2024-06-19 15:21:13,0
0,2024-06-19 15:23:13,0
0,2024-06-19 15:25:13,4
0,2024-06-19 15:27:13,0
0,2024-06-19 15:29:13,0
0,2024-06-19 15:31:13,0
0,2024-06-19 15:33:13,0
0,2024-06-19 15:35:13,0
0,2024-06-19 15:37:13,0
0,2024-06-19 15:39:13,0
0,2024-06-19 15:41:13,2
0,2024-06-19 15:43:13,0
0,2024-06-19 15:45:13,0
0,2024-06-19 15:47:13,0
0,2024-06-19 15:49:13,0
0,2024-06-19 15:51:13,0
0,2024-06-19 15:53:13,0
0,2024-06-19 15:55:13,0
0,2024-06-19 15:57:13,0
0,2024-06-19 15:59:13,0
0,2024-06-19 16:01:13,0
0,2024-06-19 16:03:13,0
0,2024-06-19 16:05:13,0
0,2024-06-19 16:07:13,0
0,2024-06-19 16:09:13,0
0,2024-06-19 16:11:13,0
0,2024-06-19 16:13:13,0
0,2024-06-19 16:15:13,0
0,2024-06-19 16:17:13,0
0,2024-06-19 16:19:13,0
0,2024-06-19 16:21:13,0
0,2024-06-19 16:23:13,0
0,2024-06-19 16:25:13,0
0,2024-06-19 16:27:13,0
0,2024-06-19 16:29:13,0
0,2024-06-19 16:31:13,0
0,2024-06-19 16:33:13,0
0,2024-06-19 16:35:13,0
0,2024-06-19 16:37:13,0
0,2024-06-19 16:39:13,0
0,2024-06-19 16:41:13,4
0,2024-06-19 16:43:13,0
0,2024-06-19 16:45:13,0
0,2024-06-19 16:47:13,0
0,2024-06-19 16:49:13,0
0,2024-06-19 16:51:13,0
0,2024-06-19 16:53:13,0
0,2024-06-19 16:55:13,0
0,2024-06-19 16:57:13,0
0,2024-06-19 16:59:13,0
0,2024-06-19 17:01:13,0
0,2024-06-19 17:03:13,0
0,2024-06-19 17:05:13,0
0,2024-06-19 17:07:13,0
0,2024-06-19 17:09:13,0
0,2024-06-19 17:11:13,0
0,2024-06-19 17:13:13,0
0,2024-06-19 17:15:13,0
0,2024-06-19 17:17:13,0
0,2024-06-19 17:19:13,0
0,2024-06-19 17:21:13,0
0,2024-06-19 17:23:13,0
0,2024-06-19 17:25:13,0
0,2024-06-19 17:27:13,0
0,2024-06-19 17:29:13,0
0,2024-06-19 17:31:13,0
0,2024-06-19 17:33:13,0
0,2024-06-19 17:35:13,0
0,2024-06-19 17:37:13,0
0,2024-06-19 17:39:13,0
0,2024-06-19 17:41:13,0
0,2024-06-19 17:43:13,1
0,2024-06-19 17:45:13,0
0,2024-06-19 17:47:13,0
0,2024-06-19 17:49:13,0
0,2024-06-19 17:51:13,0
0,2024-06-19 17:53:13,0
0,2024-06-19 17:55:13,0
0,2024-06-19 17:57:13,0
0,2024-06-19 17:59:13,0
0,2024-06-19 18:01:13,0
0,2024-06-19 18:03:13,0
0,2024-06-19 18:05:13,0
0,2024-06-19 18:07:13,0
0,2024-06-19 18:09:13,0
0,2024-06-19 18:11:13,0
0,2024-06-19 18:13:13,0
0,2024-06-19 18:15:13,0
0,2024-06-19 18:17:13,0
0,2024-06-19 18:19:13,0
0,2024-06-19 18:21:13,0
0,2024-06-19 18:23:13,0
0,2024-06-19 18:25:13,0
0,2024-06-19 18:27:13,0
0,2024-06-19 18:29:13,0
0,2024-06-19 18:31:13,0
0,2024-06-19 18:33:13,0
0,2024-06-19 18:35:13,0
0,2024-06-19 18:37:13,0
0,2024-06-19 18:39:13,0
0,2024-06-19 18:41:13,0
0,2024-06-19 18:43:13,0
0,2024-06-19 18:45:13,0
0,2024-06-19 18:47:13,0
0,2024-06-19 18:49:13,0
0,2024-06-19 18:51:13,0
0,2024-06-19 18:53:13,0
0,2024-06-19 18:55:13,0
0,2024-06-19 18:57:13,0
0,2024-06-19 18:59:13,0
0,2024-06-19 19:01:13,0
0,2024-06-19 19:03:13,0
0,2024-06-19 19:05:13,0
0,2024-06-19 19:07:13,0
0,2024-06-19 19:09:13,0
0,2024-06-19 19:11:13,0
0,2024-06-19 19:13:13,0
0,2024-06-19 19:15:13,0
0,2024-06-19 19:17:13,0
0,2024-06-19 19:19:13,0
0,2024-06-19 19:21:13,0
0,2024-06-19 19:23:13,0
0,2024-06-19 19:25:13,0
0,2024-06-19 19:27:13,0
0,2024-06-19 19:29:13,0
0,2024-06-19 19:31:13,0
0,2024-06-19 19:33:13,0
0,2024-06-19 19:35:13,0
0,2024-06-19 19:37:13,0
0,2024-06-19 19:39:13,0
0,2024-06-19 19:41:13,0
0,2024-06-19 19:43:13,0
0,2024-06-19 19:45:13,0
0,2024-06-19 19:47:13,0
0,2024-06-19 19:49:13,0
0,2024-06-19 19:51:13,0
0,2024-06-19 19:53:13,0
0,2024-06-19 19:55:13,0
0,2024-06-19 19:57:13,0
0,2024-06-19 19:59:13,0
0,2024-06-19 20:01:13,0
0,2024-06-19 20:03:13,0
0,2024-06-19 20:05:13,0
0,2024-06-19 20:07:13,0
0,2024-06-19 20:09:13,0
0,2024-06-19 20:11:13,0
0,2024-06-19 20:13:13,0
0,2024-06-19 20:15:13,0
0,2024-06-19 20:17:13,0
0,2024-06-19 20:19:13,0
0,2024-06-19 20:21:13,0
0,2024-06-19 20:23:13,0
0,2024-06-19 20:25:13,0
0,2024-06-19 20:27:13,0
0,2024-06-19 20:29:13,0
0,2024-06-19 20:31:13,0
0,2024-06-19 20:33:13,0
0,2024-06-19 20:35:13,0
0,2024-06-19 20:37:13,0
0,2024-06-19 20:39:13,0
0,2024-06-19 20:41:13,0
0,2024-06-19 20:43:13,0
0,2024-06-19 20:45:13,0
0,2024-06-19 20:47:13,0
0,2024-06-19 20:49:13,0
0,2024-06-19 20:51:13,0
0,2024-06-19 20:53:13,0
0,2024-06-19 20:55:13,0
0,2024-06-19 20:57:13,0
0,2024-06-19 20:59:13,0
0,2024-06-19 21:01:13,0
0,2024-06-19 21:03:13,0
0,2024-06-19 21:05:13,0
0,2024-06-19 21:07:13,0
0,2024-06-19 21:09:13,0
0,2024-06-19 21:11:13,0
0,2024-06-19 21:13:13,0
0,2024-06-19 21:15:13,0
0,2024-06-19 21:17:13,0
0,2024-06-19 21:19:13,0
0,2024-06-19 21:21:13,0
0,2024-06-19 21:23:13,0
0,2024-06-19 21:25:13,0
0,2024-06-19 21:27:13,0
0,2024-06-19 21:29:13,0
0,2024-06-19 21:31:13,0
0,2024-06-19 21:33:13,0
0,2024-06-19 21:35:13,0
0,2024-06-19 21:37:13,0
0,2024-06-19 21:39:13,0
0,2024-06-19 21:41:13,0
0,2024-06-19 21:43:13,0
0,2024-06-19 21:45:13,0
0,2024-06-19 21:47:13,0
0,2024-06-19 21:49:13,0
0,2024-06-19 21:51:13,0
0,2024-06-19 21:53:13,0
0,2024-06-19 21:55:13,0
0,2024-06-19 21:57:13,0
0,2024-06-19 21:59:13,0
0,2024-06-19 22:01:13,0
0,2024-06-19 22:03:13,0
0,2024-06-19 22:05:13,0
0,2024-06-19 22:07:13,0
0,2024-06-19 22:09:13,0
0,2024-06-19 22:11:13,0
0,2024-06-19 22:13:13,0
0,2024-06-19 22:15:13,0
0,2024-06-19 22:17:13,0
0,2024-06-19 22:19:13,0
0,2024-06-19 22:21:13,0
0,2024-06-19 22:23:13,0
0,2024-06-19 22:25:13,0
0,2024-06-19 22:27:13,0
0,2024-06-19 22:29:13,0
0,2024-06-19 22:31:13,0
0,2024-06-19 22:33:13,0
0,2024-06-19 22:35:13,0
0,2024-06-19 22:37:13,0
0,2024-06-19 22:39:13,0
0,2024-06-19 22:41:13,0
0,2024-06-19 22:43:13,0
0,2024-06-19 22:45:13,0
0,2024-06-19 22:47:13,0
0,2024-06-19 22:49:13,0
0,2024-06-19 22:51:13,0
0,2024-06-19 22:53:13,0
0,2024-06-19 22:55:13,0
0,2024-06-19 22:57:13,0
0,2024-06-19 22:59:13,0
0,2024-06-19 23:01:13,0
0,2024-06-19 23:03:13,0
0,2024-06-19 23:05:13,0
0,2024-06-19 23:07:13,0
0,2024-06-19 23:09:13,0
0,2024-06-19 23:11:13,0
0,2024-06-19 23:13:13,0
0,2024-06-19 23:15:13,0
0,2024-06-19 23:17:13,0
0,2024-06-19 23:19:13,0
0,2024-06-19 23:21:13,0
0,2024-06-19 23:23:13,0
0,2024-06-19 23:25:13,0
0,2024-06-19 23:27:13,0
0,2024-06-19 23:29:13,0
0,2024-06-19 23:31:13,0
0,2024-06-19 23:33:13,0
0,2024-06-19 23:35:13,0
0,2024-06-19 23:37:13,0
0,2024-06-19 23:39:13,0
0,2024-06-19 23:41:13,0
0,2024-06-19 23:43:13,0
0,2024-06-19 23:45:13,0
0,2024-06-19 23:47:13,0
0,2024-06-19 23:49:13,0
0,2024-06-19 23:51:13,0
0,2024-06-19 23:53:13,0
0,2024-06-19 23:55:13,0
0,2024-06-19 23:57:13,0
0,2024-06-19 23:59:13,0
0,2024-06-20 00:01:13,0
0,2024-06-20 00:03:13,0
0,2024-06-20 00:05:13,0
0,2024-06-20 00:07:13,0
0,2024-06-20 00:09:13,0
0,2024-06-20 00:11:13,0
0,2024-06-20 00:13:13,0
0,2024-06-20 00:15:13,0
0,2024-06-20 00:17:13,0
0,2024-06-20 00:19:13,0
0,2024-06-20 00:21:13,0
0,2024-06-20 00:23:13,0
0,2024-06-20 00:25:13,0
0,2024-06-20 00:27:13,0
0,2024-06-20 00:29:13,0
3,2024-06-20 00:31:13,0
0,2024-06-20 00:33:13,0
0,2024-06-20 00:35:13,0
0,2024-06-20 00:37:13,0
0,2024-06-20 00:39:13,0
0,2024-06-20 00:41:13,2
0,2024-06-20 00:43:13,0
0,2024-06-20 00:45:13,0
0,2024-06-20 00:47:13,0
0,2024-06-20 00:49:13,0
0,2024-06-20 00:51:13,0
0,2024-06-20 00:53:13,0
0,2024-06-20 00:55:13,0
0,2024-06-20 00:57:13,0
0,2024-06-20 00:59:13,0
0,2024-06-20 01:01:13,7
0,2024-06-20 01:03:13,0
0,2024-06-20 01:05:13,0
0,2024-06-20 01:07:13,0
0,2024-06-20 01:09:13,0
0,2024-06-20 01:11:13,0
0,2024-06-20 01:13:13,0
0,2024-06-20 01:15:13,0
0,2024-06-20 01:17:13,0
0,2024-06-20 01:19:13,0
0,2024-06-20 01:21:13,0
0,2024-06-20 01:23:13,0
0,2024-06-20 01:25:13,0
0,2024-06-20 01:27:13,0
0,2024-06-20 01:29:13,0
0,2024-06-20 01:31:13,0
0,2024-06-20 01:33:13,0
0,2024-06-20 01:35:13,0
0,2024-06-20 01:37:13,0
0,2024-06-20 01:39:13,0
0,2024-06-20 01:41:13,4
0,2024-06-20 01:43:13,0
0,2024-06-20 01:45:13,0
0,2024-06-20 01:47:13,0
0,2024-06-20 01:49:13,0
0,2024-06-20 01:51:13,0
0,2024-06-20 01:53:13,0
0,2024-06-20 01:55:13,0
0,2024-06-20 01:57:13,0
0,2024-06-20 01:59:13,0
0,2024-06-20 02:01:13,0
0,2024-06-20 02:03:13,0
0,2024-06-20 02:05:13,0
0,2024-06-20 02:07:13,0
0,2024-06-20 02:09:13,0
0,2024-06-20 02:11:13,0
0,2024-06-20 02:13:13,0
0,2024-06-20 02:15:13,0
0,2024-06-20 02:17:13,0
0,2024-06-20 02:19:13,0
0,2024-06-20 02:21:13,0
0,2024-06-20 02:23:13,0
0,2024-06-20 02:25:13,2
0,2024-06-20 02:27:13,2
0,2024-06-20 02:29:13,0
0,2024-06-20 02:31:13,0
0,2024-06-20 02:33:13,0
0,2024-06-20 02:35:13,0
0,2024-06-20 02:37:13,0
0,2024-06-20 02:39:13,0
0,2024-06-20 02:41:13,0
0,2024-06-20 02:43:13,0
0,2024-06-20 02:45:13,2
0,2024-06-20 02:47:13,0
0,2024-06-20 02:49:13,0
0,2024-06-20 02:51:13,0
0,2024-06-20 02:53:13,0
0,2024-06-20 02:55:13,0
0,2024-06-20 02:57:13,0
0,2024-06-20 02:59:13,0
0,2024-06-20 03:01:13,1
0,2024-06-20 03:03:13,0
0,2024-06-20 03:05:13,0
0,2024-06-20 03:07:13,0
0,2024-06-20 03:09:13,0
0,2024-06-20 03:11:13,0
0,2024-06-20 03:13:13,0
0,2024-06-20 03:15:13,0
0,2024-06-20 03:17:13,0
0,2024-06-20 03:19:13,0
0,2024-06-20 03:21:13,0
0,2024-06-20 03:23:13,0
0,2024-06-20 03:25:13,0
0,2024-06-20 03:27:13,0
0,2024-06-20 03:29:13,0
0,2024-06-20 03:31:13,0
0,2024-06-20 03:33:13,0
0,2024-06-20 03:35:13,0
0,2024-06-20 03:37:13,0
0,2024-06-20 03:39:13,0
0,2024-06-20 03:41:13,0
0,2024-06-20 03:43:13,0
0,2024-06-20 03:45:13,0
0,2024-06-20 03:47:13,0
0,2024-06-20 03:49:13,0
0,2024-06-20 03:51:13,0
0,2024-06-20 03:53:13,0
0,2024-06-20 03:55:13,0
0,2024-06-20 03:57:13,0
0,2024-06-20 03:59:13,0
0,2024-06-20 04:01:13,0
0,2024-06-20 04:03:13,0
0,2024-06-20 04:05:13,0
0,2024-06-20 04:07:13,0
0,2024-06-20 04:09:13,0
0,2024-06-20 04:11:13,0
0,2024-06-20 04:13:13,0
0,2024-06-20 04:15:13,0
0,2024-06-20 04:17:13,0
0,2024-06-20 04:19:13,0
0,2024-06-20 04:21:13,0
0,2024-06-20 04:23:13,0
0,2024-06-20 04:25:13,0
0,2024-06-20 04:27:13,0
0,2024-06-20 04:29:13,0
0,2024-06-20 04:31:13,0
0,2024-06-20 04:33:13,0
0,2024-06-20 04:35:13,0
0,2024-06-20 04:37:13,0
0,2024-06-20 04:39:13,0
0,2024-06-20 04:41:13,0
0,2024-06-20 04:43:13,0
0,2024-06-20 04:45:13,0
0,2024-06-20 04:47:13,0
0,2024-06-20 04:49:13,0
0,2024-06-20 04:51:13,0
0,2024-06-20 04:53:13,0
0,2024-06-20 04:55:13,0
0,2024-06-20 04:57:13,0
0,2024-06-20 04:59:13,0
0,2024-06-20 05:01:13,1
0,2024-06-20 05:03:13,0
0,2024-06-20 05:05:13,0
0,2024-06-20 05:07:13,0
0,2024-06-20 05:09:13,0
0,2024-06-20 05:11:13,0
0,2024-06-20 05:13:13,0
0,2024-06-20 05:15:13,0
0,2024-06-20 05:17:13,0
0,2024-06-20 05:19:13,0
0,2024-06-20 05:21:13,0
0,2024-06-20 05:23:13,0
0,2024-06-20 05:25:13,0
0,2024-06-20 05:27:13,0
0,2024-06-20 05:29:13,0
0,2024-06-20 05:31:13,0
0,2024-06-20 05:33:13,0
0,2024-06-20 05:35:13,0
0,2024-06-20 05:37:13,0
0,2024-06-20 05:39:13,0
0,2024-06-20 05:41:13,0
0,2024-06-20 05:43:13,0
0,2024-06-20 05:45:13,0
0,2024-06-20 05:47:13,0
0,2024-06-20 05:49:13,0
0,2024-06-20 05:51:13,0
0,2024-06-20 05:53:13,0
0,2024-06-20 05:55:13,0
0,2024-06-20 05:57:13,0
0,2024-06-20 05:59:13,0
0,2024-06-20 06:01:13,0
0,2024-06-20 06:03:13,0
0,2024-06-20 06:05:13,0
0,2024-06-20 06:07:13,0
0,2024-06-20 06:09:13,0
0,2024-06-20 06:11:13,0
0,2024-06-20 06:13:13,0
0,2024-06-20 06:15:13,0
0,2024-06-20 06:17:13,0
0,2024-06-20 06:19:13,0
0,2024-06-20 06:21:13,0
0,2024-06-20 06:23:13,0
0,2024-06-20 06:25:13,0
0,2024-06-20 06:27:13,0
0,2024-06-20 06:29:13,0
0,2024-06-20 06:31:13,0
0,2024-06-20 06:33:13,0
0,2024-06-20 06:35:13,0
0,2024-06-20 06:37:13,0
0,2024-06-20 06:39:13,0
0,2024-06-20 06:41:13,0
0,2024-06-20 06:43:13,0
0,2024-06-20 06:45:13,0
0,2024-06-20 06:47:13,0
0,2024-06-20 06:49:13,0
0,2024-06-20 06:51:13,0
0,2024-06-20 06:53:13,0
0,2024-06-20 06:55:13,0
0,2024-06-20 06:57:13,0
0,2024-06-20 06:59:13,0
0,2024-06-20 07:01:13,0
0,2024-06-20 07:03:13,0
0,2024-06-20 07:05:13,0
0,2024-06-20 07:07:13,0
0,2024-06-20 07:09:13,0
0,2024-06-20 07:11:13,0
0,2024-06-20 07:13:13,0
0,2024-06-20 07:15:13,0
0,2024-06-20 07:17:13,0
0,2024-06-20 07:19:13,0
0,2024-06-20 07:21:13,0
0,2024-06-20 07:23:13,0
0,2024-06-20 07:25:13,0
0,2024-06-20 07:27:13,0
0,2024-06-20 07:29:13,0
0,2024-06-20 07:31:13,0
0,2024-06-20 07:33:13,0
0,2024-06-20 07:35:13,0
0,2024-06-20 07:37:13,0
0,2024-06-20 07:39:13,0
0,2024-06-20 07:41:13,0
0,2024-06-20 07:43:13,0
0,2024-06-20 07:45:13,0
0,2024-06-20 07:47:13,0
0,2024-06-20 07:49:13,0
0,2024-06-20 07:51:13,0
0,2024-06-20 07:53:13,0
0,2024-06-20 07:55:13,0
0,2024-06-20 07:57:13,0
0,2024-06-20 07:59:13,0
0,2024-06-20 08:01:13,0
0,2024-06-20 08:03:13,0
0,2024-06-20 08:05:13,0
0,2024-06-20 08:07:13,0
0,2024-06-20 08:09:13,0
0,2024-06-20 08:11:13,0
0,2024-06-20 08:13:13,0
0,2024-06-20 08:15:13,0
0,2024-06-20 08:17:13,0
0,2024-06-20 08:19:13,0
0,2024-06-20 08:21:13,0
0,2024-06-20 08:23:13,0
0,2024-06-20 08:25:13,0
0,2024-06-20 08:27:13,0
0,2024-06-20 08:29:13,0
0,2024-06-20 08:31:13,0
0,2024-06-20 08:33:13,0
0,2024-06-20 08:35:13,0
0,2024-06-20 08:37:13,0
0,2024-06-20 08:39:13,0
0,2024-06-20 08:41:13,2
0,2024-06-20 08:43:13,0
0,2024-06-20 08:45:13,0
0,2024-06-20 08:47:13,0
0,2024-06-20 08:49:13,0
0,2024-06-20 08:51:13,0
0,2024-06-20 08:53:13,0
0,2024-06-20 08:55:13,0
0,2024-06-20 08:57:13,0
0,2024-06-20 08:59:13,0
0,2024-06-20 09:01:13,9
0,2024-06-20 09:03:13,0
0,2024-06-20 09:05:13,0
0,2024-06-20 09:07:13,0
0,2024-06-20 09:09:13,0
0,2024-06-20 09:11:13,0
0,2024-06-20 09:13:13,0
0,2024-06-20 09:15:13,0
0,2024-06-20 09:17:13,0
0,2024-06-20 09:19:13,0
0,2024-06-20 09:21:13,0
0,2024-06-20 09:23:13,0
0,2024-06-20 09:25:13,0
0,2024-06-20 09:27:13,0
0,2024-06-20 09:29:13,0
0,2024-06-20 09:31:13,0
0,2024-06-20 09:33:13,0
0,2024-06-20 09:35:13,0
0,2024-06-20 09:37:13,0
0,2024-06-20 09:39:13,0
0,2024-06-20 09:41:13,2
0,2024-06-20 09:43:13,0
0,2024-06-20 09:45:13,0
0,2024-06-20 09:47:13,0
0,2024-06-20 09:49:13,0
0,2024-06-20 09:51:13,0
0,2024-06-20 09:53:13,0
0,2024-06-20 09:55:13,0
0,2024-06-20 09:57:13,0
0,2024-06-20 09:59:13,0
0,2024-06-20 10:01:13,0
0,2024-06-20 10:03:13,0
0,2024-06-20 10:05:13,0
0,2024-06-20 10:07:13,0
0,2024-06-20 10:09:13,0
0,2024-06-20 10:11:13,0
0,2024-06-20 10:13:13,0
0,2024-06-20 10:15:13,0
0,2024-06-20 10:17:13,0
0,2024-06-20 10:19:13,0
0,2024-06-20 10:21:13,0
0,2024-06-20 10:23:13,0
0,2024-06-20 10:25:13,0
0,2024-06-20 10:27:13,2
0,2024-06-20 10:29:13,0
0,2024-06-20 10:31:13,0
0,2024-06-20 10:33:13,0
0,2024-06-20 10:35:13,0
0,2024-06-20 10:37:13,0
0,2024-06-20 10:39:13,0
0,2024-06-20 10:41:13,2
0,2024-06-20 10:43:13,0
0,2024-06-20 10:45:13,0
0,2024-06-20 10:47:13,0
0,2024-06-20 10:49:13,0
0,2024-06-20 10:51:13,0
0,2024-06-20 10:53:13,0
0,2024-06-20 10:55:13,0
0,2024-06-20 10:57:13,0
0,2024-06-20 10:59:13,0
0,2024-06-20 11:01:13,0
0,2024-06-20 11:03:13,0
0,2024-06-20 11:05:13,0
0,2024-06-20 11:07:13,0
0,2024-06-20 11:09:13,0
0,2024-06-20 11:11:13,0
0,2024-06-20 11:13:13,0
0,2024-06-20 11:15:13,0
0,2024-06-20 11:17:13,0
0,2024-06-20 11:19:13,0
0,2024-06-20 11:21:13,0
0,2024-06-20 11:23:13,0
0,2024-06-20 11:25:13,0
0,2024-06-20 11:27:13,0
0,2024-06-20 11:29:13,0
0,2024-06-20 11:31:13,0
0,2024-06-20 11:33:13,0
0,2024-06-20 11:35:13,0
0,2024-06-20 11:37:13,0
0,2024-06-20 11:39:13,0
0,2024-06-20 11:41:13,0
0,2024-06-20 11:43:13,0
0,2024-06-20 11:45:13,0
0,2024-06-20 11:47:13,2
0,2024-06-20 11:49:13,0
0,2024-06-20 11:51:13,0
0,2024-06-20 11:53:13,0
0,2024-06-20 11:55:13,0
0,2024-06-20 11:57:13,0
0,2024-06-20 11:59:13,0
0,2024-06-20 12:01:13,0
0,2024-06-20 12:03:13,0
0,2024-06-20 12:05:13,0
0,2024-06-20 12:07:13,0
0,2024-06-20 12:09:13,0
0,2024-06-20 12:11:13,0
0,2024-06-20 12:13:13,0
0,2024-06-20 12:15:13,0
0,2024-06-20 12:17:13,0
0,2024-06-20 12:19:13,0
0,2024-06-20 12:21:13,0
0,2024-06-20 12:23:13,0
0,2024-06-20 12:25:13,0
0,2024-06-20 12:27:13,0
0,2024-06-20 12:29:13,0
0,2024-06-20 12:31:13,0
0,2024-06-20 12:33:13,0
0,2024-06-20 12:35:13,0
0,2024-06-20 12:37:13,0
0,2024-06-20 12:39:13,0
0,2024-06-20 12:41:13,0
0,2024-06-20 12:43:13,0
0,2024-06-20 12:45:13,0
0,2024-06-20 12:47:13,0
0,2024-06-20 12:49:13,0
0,2024-06-20 12:51:13,0
0,2024-06-20 12:53:13,0
0,2024-06-20 12:55:13,0
0,2024-06-20 12:57:13,0
0,2024-06-20 12:59:13,0
0,2024-06-20 13:01:13,0
0,2024-06-20 13:03:13,0
0,2024-06-20 13:05:13,0
0,2024-06-20 13:07:13,0
0,2024-06-20 13:09:13,0
0,2024-06-20 13:11:13,0
0,2024-06-20 13:13:13,0
0,2024-06-20 13:15:13,0
0,2024-06-20 13:17:13,0
0,2024-06-20 13:19:13,0
0,2024-06-20 13:21:13,0
0,2024-06-20 13:23:13,0
0,2024-06-20 13:25:13,0
0,2024-06-20 13:27:13,0
0,2024-06-20 13:29:13,0
0,2024-06-20 13:31:13,0
0,2024-06-20 13:33:13,0
0,2024-06-20 13:35:13,0
0,2024-06-20 13:37:13,0
0,2024-06-20 13:39:13,0
0,2024-06-20 13:41:13,0
0,2024-06-20 13:43:13,0
0,2024-06-20 13:45:13,0
0,2024-06-20 13:47:13,0
0,2024-06-20 13:49:13,0
0,2024-06-20 13:51:13,0
0,2024-06-20 13:53:13,0
0,2024-06-20 13:55:13,0
0,2024-06-20 13:57:13,0
0,2024-06-20 13:59:13,0
0,2024-06-20 14:01:13,4
0,2024-06-20 14:03:13,0
0,2024-06-20 14:05:13,0
0,2024-06-20 14:07:13,0
0,2024-06-20 14:09:13,0
0,2024-06-20 14:11:13,0
0,2024-06-20 14:13:13,0
0,2024-06-20 14:15:13,0
0,2024-06-20 14:17:13,0
0,2024-06-20 14:19:13,0
0,2024-06-20 14:21:13,0
0,2024-06-20 14:23:13,0
0,2024-06-20 14:25:13,0
0,2024-06-20 14:27:13,0
0,2024-06-20 14:29:13,0
0,2024-06-20 14:31:13,0
0,2024-06-20 14:33:13,0
0,2024-06-20 14:35:13,0
0,2024-06-20 14:37:13,0
0,2024-06-20 14:39:13,0
0,2024-06-20 14:41:13,0
0,2024-06-20 14:43:13,0
0,2024-06-20 14:45:13,0
0,2024-06-20 14:47:13,0
0,2024-06-20 14:49:13,0
0,2024-06-20 14:51:13,0
0,2024-06-20 14:53:13,0
0,2024-06-20 14:55:13,0
0,2024-06-20 14:57:13,0
0,2024-06-20 14:59:13,0
0,2024-06-20 15:01:13,0
0,2024-06-20 15:03:13,0
0,2024-06-20 15:05:13,0
0,2024-06-20 15:07:13,0
0,2024-06-20 15:09:13,0
0,2024-06-20 15:11:13,0
0,2024-06-20 15:13:13,0
0,2024-06-20 15:15:13,0
0,2024-06-20 15:17:13,0
0,2024-06-20 15:19:13,0
0,2024-06-20 15:21:13,0
0,2024-06-20 15:23:13,0
0,2024-06-20 15:25:13,7
0,2024-06-20 15:27:13,2
0,2024-06-20 15:29:13,0
0,2024-06-20 15:31:13,0
0,2024-06-20 15:33:13,0
0,2024-06-20 15:35:13,0
0,2024-06-20 15:37:13,0
0,2024-06-20 15:39:13,0
0,2024-06-20 15:41:13,2
0,2024-06-20 15:43:13,0
0,2024-06-20 15:45:13,0
0,2024-06-20 15:47:13,0
0,2024-06-20 15:49:13,0
0,2024-06-20 15:51:13,0
0,2024-06-20 15:53:13,0
0,2024-06-20 15:55:13,0
0,2024-06-20 15:57:13,0
0,2024-06-20 15:59:13,0
0,2024-06-20 16:01:13,0
0,2024-06-20 16:03:13,0
0,2024-06-20 16:05:13,0
0,2024-06-20 16:07:13,0
0,2024-06-20 16:09:13,0
0,2024-06-20 16:11:13,0
0,2024-06-20 16:13:13,0
0,2024-06-20 16:15:13,0
0,2024-06-20 16:17:13,0
0,2024-06-20 16:19:13,0
0,2024-06-20 16:21:13,0
0,2024-06-20 16:23:13,0
0,2024-06-20 16:25:13,0
0,2024-06-20 16:27:13,0
0,2024-06-20 16:29:13,0
0,2024-06-20 16:31:13,0
0,2024-06-20 16:33:13,0
0,2024-06-20 16:35:13,0
0,2024-06-20 16:37:13,0
0,2024-06-20 16:39:13,0
0,2024-06-20 16:41:13,3
0,2024-06-20 16:43:13,0
0,2024-06-20 16:45:13,0
0,2024-06-20 16:47:13,0
0,2024-06-20 16:49:13,0
0,2024-06-20 16:51:13,0
0,2024-06-20 16:53:13,0
0,2024-06-20 16:55:13,0
0,2024-06-20 16:57:13,0
0,2024-06-20 16:59:13,0
0,2024-06-20 17:01:13,0
0,2024-06-20 17:03:13,0
0,2024-06-20 17:05:13,0
0,2024-06-20 17:07:13,0
0,2024-06-20 17:09:13,0
0,2024-06-20 17:11:13,0
0,2024-06-20 17:13:13,0
0,2024-06-20 17:15:13,0
0,2024-06-20 17:17:13,0
0,2024-06-20 17:19:13,0
0,2024-06-20 17:21:13,0
0,2024-06-20 17:23:13,0
0,2024-06-20 17:25:13,0
0,2024-06-20 17:27:13,0
0,2024-06-20 17:29:13,0
0,2024-06-20 17:31:13,0
0,2024-06-20 17:33:13,0
0,2024-06-20 17:35:13,5
0,2024-06-20 17:37:13,0
0,2024-06-20 17:39:13,0
0,2024-06-20 17:41:13,0
0,2024-06-20 17:43:13,0
0,2024-06-20 17:45:13,0
0,2024-06-20 17:47:13,0
0,2024-06-20 17:49:13,0
0,2024-06-20 17:51:13,0
0,2024-06-20 17:53:13,0
0,2024-06-20 17:55:13,0
0,2024-06-20 17:57:13,0
0,2024-06-20 17:59:13,0
0,2024-06-20 18:01:13,0
0,2024-06-20 18:03:13,0
0,2024-06-20 18:05:13,0
0,2024-06-20 18:07:13,0
0,2024-06-20 18:09:13,0
0,2024-06-20 18:11:13,0
0,2024-06-20 18:13:13,0
0,2024-06-20 18:15:13,0
0,2024-06-20 18:17:13,0
0,2024-06-20 18:19:13,0
0,2024-06-20 18:21:13,0
0,2024-06-20 18:23:13,0
0,2024-06-20 18:25:13,0
0,2024-06-20 18:27:13,0
0,2024-06-20 18:29:13,0
