parse metadata,infra.grpc.invoker,get metadata from header,parseDataReportFlag ok,DeleteFieldValues <:REQ:>,<:staticStrategies:>,rego exec input:<:MAP:>,computeDeptMembersObjectIDs end,computeOwnObjectIDs end,build <:*:> [trace.id=<:SEQ:> <:transactionID:> <:spanID:>,AuthListByName <:<:ChineseInfo:>:>,no need or no have tags [trace.id=<:SEQ:> <:transactionID:> <:spanID:>,<:REQ:>,funName=DataCompose,funName=concurrentNoPaging run task end,getDept success,getBackupEmp success,Depts only have yunzhanghu,parent node is not exist,getPermTagsAndValues <:*:>,curpkg+name: code.yunzhanghu.com/be/yid/server/grpc/v1/CheckDelay [trace.id=<:SEQ:> <:transactionID:> <:spanID:>,no need or no have tags,build <:*:>,computeAndCompare same,allNum=<:NUM:>,protection for <:*:> have compare <:NUM:>,build <:*:> <:*:> [trace.id=<:SEQ:> <:transactionID:> <:spanID:>,no page <:*:>,ClientEnvHandler is <:*:>,<:GIN:>,no page <:*:> [trace.id=<:SEQ:> <:transactionID:> <:spanID:>,GetPublicKey API delay for 1s [trace.id=<:SEQ:> <:transactionID:> <:spanID:>,no <:*:>,msg,Response=<:MAP:>,message,superiorAndDeputy empty,approve callback start,svc.ApproveCallback failed,approve status error,build <:*:> reply,<:ownDeptIDs:>,<:query signature:>,loaded policy count:<:NUM:>,loadRegoMySQLInterval success,<:list modules:>,query ge<:updateFanweiEmployee failed:>,not find dictionary type=<:NUM:>,Dao.GetSession,<:deptLeaderManageDeptIDs:>,<:listManageOrgReq:>,error occurred in <:NewAccessRequest:>,token check failed,protection for <:*:> done,exMail sendReques<:updateFanweiEmployee failed:>,<:tagID:>,callback status error,GetSupervisorPosition success,[GetBaseInfoByEmpID] db ge<:updateFanweiEmployee failed:>,GetBaseInfoByEmpID failed,<:YID:>,no api page resources,check failed,protection.ComputeAndDiff failed,parent deptIDs=[<:SEQ:>],sign switch is off [trace.id=<:SEQ:> <:transactionID:> <:spanID:>,<:*:> started successfully,ykmsyid <:*:> start kms,<:*:> API delay for 10m0s [trace.id=<:SEQ:> <:transactionID:> <:spanID:>,[GetAuthorizedDept] getAllDept success,dept inChargeSuperiors is empty,checkCheckPer<:updateFanweiEmployee failed:>,s.getAuthObject objects=[dealer id customer id],checkAndBuildListPermDataReq failed,ListFieldValues failed,p.svc.GetSingleYidSingleFieldPermDat<:updateFanweiEmployee failed:>,<:listReq:>,GrpcDataReportInterceptor parse methodSet: <:MAP:>,loadKdConfig success,len(deptYids)=<:NUM:>,len(allDeptMembers)=<:NUM:>,get other dutyCommittee backup employee success,AuthSessionVali<:updateFanweiEmployee failed:>,Dao.NewSession,Login(totp verify) success,"""userID"":""<:SEQ:>""",SendWeChatMarkdownMsg failed,Sending login weChat markdown messag<:updateFanweiEmployee failed:>,ok: true [trace.id=<:SEQ:> <:transactionID:> <:spanID:>,[GetAuthorizedEmp] getAllEmp success count=<:NUM:> [trace.id=<:SEQ:> <:transactionID:> <:spanID:>,version,ykms addr: ykms://yid@ykms:<:NUM:>,ykmsyid DefaultDEK.Error rpc error: code = Unknown desc = <:NUM:>-the kek(name:yid:<:id:>xx,captcha is using redis store,NewRedisStore use GoRediStore,Init noeq success,yos init success,ymsg init success,cuid init success,s.cfg.Prometheus.Interval=<:NUM:>,yid grpc ListFieldValues failed,initGlobalDelayDuration delayStr is nil,ListDealerPermResources API delay for 10m0s [trace.id=<:SEQ:> <:transactionID:> <:spanID:>,permClient.Check failed,FindRoleStrategyRelations failed,FindEmpSubjectsAuths failed,GetOwnAndDeptMembersPer<:updateFanweiEmployee failed:>,<:result:>,dept is empty,[initToken] getToke<:updateFanweiEmployee failed:>,[checkDeleteFieldValuesReq] GetFieldByAppAndNam<:updateFanweiEmployee failed:>,[DeleteFieldValues] checkDeleteFieldValuesReq failed:<:REQ:>,success: <:YID:>,GetAuthorizedDept success,timestamp
13971,13950,13950,13950,4964,262,552,262,262,542,10,262,4964,0,0,207,207,207,0,262,0,262,552,0,0,0,10,0,27,27,0,0,0,0,3,3,0,3,3,3,0,0,0,2,2,2,0,0,0,0,0,0,0,0,0,0,0,0,0,0,0,0,0,0,0,0,0,0,0,0,0,0,0,0,0,0,0,0,0,0,0,0,0,0,0,0,0,0,0,0,0,0,0,0,0,0,0,0,0,0,0,0,0,0,0,0,0,0,0,0,0,0,0,0,2023-11-28 20:00:00
13410,13436,13436,13436,4615,281,518,281,281,507,11,281,4615,0,0,220,220,218,0,281,0,281,518,0,0,0,11,0,26,26,0,0,0,0,2,2,1,2,2,2,0,0,0,2,2,2,0,0,0,0,0,0,0,0,0,0,0,1,0,0,0,0,0,0,0,0,0,0,0,0,0,0,0,0,0,0,0,0,0,0,0,0,0,0,0,0,0,0,0,0,0,0,0,0,0,0,0,0,0,0,0,0,0,0,0,0,0,0,0,0,0,0,0,0,2023-11-28 20:02:00
12702,12694,12694,12694,4431,249,509,249,249,502,7,249,4431,0,0,205,205,205,0,249,0,249,509,0,0,0,7,0,26,26,0,0,0,0,2,2,0,2,2,2,0,0,0,2,2,2,0,0,0,0,0,0,0,0,0,0,0,0,0,0,0,0,0,0,0,0,0,0,0,0,0,0,0,0,0,0,0,0,0,0,0,0,0,0,0,0,0,0,0,0,0,0,0,0,0,0,0,0,0,0,0,0,0,0,0,0,0,0,0,0,0,0,0,0,2023-11-28 20:04:00
13005,13008,13007,13007,4547,257,547,257,257,534,13,257,4547,0,0,239,239,239,0,256,0,257,547,0,0,0,13,0,28,28,0,0,0,9,4,4,0,4,4,4,0,0,0,2,2,2,0,0,0,0,0,0,0,0,0,0,0,0,0,0,0,0,0,0,0,0,0,0,0,0,0,0,0,0,0,0,0,0,0,0,0,0,0,0,0,0,0,0,0,0,0,0,0,0,0,0,0,0,0,0,0,0,0,0,0,0,0,0,0,0,0,0,0,0,2023-11-28 20:06:00
14206,14195,14195,14195,5061,276,572,276,276,567,5,276,5061,0,0,209,209,209,0,277,0,276,572,0,0,0,5,0,26,26,0,0,0,1,2,2,0,2,2,2,0,0,0,2,2,2,0,0,0,0,0,0,0,0,0,0,0,0,0,0,0,0,0,0,0,0,0,0,0,0,0,0,0,0,0,0,0,0,0,0,0,0,0,0,0,0,0,0,0,0,0,0,0,0,0,0,0,0,0,0,0,0,0,0,0,0,0,0,0,0,0,0,0,0,2023-11-28 20:08:00
13566,13575,13575,13575,4814,247,532,244,244,522,10,244,4814,0,0,228,228,228,0,244,0,244,532,0,0,0,10,0,27,27,0,0,0,0,3,3,0,3,3,2,0,0,0,2,2,2,0,0,0,0,0,0,0,0,0,0,1,0,0,0,0,0,0,0,0,0,0,0,0,0,0,0,0,0,0,0,0,0,0,0,0,0,0,0,0,0,0,0,0,0,0,0,0,0,0,0,0,0,0,0,0,0,0,0,0,0,0,0,0,0,0,0,0,0,2023-11-28 20:10:00
13777,13774,13774,13774,4919,266,525,268,268,520,5,268,4919,0,0,201,201,201,0,268,0,268,525,0,0,0,5,0,28,28,0,0,0,1,4,4,0,4,4,4,0,0,0,2,2,2,0,0,0,0,0,0,0,0,0,0,0,0,0,0,0,0,0,0,0,0,0,0,0,0,0,0,0,0,0,0,0,0,0,0,0,0,0,0,0,0,0,0,0,0,0,0,0,0,0,0,0,0,0,0,0,0,0,0,0,0,0,0,0,0,0,0,0,0,2023-11-28 20:12:00
13554,13560,13560,13560,4782,273,526,273,273,517,9,273,4782,0,0,225,225,225,0,274,0,273,526,0,0,0,9,0,26,26,0,0,0,0,2,2,0,2,2,2,0,0,0,2,2,2,0,0,0,0,0,0,0,0,0,0,0,0,0,0,0,0,0,0,0,0,0,0,0,0,0,0,0,0,0,0,0,0,0,0,0,0,0,0,0,0,0,0,0,0,0,0,0,0,0,0,0,0,0,0,0,0,0,0,0,0,1,0,0,0,0,0,0,0,2023-11-28 20:14:00
13598,13594,13594,13594,4856,251,581,250,250,510,71,250,4856,0,0,200,200,200,0,249,0,250,581,0,0,0,20,0,27,27,0,0,0,0,3,3,0,2,2,2,51,0,0,2,2,2,0,0,0,0,0,0,0,0,0,0,0,0,0,0,0,0,0,0,0,1,0,0,0,0,0,0,0,0,0,0,0,0,0,0,0,0,0,0,0,0,0,0,0,0,0,0,0,0,0,0,0,0,0,0,0,0,0,0,0,0,0,0,0,0,0,0,0,0,2023-11-28 20:16:00
13480,13479,13479,13479,4767,263,516,264,264,513,3,264,4767,0,0,208,208,208,0,265,0,264,516,0,0,0,3,0,28,28,0,0,0,0,5,5,0,5,5,4,0,0,0,2,2,2,0,0,0,0,0,0,0,0,0,0,1,0,0,0,0,0,0,0,0,0,0,0,0,0,0,0,0,0,0,0,0,0,0,0,0,0,0,0,0,0,0,0,0,0,0,0,0,0,0,0,0,0,0,0,0,0,0,0,0,0,0,0,0,0,0,0,0,0,2023-11-28 20:18:00
13770,13775,13775,13775,4916,280,513,280,280,508,5,280,4916,0,0,231,231,230,0,280,0,280,513,0,0,0,5,0,26,26,0,0,0,0,2,2,1,2,2,2,0,0,0,2,2,2,0,0,0,0,0,0,0,0,0,0,0,0,0,0,0,0,0,0,0,0,0,0,0,0,0,0,0,0,0,0,0,0,0,0,0,0,0,0,0,0,0,0,0,0,0,0,0,0,0,0,0,0,0,0,0,0,0,0,0,0,0,0,0,0,0,0,0,0,2023-11-28 20:20:00
13610,13609,13609,13609,4730,272,530,271,271,524,6,271,4730,0,0,217,217,217,0,271,0,271,530,0,0,0,6,0,26,26,0,0,0,0,2,2,0,2,2,2,0,0,0,2,2,2,0,0,0,0,0,0,0,0,0,0,0,0,0,0,0,0,0,0,0,0,0,0,0,0,0,0,0,0,0,0,0,0,0,0,0,0,0,0,0,0,0,0,0,0,0,0,0,0,0,0,0,0,0,0,0,0,0,0,0,0,0,0,0,0,0,0,0,0,2023-11-28 20:22:00
13230,13228,13228,13228,4654,253,502,254,254,498,4,254,4654,0,0,196,196,196,0,254,0,254,502,0,0,0,4,0,26,26,0,0,0,4,2,2,0,2,2,2,0,0,0,2,2,2,0,0,0,0,0,0,0,0,0,0,0,0,0,0,0,0,0,0,0,0,0,0,0,0,0,0,0,0,0,0,0,0,0,0,0,0,0,0,0,0,0,0,0,0,0,0,0,0,0,0,0,0,0,0,0,0,0,0,0,0,0,0,0,0,0,0,0,0,2023-11-28 20:24:00
13692,13700,13700,13700,4819,269,538,269,269,536,2,269,4819,0,0,231,231,229,0,269,0,269,538,0,0,0,2,0,29,29,0,0,0,5,5,5,2,5,5,5,0,0,0,2,2,2,0,0,0,0,0,0,0,0,0,0,0,0,0,0,0,0,0,0,0,0,0,0,0,0,0,0,0,0,0,0,0,0,0,0,0,0,0,0,0,0,0,0,0,0,0,0,0,0,0,0,0,0,0,0,0,0,0,0,0,0,0,0,0,0,0,0,0,0,2023-11-28 20:26:00
13758,13754,13754,13754,4892,274,547,273,273,540,7,273,4892,0,0,204,204,203,0,273,0,273,547,0,0,0,7,0,26,26,0,0,0,0,2,2,1,2,2,2,0,0,0,2,2,2,0,0,0,0,0,0,0,0,0,0,0,0,0,0,0,0,0,0,0,0,0,0,0,0,0,0,0,0,0,0,0,0,0,0,0,0,0,0,0,0,0,0,0,0,0,0,0,0,0,0,0,0,0,0,0,0,0,0,0,0,0,0,0,0,0,0,0,0,2023-11-28 20:28:00
13947,13945,13945,13945,4936,264,532,264,264,526,6,264,4936,0,0,219,219,218,0,264,0,264,532,0,0,0,6,0,26,26,0,0,0,15,2,2,1,2,2,2,0,0,0,2,2,2,0,0,0,0,0,0,0,0,0,0,0,0,0,0,0,0,0,0,0,0,0,0,0,0,0,0,0,0,0,0,0,0,0,0,0,0,0,0,0,0,0,0,0,0,0,0,0,0,0,0,0,0,0,0,0,0,0,0,0,0,0,0,0,0,0,0,0,0,2023-11-28 20:30:00
13682,13683,13683,13683,4837,252,541,253,253,535,6,253,4837,0,0,211,211,211,0,252,0,253,541,0,0,0,6,0,28,28,0,0,0,0,4,4,0,4,4,4,0,0,0,2,2,2,0,0,0,0,0,0,0,0,0,0,0,0,0,0,0,0,0,0,0,0,0,0,0,0,0,0,0,0,0,0,0,0,0,0,0,0,0,0,0,0,0,0,0,0,0,0,0,0,0,0,0,0,0,0,0,0,0,0,0,0,0,0,0,0,0,0,0,0,2023-11-28 20:32:00
14126,14127,14127,14127,5011,276,559,276,276,552,7,276,5011,0,0,233,233,232,0,277,0,276,559,0,0,0,7,0,26,26,0,0,0,0,2,2,1,2,2,2,0,0,0,2,2,2,0,0,0,0,0,0,0,0,0,0,0,0,0,0,0,0,0,0,0,0,0,0,0,0,0,0,0,0,0,0,0,0,0,0,0,0,0,0,0,0,0,0,0,0,0,0,0,0,0,0,0,0,0,0,0,0,0,0,0,0,0,0,0,0,0,0,0,0,2023-11-28 20:34:00
14085,14069,14069,14069,5064,258,527,258,258,517,10,258,5064,0,0,221,221,220,0,257,0,258,527,0,0,0,10,0,27,27,0,0,0,0,3,3,1,3,3,2,0,0,0,2,2,2,0,0,0,0,0,0,0,0,0,0,1,0,0,0,0,0,0,0,0,0,0,0,0,0,0,0,0,0,0,0,0,0,0,0,0,0,0,0,0,0,0,0,0,0,0,0,0,0,0,0,0,0,0,0,0,0,0,0,0,0,0,0,0,0,0,0,0,0,2023-11-28 20:36:00
13566,13585,13585,13585,4862,268,526,268,268,519,7,268,4862,0,0,206,206,206,0,269,0,268,526,0,0,0,7,0,28,28,0,0,0,5,4,4,0,4,4,4,0,0,0,2,2,2,0,0,0,0,0,0,0,0,0,0,0,0,0,0,0,0,0,0,0,0,0,0,0,0,0,0,0,0,0,0,0,0,0,0,0,0,0,0,0,0,0,0,0,0,0,0,0,0,0,0,0,0,0,0,0,0,0,0,0,0,0,0,0,0,0,0,0,0,2023-11-28 20:38:00
13571,13568,13568,13568,4802,253,543,253,253,531,12,253,4802,0,0,218,218,216,0,253,0,253,543,0,0,0,12,0,26,26,0,0,0,5,2,2,2,2,2,2,0,0,0,2,2,2,0,0,0,0,0,0,0,0,0,0,0,0,0,0,0,0,0,0,0,0,0,0,0,0,0,0,0,0,0,0,0,0,0,0,0,0,0,0,0,0,0,0,0,0,0,0,0,0,0,0,0,0,0,0,0,0,0,0,0,0,0,0,0,0,0,0,0,0,2023-11-28 20:40:00
13358,13355,13354,13354,4696,261,511,260,260,507,4,260,4696,0,0,211,211,210,0,260,0,260,511,0,0,0,4,0,25,25,0,0,0,2,2,2,1,2,2,2,0,0,0,2,2,2,0,0,0,0,0,0,0,0,0,0,0,0,0,0,0,0,0,0,0,0,0,0,0,0,0,0,0,0,0,0,0,0,0,0,0,0,0,0,0,0,0,0,0,0,0,0,0,0,0,0,0,0,0,0,0,0,0,0,0,0,0,0,0,0,0,0,0,0,2023-11-28 20:42:00
12915,12923,12923,12923,4585,235,514,236,236,507,7,236,4585,0,0,212,212,212,0,236,0,236,514,0,0,0,7,0,27,27,0,0,0,0,3,3,0,3,3,2,0,0,0,2,2,2,0,0,0,0,0,0,0,0,0,0,1,0,0,0,0,0,0,0,0,0,0,0,0,0,0,0,0,0,0,0,0,0,0,0,0,0,0,0,0,0,0,0,0,0,0,0,0,0,0,0,0,0,0,0,0,0,0,0,0,0,0,0,0,0,0,0,0,0,2023-11-28 20:44:00
13840,13837,13837,13837,4913,254,548,254,254,540,8,254,4913,0,0,210,210,210,0,254,0,254,548,0,0,0,8,0,28,28,0,0,0,0,4,4,0,4,4,4,0,0,0,2,2,2,0,0,0,0,0,0,0,0,0,0,0,0,0,0,0,0,0,0,0,0,0,0,0,0,0,0,0,0,0,0,0,0,0,0,0,0,0,0,0,0,0,0,0,0,0,0,0,0,0,0,0,0,0,0,0,0,0,0,0,0,0,0,0,0,0,0,0,0,2023-11-28 20:46:00
14365,14368,14365,14365,5169,260,532,259,259,526,6,259,5169,0,0,225,225,224,0,259,0,259,532,0,0,0,6,0,26,26,0,0,0,0,2,2,0,2,2,2,0,0,0,2,2,2,0,0,0,0,0,0,0,0,0,0,0,1,0,0,0,0,0,0,0,0,0,0,0,0,0,0,0,0,0,0,0,0,0,0,0,0,0,0,0,0,0,0,0,0,0,0,0,0,0,0,0,0,0,0,0,0,0,0,0,0,0,0,0,0,0,0,0,0,2023-11-28 20:48:00
13590,13588,13588,13588,4805,267,532,268,268,530,2,268,4805,0,0,221,221,221,0,268,0,268,532,0,0,0,2,0,26,26,0,0,0,0,2,2,0,2,2,2,0,0,0,2,2,2,0,0,0,0,0,0,0,0,0,0,0,0,0,0,0,0,0,0,0,0,0,0,0,0,0,0,0,0,0,0,0,0,0,0,0,0,0,0,0,0,0,0,0,0,0,0,0,0,0,0,0,0,0,0,0,0,0,0,0,0,0,0,0,0,0,0,0,0,2023-11-28 20:50:00
13283,13276,13276,13276,4710,252,514,252,252,505,9,252,4710,0,0,205,205,204,0,251,0,252,514,0,0,0,9,0,29,29,0,0,0,1,5,5,1,5,5,5,0,0,0,2,2,2,0,0,0,0,0,0,0,0,0,0,0,0,0,0,0,0,0,0,0,0,0,0,0,0,0,0,0,0,0,0,0,0,0,0,0,0,0,0,0,0,0,0,0,0,0,0,0,0,0,0,0,0,0,0,0,0,0,0,0,0,0,0,0,0,0,0,0,0,2023-11-28 20:52:00
14020,14030,14029,14029,4974,280,547,280,280,539,8,280,4974,0,0,187,187,187,0,281,0,280,547,0,0,0,8,0,26,26,0,0,0,0,2,2,0,2,2,2,0,0,0,2,2,2,0,0,0,0,0,0,0,0,0,0,0,0,0,0,0,0,0,0,0,0,0,0,0,0,0,0,0,0,0,0,0,0,0,0,0,0,0,0,0,0,0,0,0,0,0,0,0,0,0,0,0,0,0,0,0,0,0,0,0,0,0,0,0,0,0,0,0,0,2023-11-28 20:54:00
12937,12932,12931,12931,4570,253,526,253,253,518,8,253,4570,0,0,200,200,200,0,252,0,253,526,0,0,0,8,0,26,26,0,0,0,2,2,2,0,2,2,2,0,0,0,2,2,2,0,0,0,0,0,0,0,0,0,0,0,0,0,0,0,0,0,0,0,0,0,0,0,0,0,0,0,0,0,0,0,0,0,0,0,0,0,0,0,0,0,0,0,0,0,0,0,0,0,0,0,0,0,0,0,0,0,0,0,0,0,0,0,0,0,0,0,0,2023-11-28 20:56:00
13786,13785,13785,13785,4886,263,532,263,263,526,6,263,4886,0,0,199,199,199,0,264,0,263,532,0,0,0,6,0,28,28,0,0,0,0,4,4,0,4,4,4,0,0,0,2,2,2,0,0,0,0,0,0,0,0,0,0,0,0,0,0,0,0,0,0,0,0,0,0,0,0,0,0,0,0,0,0,0,0,0,0,0,0,0,0,0,0,0,0,0,0,0,0,0,0,0,0,0,0,0,0,0,0,0,0,0,0,0,0,0,0,0,0,0,0,2023-11-28 20:58:00
12958,12968,12968,12968,4548,270,516,270,270,513,3,270,4548,0,0,187,187,187,0,270,0,270,516,0,0,0,3,0,26,26,0,0,0,0,2,2,0,2,2,2,0,0,0,2,2,2,0,0,0,0,0,0,0,0,0,0,0,0,0,0,0,0,0,0,0,0,0,0,0,0,0,0,0,0,0,0,0,0,0,0,0,0,0,0,0,0,0,0,0,0,0,0,0,0,0,0,0,0,0,0,0,0,0,0,0,0,0,0,0,0,0,0,0,0,2023-11-28 21:00:00
