parse metadata,infra.grpc.invoker,get metadata from header,parseDataReportFlag ok,DeleteFieldValues <:REQ:>,<:staticStrategies:>,rego exec input:<:MAP:>,computeDeptMembersObjectIDs end,computeOwnObjectIDs end,build <:*:> [trace.id=<:SEQ:> <:transactionID:> <:spanID:>,AuthListByName <:<:ChineseInfo:>:>,no need or no have tags [trace.id=<:SEQ:> <:transactionID:> <:spanID:>,<:REQ:>,funName=DataCompose,funName=concurrentNoPaging run task end,getDept success,getBackupEmp success,Depts only have yunzhanghu,parent node is not exist,getPermTagsAndValues <:*:>,curpkg+name: code.yunzhanghu.com/be/yid/server/grpc/v1/CheckDelay [trace.id=<:SEQ:> <:transactionID:> <:spanID:>,no need or no have tags,build <:*:>,computeAndCompare same,allNum=<:NUM:>,protection for <:*:> have compare <:NUM:>,build <:*:> <:*:> [trace.id=<:SEQ:> <:transactionID:> <:spanID:>,no page <:*:>,ClientEnvHandler is <:*:>,<:GIN:>,no page <:*:> [trace.id=<:SEQ:> <:transactionID:> <:spanID:>,GetPublicKey API delay for 1s [trace.id=<:SEQ:> <:transactionID:> <:spanID:>,no <:*:>,msg,Response=<:MAP:>,message,superiorAndDeputy empty,approve callback start,svc.ApproveCallback failed,approve status error,build <:*:> reply,<:ownDeptIDs:>,<:query signature:>,loaded policy count:<:NUM:>,loadRegoMySQLInterval success,<:list modules:>,query ge<:updateFanweiEmployee failed:>,not find dictionary type=<:NUM:>,Dao.GetSession,<:deptLeaderManageDeptIDs:>,<:listManageOrgReq:>,error occurred in <:NewAccessRequest:>,token check failed,protection for <:*:> done,exMail sendReques<:updateFanweiEmployee failed:>,<:tagID:>,callback status error,GetSupervisorPosition success,[GetBaseInfoByEmpID] db ge<:updateFanweiEmployee failed:>,GetBaseInfoByEmpID failed,<:YID:>,no api page resources,check failed,protection.ComputeAndDiff failed,parent deptIDs=[<:SEQ:>],sign switch is off [trace.id=<:SEQ:> <:transactionID:> <:spanID:>,<:*:> started successfully,ykmsyid <:*:> start kms,<:*:> API delay for 10m0s [trace.id=<:SEQ:> <:transactionID:> <:spanID:>,[GetAuthorizedDept] getAllDept success,dept inChargeSuperiors is empty,checkCheckPer<:updateFanweiEmployee failed:>,s.getAuthObject objects=[dealer id customer id],checkAndBuildListPermDataReq failed,ListFieldValues failed,p.svc.GetSingleYidSingleFieldPermDat<:updateFanweiEmployee failed:>,<:listReq:>,GrpcDataReportInterceptor parse methodSet: <:MAP:>,loadKdConfig success,len(deptYids)=<:NUM:>,len(allDeptMembers)=<:NUM:>,get other dutyCommittee backup employee success,AuthSessionVali<:updateFanweiEmployee failed:>,Dao.NewSession,Login(totp verify) success,"""userID"":""<:SEQ:>""",SendWeChatMarkdownMsg failed,Sending login weChat markdown messag<:updateFanweiEmployee failed:>,ok: true [trace.id=<:SEQ:> <:transactionID:> <:spanID:>,[GetAuthorizedEmp] getAllEmp success count=<:NUM:> [trace.id=<:SEQ:> <:transactionID:> <:spanID:>,version,ykms addr: ykms://yid@ykms:<:NUM:>,ykmsyid DefaultDEK.Error rpc error: code = Unknown desc = <:NUM:>-the kek(name:yid:<:id:>xx,captcha is using redis store,NewRedisStore use GoRediStore,Init noeq success,yos init success,ymsg init success,cuid init success,s.cfg.Prometheus.Interval=<:NUM:>,yid grpc ListFieldValues failed,initGlobalDelayDuration delayStr is nil,ListDealerPermResources API delay for 10m0s [trace.id=<:SEQ:> <:transactionID:> <:spanID:>,permClient.Check failed,FindRoleStrategyRelations failed,FindEmpSubjectsAuths failed,GetOwnAndDeptMembersPer<:updateFanweiEmployee failed:>,<:result:>,dept is empty,[initToken] getToke<:updateFanweiEmployee failed:>,[checkDeleteFieldValuesReq] GetFieldByAppAndNam<:updateFanweiEmployee failed:>,[DeleteFieldValues] checkDeleteFieldValuesReq failed:<:REQ:>,success: <:YID:>,GetAuthorizedDept success,timestamp
21,21,21,21,0,0,44,0,0,26,18,0,0,0,0,3,3,0,0,0,0,0,44,0,0,0,18,0,26,26,0,0,0,0,2,2,3,2,2,2,0,0,0,2,2,2,0,0,0,0,0,0,0,0,0,0,0,0,0,0,0,0,0,0,0,0,0,0,0,0,0,0,0,0,0,0,0,0,0,0,0,0,0,0,0,0,0,0,0,0,0,0,0,0,0,0,0,0,0,0,0,0,0,0,0,0,0,0,0,0,0,0,0,0,2023-11-29 07:00:00
24,21,24,24,0,0,47,0,0,27,20,0,0,0,0,1,1,0,0,0,0,0,47,0,0,0,20,0,27,27,0,0,0,0,3,3,1,3,3,2,0,0,0,2,2,2,0,0,0,0,0,0,0,0,0,0,1,0,0,0,0,0,0,0,0,0,0,0,0,0,0,0,0,0,0,0,0,0,0,0,0,0,0,0,0,0,0,0,0,0,0,0,0,0,0,0,0,0,0,0,0,0,0,0,0,0,0,0,0,0,0,0,0,0,2023-11-29 07:02:00
27,27,27,27,0,0,55,0,0,28,27,0,0,0,0,0,0,0,0,0,0,0,55,0,0,0,27,0,28,28,0,0,0,0,4,4,0,4,4,4,0,0,0,2,2,2,0,0,0,0,0,0,0,0,0,0,0,0,0,0,0,0,0,0,0,0,0,0,0,0,0,0,0,0,0,0,0,0,0,0,0,0,0,0,0,0,0,0,0,0,0,0,0,0,0,0,0,0,0,0,0,0,0,0,0,0,0,0,0,0,0,0,0,0,2023-11-29 07:04:00
27,27,27,27,0,0,53,0,0,26,27,0,0,0,0,0,0,0,0,0,0,0,53,0,0,0,27,0,26,26,0,0,0,2,2,2,0,2,2,2,0,0,0,2,2,2,0,0,0,0,0,0,0,0,0,0,0,0,0,0,0,0,0,0,0,0,0,0,0,0,0,0,0,0,0,0,0,0,0,0,0,0,0,0,0,0,0,0,0,0,0,0,0,0,0,0,0,0,0,0,0,0,0,0,0,0,0,0,0,0,0,0,0,0,2023-11-29 07:06:00
21,21,21,21,0,0,45,0,0,26,19,0,0,0,0,2,2,0,0,0,0,0,45,0,0,0,19,0,26,26,0,0,0,0,2,2,2,2,2,2,0,0,0,2,2,2,0,0,0,0,0,0,0,0,0,0,0,0,0,0,0,0,0,0,0,0,0,0,0,0,0,0,0,0,0,0,0,0,0,0,0,0,0,0,0,0,0,0,0,0,0,0,0,0,0,0,0,0,0,0,0,0,0,0,0,0,0,0,0,0,0,0,0,0,2023-11-29 07:08:00
19,19,19,19,0,0,46,0,0,28,18,0,0,0,0,1,1,0,0,0,0,0,46,0,0,0,18,0,28,28,0,0,0,0,4,4,1,4,4,4,0,0,0,2,2,2,0,0,0,0,0,0,0,0,0,0,0,0,0,0,0,0,0,0,0,0,0,0,0,0,0,0,0,0,0,0,0,0,0,0,0,0,0,0,0,0,0,0,0,0,0,0,0,0,0,0,0,0,0,0,0,0,0,0,0,0,0,0,0,0,0,0,0,0,2023-11-29 07:10:00
20,20,20,20,0,0,47,0,0,27,20,0,0,0,0,0,0,0,0,0,0,0,47,0,0,0,20,0,27,27,0,0,0,0,3,3,0,3,3,2,0,0,0,2,2,2,0,0,0,0,0,0,0,0,0,0,1,0,0,0,0,0,0,0,0,0,0,0,0,0,0,0,0,0,0,0,0,0,0,0,0,0,0,0,0,0,0,0,0,0,0,0,0,0,0,0,0,0,0,0,0,0,0,0,0,0,0,0,0,0,0,0,0,0,2023-11-29 07:12:00
14,14,14,14,0,0,40,0,0,26,14,0,0,0,0,0,0,0,0,0,0,0,40,0,0,0,14,0,26,26,0,0,0,0,2,2,0,2,2,2,0,0,0,2,2,2,0,0,0,0,0,0,0,0,0,0,0,0,0,0,0,0,0,0,0,0,0,0,0,0,0,0,0,0,0,0,0,0,0,0,0,0,0,0,0,0,0,0,0,0,0,0,0,0,0,0,0,0,0,0,0,0,0,0,0,0,0,0,0,0,0,0,0,0,2023-11-29 07:14:00
24,24,24,24,0,0,52,0,0,28,24,0,0,0,0,0,0,0,0,0,0,0,52,0,0,0,24,0,28,28,0,0,0,0,4,4,0,4,4,4,0,0,0,2,2,2,0,0,0,0,0,0,0,0,0,0,0,0,0,0,0,0,0,0,0,0,0,0,0,0,0,0,0,0,0,0,0,0,0,0,0,0,0,0,0,0,0,0,0,0,0,0,0,0,0,0,0,0,0,0,0,0,0,0,0,0,0,0,0,0,0,0,0,0,2023-11-29 07:16:00
21,21,21,21,0,0,47,0,0,26,21,0,0,0,0,0,0,0,0,0,0,0,47,0,0,0,21,0,26,26,0,0,0,0,2,2,0,2,2,2,0,0,0,2,2,2,0,0,0,0,0,0,0,0,0,0,0,0,0,0,0,0,0,0,0,0,0,0,0,0,0,0,0,0,0,0,0,0,0,0,0,0,0,0,0,0,0,0,0,0,0,0,0,0,0,0,0,0,0,0,0,0,0,0,0,0,0,0,0,0,0,0,0,0,2023-11-29 07:18:00
20,20,20,20,0,0,44,0,0,26,18,0,0,0,0,2,2,0,0,0,0,0,44,0,0,0,18,0,26,26,0,0,0,0,3,3,2,3,3,3,0,0,0,2,2,2,0,0,0,0,0,0,0,0,0,0,0,0,0,0,0,0,0,0,0,0,0,0,0,0,0,0,0,0,0,0,0,0,0,0,0,0,0,0,0,0,0,0,0,0,0,0,0,0,0,0,0,0,0,0,0,0,0,0,0,0,0,0,0,0,0,0,0,0,2023-11-29 07:20:00
13,14,13,13,0,0,39,0,0,26,13,0,0,0,0,0,0,0,0,0,0,0,39,0,0,0,13,0,26,26,0,0,0,0,2,2,0,2,2,2,0,0,0,2,2,2,0,0,0,0,0,0,0,0,0,0,0,0,0,0,0,0,0,0,0,0,0,0,0,0,0,0,0,0,0,0,0,0,0,0,0,0,0,0,0,0,0,0,0,0,0,0,0,0,0,0,0,0,0,0,0,0,0,0,0,0,0,0,0,0,0,0,0,0,2023-11-29 07:22:00
12,12,12,12,0,0,40,0,0,28,12,0,0,0,0,0,0,0,0,0,0,0,40,0,0,0,12,0,28,28,0,0,0,0,4,4,0,4,4,4,0,0,0,2,2,2,0,0,0,0,0,0,0,0,0,0,0,0,0,0,0,0,0,0,0,0,0,0,0,0,0,0,0,0,0,0,0,0,0,0,0,0,0,0,0,0,0,0,0,0,0,0,0,0,0,0,0,0,0,0,0,0,0,0,0,0,0,0,0,0,0,0,0,0,2023-11-29 07:24:00
14,14,14,14,0,0,40,0,0,26,14,0,0,0,0,0,0,0,0,0,0,0,40,0,0,0,14,0,26,26,0,0,0,0,2,2,0,2,2,2,0,0,0,2,2,2,0,0,0,0,0,0,0,0,0,0,0,0,0,0,0,0,0,0,0,0,0,0,0,0,0,0,0,0,0,0,0,0,0,0,0,0,0,0,0,0,0,0,0,0,0,0,0,0,0,0,0,0,0,0,0,0,0,0,0,0,0,0,0,0,0,0,0,0,2023-11-29 07:26:00
15,15,15,15,0,0,40,0,0,27,13,0,0,0,0,2,2,1,0,0,0,0,40,0,0,0,13,0,27,27,0,0,0,0,3,3,0,3,3,2,0,0,0,2,2,2,0,0,0,0,0,0,0,0,0,0,1,1,0,0,0,0,0,0,0,0,0,0,0,0,0,0,0,0,0,0,0,0,0,0,0,0,0,0,0,0,0,0,0,0,0,0,0,0,0,0,0,0,0,0,0,0,0,0,0,0,0,0,0,0,0,0,0,0,2023-11-29 07:28:00
21,21,21,21,0,0,49,0,0,28,21,0,0,0,0,0,0,0,0,0,0,0,49,0,0,0,21,0,28,28,0,0,0,0,4,4,0,4,4,4,0,0,0,2,2,2,0,0,0,0,0,0,0,0,0,0,0,0,0,0,0,0,0,0,0,0,0,0,0,0,0,0,0,0,0,0,0,0,0,0,0,0,0,0,0,0,0,0,0,0,0,0,0,0,0,0,0,0,0,0,0,0,0,0,0,0,0,0,0,0,0,0,0,0,2023-11-29 07:30:00
25,25,25,25,0,0,50,0,0,26,24,0,0,0,0,1,1,0,0,0,0,0,50,0,0,0,24,0,26,26,0,0,0,0,2,2,1,2,2,2,0,0,0,2,2,2,0,0,0,0,0,0,0,0,0,0,0,0,0,0,0,0,0,0,0,0,0,0,0,0,0,0,0,0,0,0,0,0,0,0,0,0,0,0,0,0,0,0,0,0,0,0,0,0,0,0,0,0,0,0,0,0,0,0,0,0,0,0,0,0,0,0,0,0,2023-11-29 07:32:00
20,20,20,20,0,0,44,0,0,26,18,0,0,0,0,2,2,0,0,0,0,0,44,0,0,0,18,0,26,26,0,0,0,0,2,2,2,2,2,2,0,0,0,2,2,2,0,0,0,0,0,0,0,0,0,0,0,0,0,0,0,0,0,0,0,0,0,0,0,0,0,0,0,0,0,0,0,0,0,0,0,0,0,0,0,0,0,0,0,0,0,0,0,0,0,0,0,0,0,0,0,0,0,0,0,0,0,0,0,0,0,0,0,0,2023-11-29 07:34:00
14,14,14,14,0,0,41,0,0,28,13,0,0,0,0,1,1,1,0,0,0,0,41,0,0,0,13,0,28,28,0,0,0,0,4,4,0,4,4,4,0,0,0,2,2,2,0,0,0,0,0,0,0,0,0,0,0,0,0,0,0,0,0,0,0,0,0,0,0,0,0,0,0,0,0,0,0,0,0,0,0,0,0,0,0,0,0,0,0,0,0,0,0,0,0,0,0,0,0,0,0,0,0,0,0,0,0,0,0,0,0,0,0,0,2023-11-29 07:36:00
17,17,17,17,0,0,43,0,0,27,16,0,0,0,0,1,1,0,0,0,0,0,43,0,0,0,16,0,27,27,0,0,0,0,3,3,1,3,3,2,0,0,0,2,2,2,0,0,0,0,0,0,0,0,0,0,1,0,0,0,0,0,0,0,0,0,0,0,0,0,0,0,0,0,0,0,0,0,0,0,0,0,0,0,0,0,0,0,0,0,0,0,0,0,0,0,0,0,0,0,0,0,0,0,0,0,0,0,0,0,0,0,0,0,2023-11-29 07:38:00
17,18,17,17,0,0,41,0,0,26,15,0,0,0,0,2,2,1,0,0,0,0,41,0,0,0,15,0,26,26,0,0,0,1,2,2,0,2,2,2,0,0,0,2,2,2,0,0,0,0,0,0,0,0,0,0,0,1,0,0,0,0,0,0,0,0,0,0,0,0,0,0,0,0,0,0,0,0,0,0,0,0,0,0,0,0,0,0,0,0,0,0,0,0,0,0,0,0,0,0,0,0,0,0,0,0,0,0,0,0,0,0,0,0,2023-11-29 07:40:00
20,20,20,20,0,0,46,0,0,28,18,0,0,0,0,2,2,1,0,0,0,0,46,0,0,0,18,0,28,28,0,0,0,0,4,4,1,4,4,4,0,0,0,2,2,2,0,0,0,0,0,0,0,0,0,0,0,0,0,0,0,0,0,0,0,0,0,0,0,0,0,0,0,0,0,0,0,0,0,0,0,0,0,0,0,0,0,0,0,0,0,0,0,0,0,0,0,0,0,0,0,0,0,0,0,0,0,0,0,0,0,0,0,0,2023-11-29 07:42:00
22,22,22,22,0,0,48,0,0,26,22,0,0,0,0,0,0,0,0,0,0,0,48,0,0,0,22,0,26,26,0,0,0,0,2,2,0,2,2,2,0,0,0,2,2,2,0,0,0,0,0,0,0,0,0,0,0,0,0,0,0,0,0,0,0,0,0,0,0,0,0,0,0,0,0,0,0,0,0,0,0,0,0,0,0,0,0,0,0,0,0,0,0,0,0,0,0,0,0,0,0,0,0,0,0,0,0,0,0,0,0,0,0,0,2023-11-29 07:44:00
20,20,20,20,0,0,47,0,0,27,20,0,0,0,0,0,0,0,0,0,0,0,47,0,0,0,20,0,27,27,0,0,0,0,3,3,0,3,3,3,0,0,0,2,2,2,0,0,0,0,0,0,0,0,0,0,0,0,0,0,0,0,0,0,0,0,0,0,0,0,0,0,0,0,0,0,0,0,0,0,0,0,0,0,0,0,0,0,0,0,0,0,0,0,0,0,0,0,0,0,0,0,0,0,0,0,0,0,0,0,0,0,0,0,2023-11-29 07:46:00
14,14,14,14,0,0,40,0,0,26,14,0,0,0,0,0,0,0,0,0,0,0,40,0,0,0,14,0,26,26,0,0,0,1,2,2,0,2,2,2,0,0,0,2,2,2,0,0,0,0,0,0,0,0,0,0,0,0,0,0,0,0,0,0,0,0,0,0,0,0,0,0,0,0,0,0,0,0,0,0,0,0,0,0,0,0,0,0,0,0,0,0,0,0,0,0,0,0,0,0,0,0,0,0,0,0,0,0,0,0,0,0,0,0,2023-11-29 07:48:00
17,17,17,17,0,0,44,0,0,28,16,0,0,0,0,1,1,0,0,0,0,0,44,0,0,0,16,0,28,28,0,0,0,0,4,4,1,4,4,4,0,0,0,2,2,2,0,0,0,0,0,0,0,0,0,0,0,0,0,0,0,0,0,0,0,0,0,0,0,0,0,0,0,0,0,0,0,0,0,0,0,0,0,0,0,0,0,0,0,0,0,0,0,0,0,0,0,0,0,0,0,0,0,0,0,0,0,0,0,0,0,0,0,0,2023-11-29 07:50:00
24,24,24,24,0,0,49,0,0,26,23,0,0,0,0,1,1,0,0,0,0,0,49,0,0,0,23,0,26,26,0,0,0,1,2,2,1,2,2,2,0,0,0,2,2,2,0,0,0,0,0,0,0,0,0,0,0,0,0,0,0,0,0,0,0,0,0,0,0,0,0,0,0,0,0,0,0,0,0,0,0,0,0,0,0,0,0,0,0,0,0,0,0,0,0,0,0,0,0,0,0,0,0,0,0,0,0,0,0,0,0,0,0,0,2023-11-29 07:52:00
19,19,19,19,0,0,44,0,0,27,17,0,0,0,0,2,2,0,0,0,0,0,44,0,0,0,17,0,27,27,0,0,0,0,3,3,2,3,3,2,0,0,0,2,2,2,0,0,0,0,0,0,0,0,0,0,1,0,0,0,0,0,0,0,0,0,0,0,0,0,0,0,0,0,0,0,0,0,0,0,0,0,0,0,0,0,0,0,0,0,0,0,0,0,0,0,0,0,0,0,0,0,0,0,0,0,0,0,0,0,0,0,0,0,2023-11-29 07:54:00
31,31,31,31,0,0,57,0,0,27,30,0,0,0,0,1,1,0,0,0,0,0,57,0,0,0,30,0,27,27,0,0,0,0,4,4,0,4,4,4,0,0,0,2,2,2,0,0,0,0,0,0,0,0,0,0,0,1,0,0,0,0,0,0,0,0,0,0,0,0,0,0,0,0,0,0,0,0,0,0,0,0,0,0,0,0,0,0,0,0,0,0,0,0,0,0,0,0,0,0,0,0,0,0,0,0,0,0,0,0,0,0,0,0,2023-11-29 07:56:00
13,15,13,13,0,0,39,0,0,26,13,0,0,0,0,0,0,0,0,0,0,0,39,0,0,0,13,0,26,26,0,0,0,0,2,2,0,2,2,2,0,0,0,2,2,2,0,0,0,0,0,0,0,0,0,0,0,0,0,0,0,0,0,0,0,0,0,0,0,0,0,0,0,0,0,0,0,0,0,0,0,0,0,0,0,0,0,0,0,0,0,0,0,0,0,0,0,0,0,0,0,0,0,0,0,0,0,0,0,0,0,0,0,0,2023-11-29 07:58:00
24,24,24,24,0,0,49,0,0,26,23,0,0,0,0,1,1,0,0,0,0,0,49,0,0,0,23,0,26,26,0,0,0,0,2,2,1,2,2,2,0,0,0,2,2,2,0,0,0,0,0,0,0,0,0,0,0,0,0,0,0,0,0,0,0,0,0,0,0,0,0,0,0,0,0,0,0,0,0,0,0,0,0,0,0,0,0,0,0,0,0,0,0,0,0,0,0,0,0,0,0,0,0,0,0,0,0,0,0,0,0,0,0,0,2023-11-29 08:00:00
