get metadata from header,parseDataReportFlag ok,infra.grpc.invoker,parse metadata,DeleteFieldValues <:REQ:>,<:staticStrategies:>,rego exec input:<:MAP:>,build <:*:> [trace.id=<:SEQ:> <:transactionID:> <:spanID:>,computeDeptMembersObjectIDs end,computeOwnObjectIDs end,getDept success,getBackupEmp success,Depts only have yunzhanghu,no need or no have tags [trace.id=<:SEQ:> <:transactionID:> <:spanID:>,getPermTagsAndValues success,curpkg+name: code.yunzhanghu.com/be/yid/server/grpc/v1/CheckDelay [trace.id=<:SEQ:> <:transactionID:> <:spanID:>,funName=concurrentNoPaging run task end,AuthListByName <:<:ChineseInfo:>:>,<:REQ:>,funName=DataCompose,parent node is not exist,no need or no have tags,computeAndCompare same,build <:*:> <:*:> [trace.id=<:SEQ:> <:transactionID:> <:spanID:>,ClientEnvHandler is <:*:>,<:GIN:>,build <:*:>,allNum=<:NUM:>,protection for <:*:> have compare <:NUM:>,no page <:*:>,no page <:*:> [trace.id=<:SEQ:> <:transactionID:> <:spanID:>,no <:*:>,Response=<:MAP:>,superiorAndDeputy empty,message,approve callback start,svc.ApproveCallback failed,approve status error,<:query signature:>,msg,loaded policy count:<:NUM:>,<:list modules:>,loadRegoMySQLInterval success,<:ownDeptIDs:>,query ge<:updateFanweiEmployee failed:>,Dao.GetSession,error occurred in <:NewAccessRequest:>,token check failed,<:deptLeaderManageDeptIDs:>,<:listManageOrgReq:>,GetSupervisorPosition success,[GetBaseInfoByEmpID] db ge<:updateFanweiEmployee failed:>,GetBaseInfoByEmpID failed,protection for <:*:> done,parent deptIDs=[<:SEQ:>],callback status error,build <:*:> reply,<:YID:>,no api page resources,check failed,protection.ComputeAndDiff failed,<:*:> started successfully,sign switch is off [trace.id=<:SEQ:> <:transactionID:> <:spanID:>,[GetAuthorizedDept] getAllDept success,dept inChargeSuperiors is empty,checkCheckPer<:updateFanweiEmployee failed:>,s.getAuthObject objects=[dealer id customer id],checkAndBuildListPermDataReq failed,ListFieldValues failed,p.svc.GetSingleYidSingleFieldPermDat<:updateFanweiEmployee failed:>,<:tagID:>,<:listReq:>,GrpcDataReportInterceptor parse methodSet: <:MAP:>,loadKdConfig success,len(deptYids)=<:NUM:>,len(allDeptMembers)=<:NUM:>,get other dutyCommittee backup employee success,AuthSessionVali<:updateFanweiEmployee failed:>,Dao.NewSession,Login(totp verify) success,"""userID"":""<:SEQ:>""",SendWeChatMarkdownMsg failed,Sending login weChat markdown messag<:updateFanweiEmployee failed:>,ok: true [trace.id=<:SEQ:> <:transactionID:> <:spanID:>,[GetAuthorizedEmp] getAllEmp success count=<:NUM:> [trace.id=<:SEQ:> <:transactionID:> <:spanID:>,timestamp
8,8,8,8,0,0,32,25,0,0,1,1,0,0,0,0,0,7,0,0,0,0,0,7,25,25,32,0,0,0,0,0,2,1,2,2,2,2,0,0,2,2,2,0,0,0,0,0,0,0,0,0,0,0,0,0,0,0,0,0,0,0,0,0,0,0,0,0,0,0,0,0,0,0,0,0,0,0,0,0,0,0,0,0,0,2023-11-20 10:30:00
3771,3771,3771,3771,1332,61,168,161,61,61,126,126,126,61,61,0,0,7,1332,0,0,61,0,7,28,28,168,0,0,0,0,0,4,0,4,4,4,4,0,5,2,2,2,0,0,0,0,0,0,0,0,0,0,0,0,0,0,0,0,0,0,0,0,0,0,0,0,0,0,0,0,0,0,0,0,0,0,0,0,0,0,0,0,0,0,2023-11-20 10:32:00
4870,4870,4870,4870,1698,92,208,206,92,92,189,189,189,92,92,0,0,2,1698,0,0,92,0,2,27,27,208,0,0,0,0,0,3,0,3,3,3,3,0,0,2,2,2,0,0,0,0,0,0,0,0,0,0,0,0,0,0,0,0,0,0,0,0,0,0,0,0,0,0,0,0,0,0,0,0,0,0,0,0,0,0,0,0,0,0,2023-11-20 10:34:00
4851,4851,4851,4852,1699,101,208,203,100,100,179,179,179,100,100,0,0,5,1699,0,0,100,0,5,26,26,208,0,0,0,0,0,2,0,2,2,2,2,0,0,2,2,2,0,0,0,0,0,0,0,0,0,0,0,0,0,0,0,0,0,0,0,0,0,0,0,0,0,0,0,0,0,0,0,0,0,0,0,0,0,0,0,0,0,0,2023-11-20 10:36:00
4866,4866,4866,4865,1704,93,221,215,94,94,172,172,172,94,94,0,0,6,1704,0,0,94,0,6,28,28,221,0,0,0,0,0,4,0,4,4,4,4,0,0,2,2,2,0,0,0,0,0,0,0,0,0,0,0,0,0,0,0,0,0,0,0,0,0,0,0,0,0,0,0,0,0,0,0,0,0,0,0,0,0,0,0,0,0,0,2023-11-20 10:38:00
4906,4906,4906,4909,1710,103,212,210,103,103,180,180,180,103,103,0,0,2,1710,0,0,103,0,2,27,27,212,0,0,0,0,0,3,0,3,3,3,3,0,3,2,2,2,0,0,0,0,0,0,0,0,0,0,0,0,0,0,0,0,0,0,0,0,0,0,0,0,0,0,0,0,0,0,0,0,0,0,0,0,0,0,0,0,0,0,2023-11-20 10:40:00
4866,4866,4866,4863,1708,94,202,198,94,94,179,179,179,94,94,0,0,4,1708,0,0,94,0,4,26,26,202,0,0,0,0,0,2,0,2,2,2,2,0,0,2,2,2,0,0,0,0,0,0,0,0,0,0,0,0,0,0,0,0,0,0,0,0,0,0,0,0,0,0,0,0,0,0,0,0,0,0,0,0,0,0,0,0,0,0,2023-11-20 10:42:00
4846,4846,4846,4847,1694,92,214,210,92,92,171,171,171,92,92,0,0,4,1694,0,0,92,0,4,27,27,214,0,0,0,0,0,3,0,3,3,3,3,0,1,2,2,2,0,0,0,0,0,0,0,0,0,0,0,0,0,0,0,0,0,0,0,0,0,0,0,0,0,0,0,0,0,0,0,0,0,0,0,0,0,0,0,0,0,0,2023-11-20 10:44:00
4801,4801,4801,4800,1679,92,205,201,92,92,178,178,177,92,92,0,0,4,1679,0,0,92,0,4,28,28,205,0,0,0,0,0,4,0,4,4,4,4,0,0,2,2,2,0,0,0,0,0,0,0,1,0,0,0,0,0,0,0,0,0,0,0,0,0,0,0,0,0,0,0,0,0,0,0,0,0,0,0,0,0,0,0,0,0,0,2023-11-20 10:46:00
4860,4860,4860,4860,1702,92,209,209,92,92,173,173,173,92,92,0,0,0,1702,0,0,92,0,0,26,26,209,0,0,0,0,0,2,0,2,2,2,2,0,2,2,2,2,0,0,0,0,0,0,0,0,0,0,0,0,0,0,0,0,0,0,0,0,0,0,0,0,0,0,0,0,0,0,0,0,0,0,0,0,0,0,0,0,0,0,2023-11-20 10:48:00
4878,4878,4878,4878,1714,91,204,199,91,91,184,184,184,91,91,0,0,5,1714,0,0,91,0,5,27,27,204,0,0,0,0,0,3,0,3,3,3,2,0,0,2,2,2,0,0,0,0,0,0,0,0,0,0,0,0,1,0,0,0,0,0,0,0,0,0,0,0,0,0,0,0,0,0,0,0,0,0,0,0,0,0,0,0,0,0,2023-11-20 10:50:00
4838,4838,4838,4838,1683,97,208,204,97,97,181,181,181,97,97,0,0,4,1683,0,0,97,0,4,26,26,208,0,0,0,0,0,2,0,2,2,2,2,0,0,2,2,2,0,0,0,0,0,0,0,0,0,0,0,0,0,0,0,0,0,0,0,0,0,0,0,0,0,0,0,0,0,0,0,0,0,0,0,0,0,0,0,0,0,0,2023-11-20 10:52:00
2249,2249,2249,2300,682,69,202,195,69,69,96,96,96,69,69,0,0,7,682,0,0,69,0,7,29,29,202,0,0,0,0,0,5,0,5,5,5,4,0,1,2,2,2,0,0,0,0,0,0,0,0,0,0,0,0,1,0,0,0,0,0,0,0,0,0,0,0,0,0,0,0,0,0,0,0,0,0,0,0,0,0,0,0,0,0,2023-11-20 10:54:00
472,472,472,478,0,27,198,197,27,27,46,46,45,27,27,0,0,1,0,0,0,27,0,1,26,26,198,0,0,0,0,0,2,0,2,2,2,2,0,4,2,2,2,0,0,0,0,0,0,0,1,0,0,0,0,0,0,0,0,0,0,0,0,0,0,0,0,0,0,0,0,0,0,0,0,0,0,0,0,0,0,0,0,0,0,2023-11-20 10:56:00
529,529,529,531,14,47,210,203,47,47,35,35,35,47,47,0,0,7,14,0,0,47,0,7,26,26,210,0,0,0,0,0,2,0,2,2,2,2,0,1,2,2,2,0,0,0,0,0,0,0,0,0,0,0,0,0,0,0,0,0,0,0,0,0,0,0,0,0,0,0,0,0,0,0,0,0,0,0,0,0,0,0,0,0,0,2023-11-20 10:58:00
533,533,533,538,0,47,205,201,47,47,44,44,44,47,47,0,0,4,0,0,0,47,0,4,27,27,205,0,0,0,0,0,3,0,3,3,3,3,0,1,2,2,2,0,0,0,0,0,0,0,0,0,0,0,0,0,0,0,0,0,0,0,0,0,0,0,0,0,0,0,0,0,0,0,0,0,0,0,0,0,0,0,0,0,0,2023-11-20 11:00:00
521,521,521,519,7,45,215,211,45,45,33,33,33,45,45,0,0,4,7,0,0,45,0,4,28,28,215,0,0,0,0,0,4,0,4,4,4,4,0,6,2,2,2,0,0,0,0,0,0,0,0,0,0,0,0,0,0,0,0,0,0,0,0,0,0,0,0,0,0,0,0,0,0,0,0,0,0,0,0,0,0,0,0,0,0,2023-11-20 11:02:00
539,539,539,541,14,41,222,214,41,41,36,36,36,41,41,0,0,8,14,0,0,41,0,8,27,27,222,0,0,0,0,0,3,0,3,3,3,3,0,1,2,2,2,0,0,0,0,0,0,0,0,0,0,0,0,0,0,0,0,0,0,0,0,0,0,0,0,0,0,0,0,0,0,0,0,0,0,0,0,0,0,0,0,0,0,2023-11-20 11:04:00
536,536,536,532,14,55,212,208,55,55,40,40,40,55,55,0,0,4,14,0,0,55,0,4,26,26,212,0,0,0,0,0,2,0,2,2,2,2,0,0,2,2,2,0,0,0,0,0,0,0,0,0,0,0,0,0,0,0,0,0,0,0,0,0,0,0,0,0,0,0,0,0,0,0,0,0,0,0,0,0,0,0,0,0,0,2023-11-20 11:06:00
555,555,555,549,0,43,212,204,43,43,42,42,42,43,43,0,0,8,0,0,0,43,0,8,29,29,212,0,0,0,0,0,5,0,5,5,5,5,0,4,2,2,2,0,0,0,0,0,0,0,0,0,0,0,0,0,0,0,0,0,0,0,0,0,0,0,0,0,0,0,0,0,0,0,0,0,0,0,0,0,0,0,0,0,0,2023-11-20 11:08:00
509,509,509,521,14,36,207,203,36,36,38,38,38,36,36,0,0,4,14,0,0,36,0,4,26,26,207,0,0,0,0,0,2,0,2,2,2,2,0,4,2,2,2,0,0,0,0,0,0,0,0,0,0,0,0,0,0,0,0,0,0,0,0,0,0,0,0,0,0,0,0,0,0,0,0,0,0,0,0,0,0,0,0,0,0,2023-11-20 11:10:00
551,551,551,544,7,49,212,206,49,49,35,35,35,49,49,0,0,6,7,0,0,49,0,6,26,26,212,0,0,0,0,0,2,0,2,2,2,2,0,0,2,2,2,0,0,0,0,0,0,0,0,0,0,0,0,0,0,0,0,0,0,0,0,0,0,0,0,0,0,0,0,0,0,0,0,0,0,0,0,0,0,0,0,0,0,2023-11-20 11:12:00
567,567,567,567,0,51,213,213,51,51,33,33,33,51,51,0,0,0,0,0,0,51,0,0,27,27,213,0,0,0,0,0,3,0,3,3,3,2,0,1,2,2,2,0,0,0,0,0,0,0,0,0,0,0,0,1,0,0,0,0,0,0,0,0,0,0,0,0,0,0,0,0,0,0,0,0,0,0,0,0,0,0,0,0,0,2023-11-20 11:14:00
536,536,536,526,7,43,194,193,43,43,45,45,45,43,43,0,0,1,7,0,0,43,0,1,28,28,194,0,0,0,0,0,4,0,4,4,4,4,0,0,2,2,2,0,0,0,0,0,0,0,0,0,0,0,0,0,0,0,0,0,0,0,0,0,0,0,0,0,0,0,0,0,0,0,0,0,0,0,0,0,0,0,0,0,0,2023-11-20 11:16:00
539,539,539,547,7,45,206,198,45,45,53,53,53,45,45,0,0,8,7,0,0,45,0,8,26,26,206,0,0,0,0,0,2,0,2,2,2,2,0,3,2,2,2,0,0,0,0,0,0,0,0,0,0,0,0,0,0,0,0,0,0,0,0,0,0,0,0,0,0,0,0,0,0,0,0,0,0,0,0,0,0,0,0,0,0,2023-11-20 11:18:00
558,558,558,556,7,50,208,205,50,50,47,47,47,50,50,0,0,3,7,0,0,50,0,3,27,27,208,0,0,0,0,0,3,0,3,3,3,2,0,3,2,2,2,0,0,0,0,0,0,0,0,0,0,0,0,1,0,0,0,0,0,0,0,0,0,0,0,0,0,0,0,0,0,0,0,0,0,0,0,0,0,0,0,0,0,2023-11-20 11:20:00
556,556,557,555,7,64,197,196,64,64,44,44,44,64,64,0,0,1,7,0,0,64,0,1,26,26,197,0,0,0,0,0,2,0,2,2,2,2,0,0,2,2,2,0,0,0,0,0,0,0,0,0,0,0,0,0,0,0,0,0,0,0,0,0,0,0,0,0,0,0,0,0,0,0,0,0,0,0,0,0,0,0,0,0,0,2023-11-20 11:22:00
517,517,517,527,0,58,218,213,58,58,34,34,33,58,58,0,0,5,0,0,0,58,0,5,29,29,218,0,0,0,0,0,5,1,5,5,5,5,0,4,2,2,2,0,0,0,0,0,0,0,0,0,0,0,0,0,0,0,0,0,0,0,0,0,0,0,0,0,0,0,0,0,0,0,0,0,0,0,0,0,0,0,0,0,0,2023-11-20 11:24:00
562,562,562,558,8,42,206,204,42,42,50,50,48,42,42,0,0,2,8,0,0,42,0,2,26,26,206,0,0,0,0,0,2,2,2,2,2,2,0,5,2,2,2,0,0,0,0,0,0,0,0,0,0,0,0,0,0,0,0,0,0,0,0,0,0,0,0,0,0,0,0,0,0,0,0,0,0,0,0,0,0,0,0,0,0,2023-11-20 11:26:00
502,502,502,510,6,29,204,199,29,29,23,23,23,29,29,0,0,5,6,0,0,29,0,5,26,26,204,0,0,0,0,0,2,0,2,2,2,2,0,1,2,2,2,0,0,0,0,0,0,0,0,0,0,0,0,0,0,0,0,0,0,0,0,0,0,0,0,0,0,0,0,0,0,0,0,0,0,0,0,0,0,0,0,0,0,2023-11-20 11:28:00
549,549,549,542,8,42,207,202,42,42,48,48,48,42,42,0,0,5,8,0,0,42,0,5,27,27,207,0,0,0,0,0,3,0,3,3,3,3,0,4,2,2,2,0,0,0,0,0,0,0,0,0,0,0,0,0,0,0,0,0,0,0,0,0,0,0,0,0,0,0,0,0,0,0,0,0,0,0,0,0,0,0,0,0,0,2023-11-20 11:30:00
504,504,504,508,0,42,214,211,42,42,20,20,20,42,42,0,0,3,0,0,0,42,0,3,28,28,214,0,0,0,0,0,4,0,4,4,4,4,0,1,2,2,2,0,0,0,0,0,0,0,0,0,0,0,0,0,0,0,0,0,0,0,0,0,0,0,0,0,0,0,0,0,0,0,0,0,0,0,0,0,0,0,0,0,0,2023-11-20 11:32:00
525,525,525,516,7,48,209,207,48,48,42,42,42,48,48,0,0,2,7,0,0,48,0,2,27,27,209,0,0,0,0,0,3,0,3,3,3,3,0,9,2,2,2,0,0,0,0,0,0,0,0,0,0,0,0,0,0,0,0,0,0,0,0,0,0,0,0,0,0,0,0,0,0,0,0,0,0,0,0,0,0,0,0,0,0,2023-11-20 11:34:00
538,538,538,544,0,53,207,206,52,52,39,39,39,52,52,0,0,1,0,0,0,52,0,1,26,26,207,0,0,0,0,0,2,0,2,2,2,2,0,3,2,2,2,0,0,0,0,0,0,0,0,0,0,0,0,0,0,0,0,0,0,0,0,0,0,0,0,0,0,0,0,0,0,0,0,0,0,0,0,0,0,0,0,0,0,2023-11-20 11:36:00
564,564,564,565,7,41,214,210,42,42,38,38,38,42,42,0,0,4,7,0,0,42,0,4,29,29,214,0,0,0,0,0,5,0,5,5,5,5,0,2,2,2,2,0,0,0,0,0,0,0,0,0,0,0,0,0,0,0,0,0,0,0,0,0,0,0,0,0,0,0,0,0,0,0,0,0,0,0,0,0,0,0,0,0,0,2023-11-20 11:38:00
509,509,509,503,7,50,200,193,50,50,39,39,39,50,50,0,0,7,7,0,0,50,0,7,27,27,200,0,0,0,0,0,3,0,3,3,3,3,0,3,2,2,2,0,0,0,0,0,0,0,0,1,1,0,0,0,0,0,0,0,0,0,0,0,0,0,0,0,0,0,0,0,0,0,0,0,0,0,0,0,0,0,0,0,0,2023-11-20 11:40:00
582,582,582,585,7,51,217,213,51,51,39,39,39,51,51,0,0,4,7,0,0,51,0,4,26,26,217,0,0,0,0,0,2,0,2,2,2,2,0,4,2,2,2,0,0,0,0,0,0,0,0,0,0,0,0,0,0,0,0,0,0,0,0,0,0,0,0,0,0,0,0,0,0,0,0,0,0,0,0,0,0,0,0,0,0,2023-11-20 11:42:00
518,518,518,521,6,43,213,205,43,43,31,31,31,43,43,0,0,8,6,0,0,43,0,8,27,27,213,0,0,0,0,0,3,0,3,3,3,3,0,0,2,2,2,0,0,0,0,0,0,0,0,0,0,0,0,0,0,0,0,0,0,0,0,0,0,0,0,0,0,0,0,0,0,0,0,0,0,0,0,0,0,0,0,0,0,2023-11-20 11:44:00
521,521,521,518,1,49,199,194,49,49,38,38,37,49,49,0,0,5,1,0,0,49,0,5,29,29,199,0,0,0,0,0,5,0,5,5,5,5,0,4,2,2,2,0,0,0,0,0,0,0,1,0,0,0,0,0,0,0,0,0,0,0,0,0,0,0,0,0,0,0,0,0,0,0,0,0,0,0,0,0,0,0,0,0,0,2023-11-20 11:46:00
587,587,587,587,6,33,216,212,33,33,57,57,57,33,33,0,0,4,6,0,0,33,0,4,26,26,216,0,0,0,0,0,2,0,2,2,2,2,0,5,2,2,2,0,0,0,0,0,0,0,0,0,0,0,0,0,0,0,0,0,0,0,0,0,0,0,0,0,0,0,0,0,0,0,0,0,0,0,0,0,0,0,0,0,0,2023-11-20 11:48:00
499,499,499,498,7,39,196,194,39,39,32,32,32,39,39,0,0,2,7,0,0,39,0,2,26,26,196,0,0,0,0,0,2,0,2,2,2,2,0,4,2,2,2,0,0,0,0,0,0,0,0,0,0,0,0,0,0,0,0,0,0,0,0,0,0,0,0,0,0,0,0,0,0,0,0,0,0,0,0,0,0,0,0,0,0,2023-11-20 11:50:00
519,519,519,525,0,45,205,205,45,45,52,52,52,45,45,0,0,0,0,0,0,45,0,0,27,27,205,0,0,0,0,0,3,0,3,3,3,2,0,2,2,2,2,0,0,0,0,0,0,0,0,0,0,0,0,1,0,0,0,0,0,0,0,0,0,0,0,0,0,0,0,0,0,0,0,0,0,0,0,0,0,0,0,0,0,2023-11-20 11:52:00
552,552,552,541,1,48,220,218,48,48,36,36,36,48,48,0,0,2,1,0,0,48,0,2,29,29,220,0,0,0,0,0,5,0,5,5,5,4,0,3,2,2,2,0,0,0,0,0,0,0,0,0,0,0,0,1,0,0,0,0,0,0,0,0,0,0,0,0,0,0,0,0,0,0,0,0,0,0,0,0,0,0,0,0,0,2023-11-20 11:54:00
513,513,513,517,7,29,204,204,29,29,45,45,45,29,29,0,0,0,7,0,0,29,0,0,25,25,204,0,0,0,0,0,2,0,2,2,2,2,0,0,2,2,2,0,0,0,0,0,0,0,0,0,0,0,0,0,0,0,0,0,0,0,0,0,0,0,0,0,0,0,0,0,0,0,0,0,0,0,0,0,0,0,0,0,0,2023-11-20 11:56:00
578,578,578,578,7,62,203,200,62,62,35,35,35,62,62,0,0,3,7,0,0,62,0,3,27,27,203,0,0,0,0,0,3,0,3,3,3,3,0,0,2,2,2,0,0,0,0,0,0,0,0,0,0,0,0,0,0,0,0,0,0,0,0,0,0,0,0,0,0,0,0,0,0,0,0,0,0,0,0,0,0,0,0,0,0,2023-11-20 11:58:00
571,571,571,577,14,52,213,210,52,52,43,43,43,52,52,0,0,3,14,0,0,52,0,3,26,26,213,0,0,0,0,0,2,0,2,2,2,2,0,0,2,2,2,0,0,0,0,0,0,0,0,0,0,0,0,0,0,0,0,0,0,0,0,0,0,0,0,0,0,0,0,0,0,0,0,0,0,0,0,0,0,0,0,0,0,2023-11-20 12:00:00
