get metadata from header,parseDataReportFlag ok,parse metadata,infra.grpc.invoker,DeleteFieldValues <:REQ:>,<:staticStrategies:>,rego exec input:<:MAP:>,build <:*:> [trace.id=<:SEQ:> <:transactionID:> <:spanID:>,computeDeptMembersObjectIDs end,computeOwnObjectIDs end,getDept success,getBackupEmp success,no need or no have tags [trace.id=<:SEQ:> <:transactionID:> <:spanID:>,Depts only have yunzhanghu,funName=concurrentNoPaging run task end,getPermTagsAndValues success,curpkg+name: code.yunzhanghu.com/be/yid/server/grpc/v1/CheckDelay [trace.id=<:SEQ:> <:transactionID:> <:spanID:>,AuthListByName <:<:ChineseInfo:>:>,<:REQ:>,funName=DataCompose,parent node is not exist,no need or no have tags,computeAndCompare same,build <:*:>,build <:*:> <:*:> [trace.id=<:SEQ:> <:transactionID:> <:spanID:>,allNum=<:NUM:>,ClientEnvHandler is <:*:>,<:GIN:>,protection for <:*:> have compare <:NUM:>,no <:*:>,no page <:*:>,superiorAndDeputy empty,no page <:*:> [trace.id=<:SEQ:> <:transactionID:> <:spanID:>,<:ownDeptIDs:>,approve callback start,approve status error,svc.ApproveCallback failed,Response=<:MAP:>,message,loaded policy count:<:NUM:>,<:list modules:>,loadRegoMySQLInterval success,msg,<:deptLeaderManageDeptIDs:>,<:listManageOrgReq:>,<:query signature:>,[GetBaseInfoByEmpID] db ge<:updateFanweiEmployee failed:>,GetBaseInfoByEmpID failed,protection for <:*:> done,query ge<:updateFanweiEmployee failed:>,build <:*:> reply,GetSupervisorPosition success,no api page resources,check failed,protection.ComputeAndDiff failed,error occurred in <:NewAccessRequest:>,callback status error,sign switch is off [trace.id=<:SEQ:> <:transactionID:> <:spanID:>,<:YID:>,[GetAuthorizedDept] getAllDept success,dept inChargeSuperiors is empty,checkCheckPer<:updateFanweiEmployee failed:>,s.getAuthObject objects=[dealer id customer id],checkAndBuildListPermDataReq failed,ListFieldValues failed,p.svc.GetSingleYidSingleFieldPermDat<:updateFanweiEmployee failed:>,<:tagID:>,token check failed,timestamp
4726,4726,4726,4729,1841,24,205,167,24,24,123,123,24,114,0,24,0,38,1841,0,0,24,0,205,38,0,54,54,0,0,0,9,0,0,2,2,2,16,2,2,2,2,0,0,0,42,0,0,0,0,0,0,0,0,0,0,0,0,0,0,0,0,0,0,0,0,0,0,2023-11-08 14:10:00
4718,4718,4719,4718,1833,24,186,141,24,24,116,116,24,113,0,24,0,45,1833,0,0,24,0,186,45,0,28,28,0,0,0,3,0,0,4,4,4,4,4,2,2,2,0,0,0,0,0,0,0,0,0,0,0,0,0,0,0,0,0,0,0,0,0,0,0,0,0,0,2023-11-08 14:12:00
4734,4734,4733,4734,1838,24,287,139,24,24,121,121,24,113,0,24,0,148,1838,0,0,24,0,287,148,0,26,26,0,0,0,8,0,0,2,2,2,2,2,2,2,2,0,0,0,0,0,0,0,0,0,0,0,0,0,0,0,0,0,0,0,0,0,0,0,0,0,0,2023-11-08 14:14:00
4748,4748,4748,4748,1843,24,192,138,24,24,123,123,24,114,0,24,0,54,1843,0,0,24,0,192,54,0,26,26,0,0,0,9,0,0,2,2,2,2,2,2,2,2,4,0,0,0,0,0,0,0,0,0,0,0,0,0,0,0,0,0,0,0,0,0,0,0,0,0,2023-11-08 14:16:00
4747,4747,4747,4747,1847,22,178,141,22,22,120,120,22,114,0,22,0,37,1847,0,0,22,0,178,37,0,28,28,0,0,0,6,0,0,4,4,4,4,4,2,2,2,0,0,0,0,0,0,0,0,0,0,0,0,0,0,0,0,0,0,0,0,0,0,0,0,0,0,2023-11-08 14:18:00
4755,4755,4755,4755,1849,24,175,140,24,24,122,122,24,114,0,24,0,35,1849,0,0,24,0,175,35,0,26,26,0,0,0,7,0,0,2,2,2,2,2,2,2,2,3,0,0,0,0,0,0,0,0,1,0,0,0,0,0,0,0,0,0,0,0,0,0,0,0,0,2023-11-08 14:20:00
3015,3015,3024,3014,308,17,170,133,17,17,116,116,17,107,0,17,0,37,308,0,0,17,0,170,37,0,26,26,0,0,0,8,0,0,2,2,2,2,2,2,2,2,4,0,0,0,0,0,0,0,0,1,0,0,0,0,0,0,0,0,0,0,0,0,0,0,0,0,2023-11-08 14:22:00
2865,2865,2864,2866,14,17,169,138,17,17,120,120,17,114,0,17,0,31,14,0,0,17,0,169,31,0,26,26,0,0,0,6,0,0,2,2,2,2,2,2,2,2,0,0,0,0,0,0,0,0,0,0,0,0,0,0,0,0,0,0,0,0,0,0,0,0,0,0,2023-11-08 14:24:00
2895,2895,2896,2896,14,18,191,142,18,18,116,116,18,114,0,18,0,49,14,0,0,18,0,191,49,0,28,28,0,0,0,2,0,0,4,4,4,4,4,2,2,2,0,0,0,0,0,0,0,0,0,0,0,0,0,0,0,0,0,0,0,0,0,0,0,0,0,0,2023-11-08 14:26:00
2892,2892,2892,2893,14,17,181,139,17,17,121,121,17,114,0,17,0,42,14,0,0,17,0,181,42,0,26,26,0,0,0,7,0,0,2,2,2,2,2,2,2,2,0,0,0,0,0,0,0,0,0,0,0,0,0,0,0,0,0,0,0,0,0,0,0,0,0,0,2023-11-08 14:28:00
2895,2895,2895,2895,14,23,181,140,23,23,123,123,23,115,0,23,0,41,14,0,0,23,0,181,41,0,26,26,0,0,0,7,0,0,2,2,2,2,2,2,2,2,0,0,0,0,0,0,0,0,0,1,0,0,0,0,0,0,0,0,0,0,0,0,0,0,0,0,2023-11-08 14:30:00
2908,2908,2907,2908,14,19,194,139,19,19,125,125,19,115,0,19,0,55,14,0,0,19,0,194,55,0,26,26,0,0,0,8,0,0,2,2,2,2,2,2,2,2,0,0,0,0,0,0,0,0,0,1,0,0,0,0,0,0,0,0,0,0,0,0,0,0,0,0,2023-11-08 14:32:00
2890,2890,2891,2891,14,17,183,141,17,17,123,123,17,114,0,17,0,42,14,0,0,17,0,183,42,0,27,27,0,0,0,9,0,0,3,2,3,3,3,2,2,2,5,0,0,0,0,0,0,0,0,0,0,0,0,0,1,0,0,0,0,0,0,0,0,0,0,0,2023-11-08 14:34:00
2867,2867,2869,2867,14,17,170,139,17,17,116,116,17,113,0,17,0,31,14,0,0,17,0,170,31,0,26,26,0,0,0,3,0,0,2,1,2,2,2,2,2,2,0,0,0,0,0,0,0,0,0,0,0,0,0,0,1,0,0,0,0,0,0,0,0,0,0,0,2023-11-08 14:36:00
2883,2883,2881,2884,14,15,186,139,15,15,121,121,15,114,0,15,0,47,14,0,0,15,0,186,47,0,26,26,0,0,0,6,0,0,2,2,2,2,2,2,2,2,5,0,0,0,0,0,0,0,0,1,0,0,0,0,0,0,0,0,0,0,0,0,0,0,0,0,2023-11-08 14:38:00
2891,2891,2890,2891,14,22,180,139,22,22,120,120,22,115,0,22,0,41,14,0,0,22,0,180,41,0,26,26,0,0,0,5,0,0,2,2,2,2,2,2,2,2,0,0,0,0,0,0,0,0,0,0,0,0,0,0,0,0,0,0,0,0,0,0,0,0,0,0,2023-11-08 14:40:00
