get metadata from header,parseDataReportFlag ok,parse metadata,infra.grpc.invoker,DeleteFieldValues <:REQ:>,<:staticStrategies:>,rego exec input:<:MAP:>,build <:*:> [trace.id=<:SEQ:> <:transactionID:> <:spanID:>,computeDeptMembersObjectIDs end,computeOwnObjectIDs end,getDept success,getBackupEmp success,no need or no have tags [trace.id=<:SEQ:> <:transactionID:> <:spanID:>,Depts only have yunzhanghu,funName=concurrentNoPaging run task end,getPermTagsAndValues success,curpkg+name: code.yunzhanghu.com/be/yid/server/grpc/v1/CheckDelay [trace.id=<:SEQ:> <:transactionID:> <:spanID:>,AuthListByName <:<:ChineseInfo:>:>,<:REQ:>,funName=DataCompose,parent node is not exist,no need or no have tags,computeAndCompare same,build <:*:>,build <:*:> <:*:> [trace.id=<:SEQ:> <:transactionID:> <:spanID:>,allNum=<:NUM:>,ClientEnvHandler is <:*:>,<:GIN:>,protection for <:*:> have compare <:NUM:>,no <:*:>,no page <:*:>,superiorAndDeputy empty,no page <:*:> [trace.id=<:SEQ:> <:transactionID:> <:spanID:>,<:ownDeptIDs:>,approve callback start,approve status error,svc.ApproveCallback failed,Response=<:MAP:>,message,loaded policy count:<:NUM:>,<:list modules:>,loadRegoMySQLInterval success,msg,<:deptLeaderManageDeptIDs:>,<:listManageOrgReq:>,<:query signature:>,[GetBaseInfoByEmpID] db ge<:updateFanweiEmployee failed:>,GetBaseInfoByEmpID failed,protection for <:*:> done,query ge<:updateFanweiEmployee failed:>,build <:*:> reply,GetSupervisorPosition success,no api page resources,check failed,protection.ComputeAndDiff failed,error occurred in <:NewAccessRequest:>,callback status error,sign switch is off [trace.id=<:SEQ:> <:transactionID:> <:spanID:>,<:YID:>,[GetAuthorizedDept] getAllDept success,dept inChargeSuperiors is empty,checkCheckPer<:updateFanweiEmployee failed:>,s.getAuthObject objects=[dealer id customer id],checkAndBuildListPermDataReq failed,ListFieldValues failed,p.svc.GetSingleYidSingleFieldPermDat<:updateFanweiEmployee failed:>,<:tagID:>,token check failed,timestamp
3604,3604,3624,3604,1374,20,169,124,20,20,103,103,20,94,0,20,0,45,1374,0,0,20,0,169,45,0,26,26,0,0,0,9,0,0,2,1,2,2,2,2,2,2,0,0,0,0,0,0,0,0,0,0,0,0,0,0,1,0,0,0,0,0,0,0,0,0,0,0,2023-11-08 11:10:00
303,303,304,303,14,9,165,138,9,9,13,13,9,5,0,9,0,27,14,0,0,9,0,165,27,0,26,26,0,0,0,8,0,0,2,1,2,2,2,2,2,2,0,0,0,0,0,0,0,0,0,0,0,0,0,0,1,0,0,0,0,0,0,0,0,0,0,0,2023-11-08 11:12:00
329,329,329,329,14,11,275,141,11,11,16,16,11,8,0,11,0,134,14,0,0,11,0,275,134,0,28,28,0,0,0,8,0,0,4,4,4,4,4,2,2,2,0,0,0,0,0,0,0,0,0,0,0,0,0,0,0,0,0,0,0,0,0,0,0,0,0,0,2023-11-08 11:14:00
246,246,246,246,14,5,167,136,5,5,23,23,5,15,0,5,0,31,14,0,0,5,0,167,31,0,25,25,0,0,0,8,0,0,2,2,2,2,2,2,2,2,0,0,0,0,0,0,0,0,0,0,0,0,0,0,0,0,0,0,0,0,0,0,0,0,0,0,2023-11-08 11:16:00
316,316,316,316,14,17,189,137,17,17,10,10,17,4,0,17,0,52,14,0,0,17,0,189,52,0,26,26,0,0,0,6,0,0,2,2,2,2,2,2,2,2,0,0,0,0,1,1,0,0,0,0,0,0,0,0,0,0,0,0,1,0,0,0,0,0,0,0,2023-11-08 11:18:00
308,308,309,308,14,11,182,139,11,11,16,16,11,5,0,11,0,43,14,0,0,11,0,182,43,0,26,26,0,0,0,11,0,0,2,2,2,2,2,2,2,2,0,0,0,0,1,1,0,0,0,0,0,0,0,0,0,0,0,0,0,0,0,0,0,0,0,0,2023-11-08 11:20:00
295,295,295,295,14,6,180,140,6,6,22,22,6,17,0,6,0,40,14,0,0,6,0,180,40,0,28,28,0,0,0,5,0,0,4,4,4,4,4,2,2,2,4,0,0,0,0,0,0,0,0,0,0,0,0,0,0,0,0,0,0,0,0,0,0,0,0,0,2023-11-08 11:22:00
319,319,320,319,14,16,179,138,16,16,18,18,16,9,0,16,0,41,14,0,0,16,0,179,41,0,26,26,0,0,0,8,0,0,2,2,2,2,2,2,2,2,0,0,0,0,0,0,0,0,0,1,0,0,0,0,0,0,0,0,0,0,0,0,0,0,0,0,2023-11-08 11:24:00
333,333,332,333,14,3,177,138,3,3,20,20,3,15,0,3,0,39,14,0,0,3,0,177,39,0,26,26,0,0,0,5,0,0,2,2,2,2,2,2,2,2,0,0,0,0,0,0,0,0,0,0,0,0,0,0,0,0,0,0,0,0,0,0,0,0,0,0,2023-11-08 11:26:00
286,286,287,286,14,12,176,138,12,12,10,10,12,6,0,12,0,38,14,0,0,12,0,176,38,0,26,26,0,0,0,4,0,0,2,2,2,2,2,2,2,2,0,0,0,0,0,0,0,0,0,0,0,0,0,0,0,0,0,0,0,0,0,0,0,0,0,0,2023-11-08 11:28:00
318,318,318,318,14,11,172,140,11,11,20,20,11,9,0,11,0,32,14,0,0,11,0,172,32,0,28,28,0,0,0,10,0,0,4,4,4,4,4,2,2,2,0,0,0,0,0,0,0,0,0,1,0,0,0,0,0,0,0,0,0,0,0,0,0,0,0,0,2023-11-08 11:30:00
