parseDataReportFlag ok,infra.grpc.invoker,get metadata from header,parse metadata,DeleteFieldValues <:REQ:>,<:staticStrategies:>,rego exec input:<:MAP:>,computeDeptMembersObjectIDs end,computeOwnObjectIDs end,build <:*:> [trace.id=<:SEQ:> <:transactionID:> <:spanID:>,no need or no have tags [trace.id=<:SEQ:> <:transactionID:> <:spanID:>,getDept success,getBackupEmp success,Depts only have yunzhanghu,funName=concurrentNoPaging run task end,<:REQ:>,AuthListByName <:<:ChineseInfo:>:>,getPermTagsAndValues success,curpkg+name: code.yunzhanghu.com/be/yid/server/grpc/v1/CheckDelay [trace.id=<:SEQ:> <:transactionID:> <:spanID:>,funName=DataCompose,no need or no have tags,parent node is not exist,allNum=<:NUM:>,computeAndCompare same,build <:*:>,build <:*:> <:*:> [trace.id=<:SEQ:> <:transactionID:> <:spanID:>,ClientEnvHandler is <:*:>,<:GIN:>,protection for <:*:> have compare <:NUM:>,no page <:*:>,no page <:*:> [trace.id=<:SEQ:> <:transactionID:> <:spanID:>,no <:*:>,msg,Response=<:MAP:>,superiorAndDeputy empty,message,build <:*:> reply,<:ownDeptIDs:>,approve callback start,svc.ApproveCallback failed,approve status error,<:query signature:>,loaded policy count:<:NUM:>,loadRegoMySQLInterval success,<:list modules:>,query ge<:updateFanweiEmployee failed:>,not find dictionary type=<:NUM:>,Dao.GetSession,<:deptLeaderManageDeptIDs:>,<:listManageOrgReq:>,error occurred in <:NewAccessRequest:>,token check failed,protection for <:*:> done,GetSupervisorPosition success,[GetBaseInfoByEmpID] db ge<:updateFanweiEmployee failed:>,GetBaseInfoByEmpID failed,no api page resources,parent deptIDs=[<:SEQ:>],callback status error,sign switch is off [trace.id=<:SEQ:> <:transactionID:> <:spanID:>,<:YID:>,check failed,protection.ComputeAndDiff failed,<:*:> started successfully,ykmsyid <:*:> start kms,[GetAuthorizedDept] getAllDept success,dept inChargeSuperiors is empty,checkCheckPer<:updateFanweiEmployee failed:>,s.getAuthObject objects=[dealer id customer id],checkAndBuildListPermDataReq failed,ListFieldValues failed,p.svc.GetSingleYidSingleFieldPermDat<:updateFanweiEmployee failed:>,<:tagID:>,<:listReq:>,GrpcDataReportInterceptor parse methodSet: <:MAP:>,loadKdConfig success,len(deptYids)=<:NUM:>,len(allDeptMembers)=<:NUM:>,get other dutyCommittee backup employee success,AuthSessionVali<:updateFanweiEmployee failed:>,Dao.NewSession,Login(totp verify) success,"""userID"":""<:SEQ:>""",SendWeChatMarkdownMsg failed,Sending login weChat markdown messag<:updateFanweiEmployee failed:>,ok: true [trace.id=<:SEQ:> <:transactionID:> <:spanID:>,[GetAuthorizedEmp] getAllEmp success count=<:NUM:> [trace.id=<:SEQ:> <:transactionID:> <:spanID:>,version,ykms addr: ykms://yid@ykms:<:NUM:>,ykmsyid DefaultDEK.Error rpc error: code = Unknown desc = <:NUM:>-the kek(name:yid:<:id:>xx,captcha is using redis store,NewRedisStore use GoRediStore,Init noeq success,yos init success,ymsg init success,cuid init success,s.cfg.Prometheus.Interval=<:NUM:>,yid grpc ListFieldValues failed,timestamp
4777,4777,4777,4777,1662,84,226,84,84,210,84,185,185,184,0,1662,16,84,0,0,84,0,0,0,226,16,29,29,0,0,0,0,0,5,1,5,0,0,5,5,5,0,2,2,2,0,0,0,0,0,0,0,0,0,0,0,0,0,0,0,0,0,0,0,0,0,0,0,0,0,0,0,0,0,0,0,0,0,0,0,0,0,0,0,0,0,0,0,0,0,0,0,0,0,0,0,0,0,2023-11-21 14:10:00
4633,4633,4633,4634,1602,97,218,97,97,202,97,182,182,181,0,1602,16,97,0,0,97,0,0,0,218,16,26,26,0,0,0,0,0,2,1,2,0,0,2,2,2,0,2,2,2,0,0,0,0,0,0,0,0,0,1,1,0,0,0,0,0,0,0,0,0,0,0,0,0,0,0,0,0,0,0,0,0,0,0,0,0,0,0,0,0,0,0,0,0,0,0,0,0,0,0,0,0,0,2023-11-21 14:12:00
4627,4627,4627,4626,1596,92,216,92,92,204,92,184,184,184,0,1596,12,92,0,0,92,0,0,0,216,12,27,27,0,0,0,0,0,3,0,3,0,0,3,3,3,0,2,2,2,0,0,0,0,0,0,0,0,0,0,0,0,0,0,0,0,0,0,0,0,0,0,0,0,0,0,0,0,0,0,0,0,0,0,0,0,0,0,0,0,0,0,0,0,0,0,0,0,0,0,0,0,0,2023-11-21 14:14:00
4536,4536,4536,4538,1565,92,222,92,92,201,92,181,181,180,0,1565,21,92,0,0,92,0,0,0,222,21,29,29,0,0,0,0,0,5,1,5,0,0,5,5,5,0,2,2,2,0,0,0,0,0,0,0,0,0,0,0,0,0,0,0,0,0,0,0,0,0,0,0,0,0,0,0,0,0,0,0,0,0,0,0,0,0,0,0,0,0,0,0,0,0,0,0,0,0,0,0,0,0,2023-11-21 14:16:00
4656,4656,4656,4654,1593,103,221,98,98,201,98,186,186,186,1,1594,20,97,0,0,98,0,0,0,221,20,26,26,0,0,0,0,0,2,0,2,0,0,2,2,2,0,2,2,2,0,0,0,0,0,0,0,0,0,0,0,0,0,0,0,0,0,0,0,0,0,0,0,0,0,0,0,0,0,0,0,0,0,0,0,0,0,0,0,0,0,0,0,0,0,0,0,0,0,0,0,0,0,2023-11-21 14:18:00
4658,4658,4658,4658,1609,81,234,81,81,216,81,174,174,173,0,1609,18,81,0,0,81,0,0,0,234,18,27,27,0,0,0,0,0,3,0,3,0,0,3,3,3,0,2,2,2,0,0,0,0,0,0,0,0,1,0,0,0,0,0,0,0,0,0,0,0,0,0,0,0,0,0,0,0,0,0,0,0,0,0,0,0,0,0,0,0,0,0,0,0,0,0,0,0,0,0,0,0,0,2023-11-21 14:20:00
4900,4900,4900,4901,1706,85,233,85,85,203,85,189,189,189,0,1706,31,85,0,1,85,0,0,0,233,30,26,26,0,0,0,0,0,2,0,2,0,0,2,2,2,0,2,2,2,0,0,0,0,0,0,0,0,0,1,1,0,0,0,0,0,0,0,0,0,0,0,0,0,0,0,0,0,0,0,0,0,0,0,0,0,0,0,0,0,0,0,0,0,0,0,0,0,0,0,0,0,0,2023-11-21 14:22:00
5143,5143,5143,5142,1835,97,227,97,97,209,97,186,186,184,0,1835,20,97,0,2,97,0,0,0,227,18,29,29,0,0,0,0,0,5,1,5,0,0,5,5,5,0,2,2,2,0,0,0,0,0,0,0,0,1,2,2,0,0,0,0,0,0,0,0,0,0,0,0,0,0,0,0,0,0,0,0,0,0,0,0,0,0,0,0,0,0,0,0,0,0,0,0,0,0,0,0,0,0,2023-11-21 14:24:00
5179,5179,5179,5179,1829,98,234,98,98,211,98,198,198,196,0,1829,23,98,0,0,98,0,0,0,234,23,26,26,0,0,0,0,3,2,1,2,0,0,2,2,2,0,2,2,2,0,0,0,0,0,0,0,0,1,0,0,0,0,0,0,0,0,0,0,0,0,0,0,0,0,0,0,0,0,0,0,0,0,0,0,0,0,0,0,0,0,0,0,0,0,0,0,0,0,0,0,0,0,2023-11-21 14:26:00
5099,5099,5099,5099,1804,97,218,97,97,197,97,184,184,183,0,1804,21,97,0,0,97,0,0,0,218,21,27,27,0,0,0,0,0,3,1,3,0,0,3,3,2,0,2,2,2,0,0,0,0,0,0,0,0,0,0,0,0,0,1,0,0,0,0,0,0,0,0,0,0,0,0,0,0,0,0,0,0,0,0,0,0,0,0,0,0,0,0,0,0,0,0,0,0,0,0,0,0,0,2023-11-21 14:28:00
5045,5045,5045,5045,1802,89,219,89,89,200,89,188,188,186,0,1802,19,89,0,0,89,0,0,0,219,19,26,26,0,0,0,0,0,2,1,2,0,0,2,2,2,0,2,2,2,0,0,0,0,0,0,0,0,1,0,0,0,0,0,0,0,0,0,0,0,0,0,0,0,0,0,0,0,0,0,0,0,0,0,0,0,0,0,0,0,0,0,0,0,0,0,0,0,0,0,0,0,0,2023-11-21 14:30:00
5051,5051,5051,5052,1798,101,228,101,101,201,101,169,169,169,0,1798,27,101,0,0,101,0,0,0,228,27,27,27,0,0,0,0,0,3,0,3,0,0,3,3,2,0,2,2,2,0,0,0,0,0,0,0,0,0,0,0,0,0,1,0,1,0,0,0,0,1,0,0,0,0,0,0,0,0,0,0,0,0,0,0,0,0,0,0,0,0,0,0,0,0,0,0,0,0,0,0,0,0,2023-11-21 14:32:00
5015,5015,5015,5016,1779,83,334,83,83,209,83,182,182,182,0,1779,125,83,0,0,83,0,0,0,334,125,29,29,0,0,0,0,0,5,0,5,0,0,5,5,5,0,2,2,2,0,0,0,0,0,0,0,0,0,0,0,0,0,0,0,0,0,0,0,0,0,0,0,0,0,0,0,0,0,0,0,0,0,0,0,0,0,0,0,0,0,0,0,0,0,0,0,0,0,0,0,0,0,2023-11-21 14:34:00
5005,5005,5005,5003,1759,96,228,96,96,199,96,186,186,185,0,1759,29,96,0,0,96,0,0,0,228,29,26,26,0,0,0,0,0,2,1,2,0,0,2,2,2,0,2,2,2,0,0,0,0,0,0,0,0,0,0,0,0,0,0,0,0,0,0,0,0,0,0,0,0,0,0,0,0,0,0,0,0,0,0,0,0,0,0,0,0,0,0,0,0,0,0,0,0,0,0,0,0,0,2023-11-21 14:36:00
4994,4994,4994,4994,1772,91,223,91,91,197,91,180,180,178,0,1772,26,91,0,0,91,0,0,0,223,26,27,27,0,0,0,0,0,3,2,3,0,0,3,3,3,0,2,2,2,0,0,0,0,0,0,0,0,0,1,1,0,0,0,0,0,0,0,0,0,0,0,0,0,0,0,0,0,0,0,0,0,0,0,0,0,0,0,0,0,0,0,0,0,0,0,0,0,0,0,0,0,0,2023-11-21 14:38:00
4969,4969,4969,4970,1760,91,334,91,91,214,91,179,179,177,0,1760,120,91,0,0,91,0,0,0,334,120,26,26,0,0,0,0,0,2,1,2,0,0,2,2,2,0,2,2,2,0,0,0,0,0,0,0,0,0,1,1,0,0,0,0,0,0,0,0,0,0,0,0,0,0,0,0,0,0,0,0,0,0,0,0,0,0,0,0,0,0,0,0,0,0,0,0,0,0,0,0,0,0,2023-11-21 14:40:00
4963,4963,4963,4962,1754,93,223,93,93,202,93,180,180,179,0,1754,21,93,0,0,93,0,0,0,223,21,29,29,0,0,0,0,0,5,0,5,0,0,5,5,5,0,2,2,2,0,0,0,0,0,0,0,0,1,0,0,0,0,0,0,0,0,0,0,0,0,0,0,0,0,0,0,0,0,0,0,0,0,0,0,0,0,0,0,0,0,0,0,0,0,0,0,0,0,0,0,0,0,2023-11-21 14:42:00
4959,4959,4959,4959,1748,91,219,91,91,204,91,179,179,178,0,1748,15,91,0,0,91,0,0,0,219,15,27,27,0,0,0,0,0,3,1,3,0,0,3,3,3,0,2,2,2,0,0,0,0,0,0,0,0,0,1,1,0,0,0,0,0,0,0,0,0,0,0,0,0,0,0,0,0,0,0,0,0,0,0,0,0,0,0,0,0,0,0,0,0,0,0,0,0,0,0,0,0,0,2023-11-21 14:44:00
4460,4460,4460,4470,1676,79,224,79,79,202,79,153,153,152,0,1676,22,79,0,0,79,0,0,0,224,22,26,26,0,0,0,0,0,2,1,2,0,0,2,2,2,0,2,2,2,0,0,0,0,0,0,0,0,0,0,0,0,0,0,0,0,0,0,0,0,0,0,0,0,0,0,0,0,0,0,0,0,0,0,0,0,0,0,0,0,0,0,0,0,0,0,0,0,0,0,0,0,0,2023-11-21 14:46:00
2859,2859,2859,2861,1801,84,217,84,84,203,84,73,73,71,0,1801,14,84,0,0,84,0,0,0,217,14,27,27,0,0,0,0,0,3,2,3,0,0,3,3,3,0,2,2,2,0,0,0,0,0,0,0,0,0,0,0,0,0,0,0,0,0,0,0,0,0,0,0,0,0,0,0,0,0,0,0,0,0,0,0,0,0,0,0,0,0,0,0,0,0,0,0,0,0,0,0,0,0,2023-11-21 14:48:00
2911,2911,2911,2915,1791,99,216,99,99,198,99,78,78,78,0,1791,18,99,0,0,99,0,0,0,216,18,28,28,0,0,0,0,0,4,0,4,0,0,4,4,4,0,2,2,2,0,0,0,0,0,0,0,0,0,0,0,0,0,0,0,0,0,0,0,0,0,0,0,0,0,0,0,0,0,0,0,0,0,0,0,0,0,0,0,0,0,0,0,0,0,0,0,0,0,0,0,0,0,2023-11-21 14:50:00
2898,2898,2898,2898,1799,99,230,99,99,205,99,71,71,69,0,1799,25,99,0,0,99,0,0,0,230,25,27,27,0,0,0,0,0,3,1,3,0,0,3,3,2,0,2,2,2,0,0,0,0,0,0,0,0,1,1,1,0,0,1,0,0,0,0,0,0,0,0,0,0,0,0,0,0,0,0,0,0,0,0,0,0,0,0,0,0,0,0,0,0,0,0,0,0,0,0,0,0,0,2023-11-21 14:52:00
2886,2886,2886,2882,1772,108,226,107,107,209,107,74,74,72,0,1772,17,107,0,0,107,0,0,0,226,17,28,28,0,0,0,0,0,3,2,2,0,0,2,2,2,3,2,2,2,0,0,0,0,0,0,0,0,0,0,0,0,0,0,0,0,0,0,0,0,0,0,0,0,0,0,0,0,0,0,0,0,0,0,0,0,0,0,0,0,0,0,0,0,0,0,0,0,0,0,0,0,0,2023-11-21 14:54:00
2810,2810,2810,2812,1690,87,217,87,87,196,87,72,72,72,0,1690,21,87,0,0,87,0,0,0,217,21,26,26,0,0,0,0,0,2,0,2,0,0,2,2,2,0,2,2,2,0,0,0,0,0,0,0,0,0,0,0,0,0,0,0,0,0,0,0,0,0,0,0,0,0,0,0,0,0,0,0,0,0,0,0,0,0,0,0,0,0,0,0,0,0,0,0,0,0,0,0,0,0,2023-11-21 14:56:00
2801,2801,2801,2800,1710,94,224,95,95,195,95,75,75,74,0,1710,29,95,0,0,95,0,0,0,224,29,29,29,0,0,0,0,0,5,1,5,0,0,5,5,5,0,2,2,2,0,0,0,0,0,0,0,0,0,1,1,0,0,0,0,0,0,0,0,0,0,0,0,0,0,0,0,0,0,0,0,0,0,0,0,0,0,0,0,0,0,0,0,0,0,0,0,0,0,0,0,0,0,2023-11-21 14:58:00
2776,2776,2776,2779,1697,88,323,88,88,202,88,79,79,76,0,1697,121,88,0,0,88,0,0,0,323,121,27,27,0,0,0,0,0,3,2,3,0,0,3,3,3,0,2,2,2,0,0,0,0,0,0,0,0,1,0,0,0,0,0,0,0,0,0,0,0,0,0,0,0,0,0,0,0,0,0,0,0,0,0,0,0,0,0,0,0,0,0,0,0,0,0,0,0,0,0,0,0,0,2023-11-21 15:00:00
2919,2919,2919,2917,1771,100,238,100,100,216,100,85,85,83,0,1771,22,100,0,0,100,0,0,0,238,22,26,26,0,0,0,0,0,2,2,2,0,0,2,2,2,0,2,2,2,0,0,0,0,0,0,0,0,0,1,1,0,0,0,0,0,0,0,0,0,0,0,0,0,0,0,0,0,0,0,0,0,0,0,0,0,0,0,0,0,0,0,0,0,0,0,0,0,0,0,0,0,0,2023-11-21 15:02:00
2902,2902,2902,2899,1788,87,218,87,87,197,87,72,72,70,0,1788,21,87,0,0,87,0,0,0,218,21,27,27,0,0,0,0,0,3,1,3,0,0,3,3,3,0,2,2,2,0,0,0,0,0,0,0,0,1,0,0,0,0,0,0,0,0,0,0,0,0,0,0,0,0,0,0,0,0,0,0,0,0,0,0,0,0,0,0,0,0,0,0,0,0,0,0,0,0,0,0,0,0,2023-11-21 15:04:00
2911,2911,2911,2912,1799,95,210,95,95,204,95,74,74,71,0,1799,6,95,0,0,95,0,0,0,210,6,31,31,0,0,0,0,0,6,1,5,0,0,5,5,5,3,2,2,2,0,0,0,0,0,0,0,0,0,0,0,0,0,0,0,0,0,0,0,0,0,0,0,0,0,0,0,0,0,0,0,0,0,0,0,0,0,0,0,0,0,0,0,0,0,0,0,0,0,0,0,0,0,2023-11-21 15:06:00
2922,2922,2922,2922,1784,97,240,97,97,214,97,67,67,66,0,1784,26,97,0,0,97,0,0,0,240,26,26,26,0,0,0,0,0,2,0,2,0,0,2,2,2,0,2,2,2,0,0,0,0,0,0,0,0,0,0,0,0,0,0,0,0,0,0,0,0,0,0,0,0,0,0,0,0,0,0,0,0,0,0,0,0,0,0,0,0,0,0,0,0,0,0,0,0,0,0,0,0,0,2023-11-21 15:08:00
2903,2903,2903,2907,1807,92,223,92,92,203,92,85,85,85,0,1807,20,92,0,0,92,0,0,0,223,20,27,27,0,0,0,0,0,3,0,3,0,0,3,3,2,0,2,2,2,0,0,0,0,0,0,0,0,0,0,0,0,0,1,0,0,0,0,0,0,0,0,0,0,0,0,0,0,0,0,0,0,0,0,0,0,0,0,0,0,0,0,0,0,0,0,0,0,0,0,0,0,0,2023-11-21 15:10:00
2917,2917,2917,2916,1788,76,230,76,76,201,76,92,92,91,0,1788,29,75,0,0,76,0,0,0,230,28,29,29,0,0,0,1,0,5,0,5,1,0,4,4,4,0,2,2,2,0,0,0,0,0,0,0,0,1,0,0,0,0,0,1,0,0,0,0,0,0,0,0,0,0,0,0,0,0,0,0,0,0,0,0,0,0,0,0,0,0,0,0,0,0,0,0,0,0,0,0,0,0,2023-11-21 15:12:00
2873,2873,2873,2872,1782,86,231,86,86,207,86,80,80,80,0,1782,24,87,0,0,86,0,0,0,231,24,27,27,0,0,0,0,0,3,0,3,0,0,3,3,2,0,2,2,2,0,0,0,0,0,0,0,0,0,0,0,0,0,1,0,0,0,0,0,0,0,0,0,0,0,0,0,0,0,0,0,0,0,0,0,0,0,0,0,0,0,0,0,0,0,0,0,0,0,0,0,0,0,2023-11-21 15:14:00
2908,2908,2908,2907,1791,90,245,90,90,214,90,64,64,62,0,1791,31,90,0,0,90,0,0,0,245,31,26,26,0,0,0,0,0,2,0,2,0,0,2,2,2,0,2,2,2,0,0,0,0,0,0,0,0,0,1,1,0,0,0,0,0,0,0,0,0,0,0,0,0,0,0,0,0,0,0,0,0,0,0,0,0,0,0,0,0,0,0,0,0,0,0,0,0,0,0,0,0,0,2023-11-21 15:16:00
2921,2921,2921,2923,1806,96,223,96,96,203,96,74,74,71,0,1806,20,96,0,0,96,0,0,0,223,20,27,27,0,0,0,0,0,3,2,3,0,0,3,3,3,0,2,2,2,0,0,0,0,0,0,0,0,0,0,0,0,0,0,0,0,0,0,0,0,0,0,0,0,0,0,0,0,0,0,0,0,0,0,0,0,0,0,0,0,0,0,0,0,0,0,0,0,0,0,0,0,0,2023-11-21 15:18:00
2947,2947,2947,2945,1810,96,230,96,96,217,96,82,82,80,0,1810,13,96,0,0,96,0,0,0,230,13,29,29,0,0,0,0,0,5,0,5,0,0,5,5,5,0,2,2,2,0,0,0,0,0,0,0,0,1,0,0,0,0,0,0,0,0,0,0,0,0,0,0,0,0,0,0,0,0,0,0,0,0,0,0,0,0,0,0,0,0,0,0,0,0,0,0,0,0,0,0,0,0,2023-11-21 15:20:00
2897,2897,2897,2895,1792,95,214,95,95,199,95,65,65,63,0,1792,15,95,0,0,95,0,0,0,214,15,26,26,0,0,0,0,0,2,2,2,0,0,2,2,2,0,2,2,2,0,0,0,0,0,0,0,0,0,0,0,0,0,0,0,0,0,0,0,0,0,0,0,0,0,0,0,0,0,0,0,0,0,0,0,0,0,0,0,0,0,0,0,0,0,0,0,0,0,0,0,0,0,2023-11-21 15:22:00
2951,2951,2951,2956,1796,88,220,88,88,203,88,76,76,76,0,1796,17,88,0,0,88,0,0,0,220,17,27,27,0,0,0,0,0,3,0,3,0,0,3,3,3,0,2,2,2,0,0,0,0,0,0,0,0,0,0,0,0,0,0,0,0,0,0,0,0,0,0,0,0,0,0,0,0,0,0,0,0,0,0,0,0,0,0,0,0,0,0,0,0,0,0,0,0,0,0,0,0,0,2023-11-21 15:24:00
2938,2938,2938,2937,1803,98,228,98,98,207,98,94,94,93,0,1803,21,98,0,0,98,0,0,0,228,21,26,26,0,0,0,0,0,2,0,2,0,0,2,2,2,0,2,2,2,0,0,0,0,0,0,0,0,1,1,1,0,0,0,0,0,0,0,0,0,0,0,0,0,0,0,0,0,0,0,0,0,0,0,0,0,0,0,0,0,0,0,0,0,0,0,0,0,0,0,0,0,0,2023-11-21 15:26:00
2975,2975,2975,2973,1830,88,231,88,88,208,88,63,63,61,0,1830,23,88,0,0,88,0,0,0,231,23,29,29,0,0,0,0,0,5,1,5,0,0,5,5,5,0,2,2,2,0,0,0,0,0,0,0,0,1,0,0,0,0,0,0,0,0,0,0,0,0,0,0,0,0,0,0,0,0,0,0,0,0,0,0,0,0,0,0,0,0,0,0,0,0,0,0,0,0,0,0,0,0,2023-11-21 15:28:00
2992,2992,2992,2989,1836,99,236,99,99,207,99,78,78,77,0,1836,29,99,0,0,99,0,0,0,236,29,27,27,0,0,0,0,0,3,1,3,0,0,3,3,3,0,2,2,2,0,0,0,0,0,0,0,0,0,0,0,0,0,0,0,0,0,0,0,0,0,0,0,0,0,0,0,0,0,0,0,0,0,0,0,0,0,0,0,0,0,0,0,0,0,0,0,0,0,0,0,0,0,2023-11-21 15:30:00
2957,2957,2957,2962,1822,94,222,94,94,203,94,63,63,62,0,1822,19,94,0,0,94,0,0,0,222,19,26,26,0,0,0,0,0,2,1,2,0,0,2,2,2,0,2,2,2,0,0,0,0,0,0,0,0,0,0,0,0,0,0,0,0,0,0,0,0,0,0,0,0,0,0,0,0,0,0,0,0,0,0,0,0,0,0,0,0,0,0,0,0,0,0,0,0,0,0,0,0,0,2023-11-21 15:32:00
2979,2979,2979,2977,1828,89,231,89,89,212,89,74,74,74,0,1828,19,89,0,0,89,0,0,0,231,19,27,27,0,0,0,0,0,3,0,3,0,0,3,3,2,0,2,2,2,0,0,0,0,0,0,0,0,0,1,1,0,0,1,0,0,0,0,0,0,0,0,0,0,0,0,0,0,0,0,0,0,0,0,0,0,0,0,0,0,0,0,0,0,0,0,0,0,0,0,0,0,0,2023-11-21 15:34:00
2925,2925,2925,2924,1822,95,239,95,95,212,95,67,67,67,0,1822,27,95,0,0,95,0,0,0,239,27,28,28,0,0,0,0,0,4,0,4,0,0,4,4,4,0,2,2,2,0,0,0,0,0,0,0,0,0,0,0,0,0,0,0,0,0,0,0,0,0,0,0,0,0,0,0,0,0,0,0,0,0,0,0,0,0,0,0,0,0,0,0,0,0,0,0,0,0,0,0,0,0,2023-11-21 15:36:00
2939,2939,2939,2942,1824,95,225,95,95,203,95,72,72,71,0,1824,22,95,0,0,95,0,0,0,225,22,27,27,0,0,0,0,0,3,1,3,0,0,3,3,2,0,2,2,2,0,0,0,0,0,0,0,0,0,0,0,0,0,1,0,0,0,0,0,0,0,0,0,0,0,0,0,0,0,0,0,0,0,0,0,0,0,0,0,0,0,0,0,0,0,0,0,0,0,0,0,0,0,2023-11-21 15:38:00
2945,2945,2945,2941,1813,89,238,89,89,219,89,78,78,75,0,1813,19,89,0,0,89,0,0,0,238,19,26,26,0,0,0,0,0,2,2,2,0,0,2,2,2,0,2,2,2,0,0,0,0,0,0,0,0,1,1,1,0,0,0,0,0,0,0,0,0,0,0,0,0,0,0,0,0,0,0,0,0,0,0,0,0,0,0,0,0,0,0,0,0,0,0,0,0,0,0,0,0,0,2023-11-21 15:40:00
2858,2858,2858,2860,1761,93,244,93,93,226,93,70,70,69,0,1761,18,93,0,0,93,0,0,0,244,18,29,29,0,0,0,0,0,5,0,5,0,0,5,5,5,0,2,2,2,0,0,0,0,0,0,0,0,1,0,0,0,0,0,0,0,0,0,0,0,0,0,0,0,0,0,0,0,0,0,0,0,0,0,0,0,0,0,0,0,0,0,0,0,0,0,0,0,0,0,0,0,0,2023-11-21 15:42:00
2934,2934,2934,2934,1829,88,224,88,88,205,88,65,65,64,0,1829,19,88,0,0,88,0,0,0,224,19,27,27,0,0,0,0,0,3,1,3,0,0,3,3,3,0,2,2,2,0,0,0,0,0,0,0,0,0,1,1,0,0,0,0,0,0,0,0,0,0,0,0,0,0,0,0,0,0,0,0,0,0,0,0,0,0,0,0,0,0,0,0,0,0,0,0,0,0,0,0,0,0,2023-11-21 15:44:00
2878,2878,2878,2878,1788,91,226,91,91,204,91,67,67,67,0,1788,22,91,0,0,91,0,0,0,226,22,25,25,0,0,0,0,0,2,0,2,0,0,2,2,2,0,2,2,2,0,0,0,0,0,0,0,0,0,0,0,0,0,0,0,0,0,0,0,0,0,0,0,0,0,0,0,0,0,0,0,0,0,0,0,0,0,0,0,0,0,0,0,0,0,0,0,0,0,0,0,0,0,2023-11-21 15:46:00
2914,2914,2914,2918,1798,100,225,100,100,210,100,68,68,66,0,1798,15,100,0,0,100,0,0,0,225,15,27,27,0,0,0,0,0,3,0,3,0,0,3,3,3,0,2,2,2,0,0,0,0,0,0,0,0,1,0,0,0,0,0,0,0,0,0,0,0,0,0,0,0,0,0,0,0,0,0,0,0,0,0,0,0,0,0,0,0,0,0,0,0,0,0,0,0,0,0,0,0,0,2023-11-21 15:48:00
2855,2855,2855,2855,1751,89,218,89,89,198,89,77,77,76,0,1751,20,89,0,0,89,0,0,0,218,20,29,29,0,0,0,0,0,5,1,5,0,0,5,5,5,0,2,2,2,0,0,0,0,0,0,0,0,0,0,0,0,0,0,0,0,0,0,0,0,0,0,0,0,0,0,0,0,0,0,0,0,0,0,0,0,0,0,0,0,0,0,0,0,0,0,0,0,0,0,0,0,0,2023-11-21 15:50:00
2888,2888,2888,2884,1733,95,234,95,95,215,95,69,69,68,0,1733,19,95,0,0,95,0,0,0,234,19,26,26,0,0,0,0,3,2,0,2,0,0,2,2,2,0,2,2,2,0,0,0,0,0,0,0,0,1,1,1,0,0,0,0,0,0,0,0,0,0,0,0,0,0,0,0,0,0,0,0,0,0,0,0,0,0,0,0,0,0,0,0,0,0,0,0,0,0,0,0,0,0,2023-11-21 15:52:00
2882,2882,2882,2885,1785,97,228,97,97,209,97,77,77,77,0,1785,19,97,0,0,97,0,0,0,228,19,27,27,0,0,0,0,7,3,0,3,0,0,3,3,3,0,2,2,2,0,0,0,0,0,0,0,0,0,0,0,0,0,0,0,0,0,0,0,0,0,0,0,0,0,0,0,0,0,0,0,0,0,0,0,0,0,0,0,0,0,0,0,0,0,0,0,0,0,0,0,0,0,2023-11-21 15:54:00
2932,2932,2932,2933,1821,95,221,95,95,205,95,72,72,70,0,1821,16,95,0,0,95,0,0,0,221,16,26,26,0,0,0,0,0,2,2,2,0,0,2,2,2,0,2,2,2,0,0,0,0,0,0,0,0,0,0,0,0,0,0,0,0,0,0,0,0,0,0,0,0,0,0,0,0,0,0,0,0,0,0,0,0,0,0,0,0,0,0,0,0,0,0,0,0,0,0,0,0,0,2023-11-21 15:56:00
2922,2922,2922,2922,1825,93,233,93,93,208,93,72,72,70,0,1825,25,93,0,0,93,0,0,0,233,25,29,29,0,0,0,0,0,5,0,5,0,0,5,5,4,0,2,2,2,0,0,0,0,0,0,0,0,1,0,0,0,0,1,0,0,0,0,0,0,0,0,0,0,0,0,0,0,0,0,0,0,0,0,0,0,0,0,0,0,0,0,0,0,0,0,0,0,0,0,0,0,0,2023-11-21 15:58:00
2949,2949,2949,2948,1824,84,235,84,84,217,84,72,72,70,0,1824,18,84,0,0,84,0,0,0,235,18,26,26,0,0,0,0,0,2,1,2,0,0,2,2,2,0,2,2,2,0,0,0,0,0,0,0,0,1,0,0,0,0,0,0,0,0,0,0,0,0,0,0,0,0,0,0,0,0,0,0,0,0,0,0,0,0,0,0,0,0,0,0,0,0,0,0,0,0,0,0,0,0,2023-11-21 16:00:00
